2026-09-19 21:31:55.707 NC-TK17-PhysX.dll attached
2026-09-19 21:31:55.763 incoming collision-strength breasts=1.000 butt=1.000 penis=1.000 testicle=1.000
2026-09-19 21:31:55.819 incoming collision-strength breasts=1.000 butt=1.000 penis=1.000 testicle=1.000
2026-09-19 21:31:55.820 PoseEdit file handoff reset-hook installed target=004c8090
2026-09-19 21:31:55.820 PoseEdit file handoff queue-hook installed target=004e6e90
2026-09-19 21:31:55.820 PoseEdit file handoff fade-ready-hook installed target=005fb200
2026-09-19 21:31:55.821 settings slider numeric callback installed target=004ff510 previous=05ca0000
2026-09-19 21:31:55.821 settings slider creation hook installed target=005c34f0 previous=72e84870
2026-09-19 21:31:55.836 sidecar loaded enabled=1 chains=4 path="C:\Users\ErolB\Desktop\Games\TK17\The Klub 17\Addons\Accessory.[NC].NcEarring2 - Heart Earring\Scenes\Shared\Cloth\NcEarring2L.physx.ini"
2026-09-19 21:31:55.847 sidecar loaded enabled=1 chains=4 path="C:\Users\ErolB\Desktop\Games\TK17\The Klub 17\Addons\Accessory.[NC].NcEarring2 - Heart Earring\Scenes\Shared\Cloth\NcEarring2R.physx.ini"
2026-09-19 21:31:55.856 sidecar loaded enabled=1 chains=4 path="C:\Users\ErolB\Desktop\Games\TK17\The Klub 17\Addons\Accessory.[NC].NcEarring5 - Julia Earring\Scenes\Shared\Cloth\NcEarring5L.physx.ini"
2026-09-19 21:31:55.863 sidecar loaded enabled=1 chains=4 path="C:\Users\ErolB\Desktop\Games\TK17\The Klub 17\Addons\Accessory.[NC].NcEarring5 - Julia Earring\Scenes\Shared\Cloth\NcEarring5R.physx.ini"
2026-09-19 21:31:55.876 sidecar loaded enabled=1 chains=4 path="C:\Users\ErolB\Desktop\Games\TK17\The Klub 17\Addons\Accessory.[NC].NcEarring6 - D&G Earrings\Scenes\Shared\Cloth\NcEarring6L.physx.ini"
2026-09-19 21:31:55.889 sidecar loaded enabled=1 chains=4 path="C:\Users\ErolB\Desktop\Games\TK17\The Klub 17\Addons\Accessory.[NC].NcEarring6 - D&G Earrings\Scenes\Shared\Cloth\NcEarring6R.physx.ini"
2026-09-19 21:31:55.928 sidecar loaded enabled=1 chains=4 path="C:\Users\ErolB\Desktop\Games\TK17\The Klub 17\Addons\Clothes.[NC].NcEarring1 & NcRing1 - Leah's Accessory\Scenes\Shared\Cloth\NcEarring1R.physx.ini"
2026-09-19 21:31:55.966 sidecar loaded enabled=1 chains=8 path="C:\Users\ErolB\Desktop\Games\TK17\The Klub 17\Addons\Clothes.[NC].Playboy Accessories Pack\Scenes\Shared\Cloth\NcHat008.physx.ini"
2026-09-19 21:31:56.017 sidecar loaded enabled=1 chains=16 path="C:\Users\ErolB\Desktop\Games\TK17\The Klub 17\Addons\Hair.[NC].NcHair15 - Fiesta\Scenes\Shared\Hair\NcHair15.physx.ini"
2026-09-19 21:31:56.243 sidecar loaded enabled=1 chains=29 path="C:\Users\ErolB\Desktop\Games\TK17\The Klub 17\Addons\Room.[NC].NcRoom6 - Backyard Pool Revamped\Scenes\Luder\Room\NcRoom6\NcRoom6.physx.ini"
2026-09-19 21:31:58.132 incoming collision-strength breasts=1.000 butt=1.000 penis=1.000 testicle=1.000
2026-09-19 21:31:58.133 on_create
2026-09-19 21:32:12.852 performance profile window_ms=6687 frames=2 avg_ms total=8.055 housekeeping=7.391 bindings=0.443 diagnostics=0.024 colliders=0.036 axes=0.013 penis=0.042 penis_ownership=0.000 penis_gravity=0.000 penis_collision=0.000 penis_setup=0.000 penis_orientation=0.000 penis_translation=0.000 penis_solver=0.000 testicles=0.013 testicle_active=0.013 breasts=0.013 breasts_active=0.013 butt=0.016 butt_active=0.015 addons=0.052 addon_activation=0.047 addon_drive=0.000 addon_guard=0.000 addon_parent_pivot=0.000 addon_parent_translation=0.000 addon_parent_rotation=0.000 addon_gravity=0.000 addon_rotation_binding=0.000 addon_validation=0.000 addon_solver=0.000 addon_output=0.000 addon_cache=0.011 late=0.002 late_testicles=0.002 late_breasts=0.000 late_butt=0.000 traverse=0.000 addon_collision_body=0.000 addon_collision_self=0.000 addon_collision_addons=0.000 max_ms total=8.889 colliders=0.053 addons=0.097 calls late=1 traverse=0 body_collision=0 self_collision=0 addons_collision=0
2026-09-19 21:32:12.852 performance profile engine operation=symbols avg_ms=0.000000 max_call_ms=0.000000 calls_per_frame=0.00 window_ms=6687 frames=2 nested=1
2026-09-19 21:32:12.852 performance profile engine operation=find_object avg_ms=0.070700 max_call_ms=0.007700 calls_per_frame=243.00 window_ms=6687 frames=2 nested=1
2026-09-19 21:32:12.852 performance profile engine operation=script_find avg_ms=0.000000 max_call_ms=0.000000 calls_per_frame=0.00 window_ms=6687 frames=2 nested=1
2026-09-19 21:32:12.853 performance profile engine operation=axis_lookup avg_ms=0.017150 max_call_ms=0.007100 calls_per_frame=40.00 window_ms=6687 frames=2 nested=1
2026-09-19 21:32:12.853 performance profile engine operation=pivot_query avg_ms=0.000000 max_call_ms=0.000000 calls_per_frame=0.00 window_ms=6687 frames=2 nested=1
2026-09-19 21:32:12.853 collision profile window_ms=6687 frames=2 avg_ms body_collection=0.000000 body_solve=0.000000 body_position=0.000000 body_refine=0.000000 body_velocity=0.000000 addon_prepare_query=0.000000 addon_coherent_solve=0.000000 addon_visible_solve=0.000000 room_sphere=0.000000 room_sweep=0.000000 room_single=0.000000
2026-09-19 21:32:12.853 collision profile window_ms=6687 frames=2 max_call_ms body_collection=0.000000 body_solve=0.000000 body_position=0.000000 body_refine=0.000000 body_velocity=0.000000 addon_prepare_query=0.000000 addon_coherent_solve=0.000000 addon_visible_solve=0.000000 room_sphere=0.000000 room_sweep=0.000000 room_single=0.000000
2026-09-19 21:32:12.853 collision profile window_ms=6687 frames=2 calls body_collection=0 body_solve=0 body_position=0 body_refine=0 body_velocity=0 addon_prepare_query=0 addon_coherent_solve=0 addon_visible_solve=0 room_sphere=0 room_sweep=0 room_single=0
2026-09-19 21:32:12.853 collision profile window_ms=6687 frames=2 counts body_contacts=0 body_passes=0 body_jacobians=0 body_predictions=0 addon_contacts=0 addon_passes=0 addon_gradients=0 room_nodes=0 room_triangles=0
2026-09-19 21:32:13.834 performance profile window_ms=1000 frames=46886 avg_ms total=0.009 housekeeping=0.000 bindings=0.000 diagnostics=0.000 colliders=0.006 axes=0.000 penis=0.000 penis_ownership=0.000 penis_gravity=0.000 penis_collision=0.000 penis_setup=0.000 penis_orientation=0.000 penis_translation=0.000 penis_solver=0.000 testicles=0.000 testicle_active=0.000 breasts=0.000 breasts_active=0.000 butt=0.000 butt_active=0.000 addons=0.000 addon_activation=0.000 addon_drive=0.000 addon_guard=0.000 addon_parent_pivot=0.000 addon_parent_translation=0.000 addon_parent_rotation=0.000 addon_gravity=0.000 addon_rotation_binding=0.000 addon_validation=0.000 addon_solver=0.000 addon_output=0.000 addon_cache=0.001 late=0.000 late_testicles=0.000 late_breasts=0.000 late_butt=0.000 traverse=0.000 addon_collision_body=0.000 addon_collision_self=0.000 addon_collision_addons=0.000 max_ms total=0.417 colliders=0.225 addons=0.115 calls late=46886 traverse=0 body_collision=0 self_collision=0 addons_collision=0
2026-09-19 21:32:13.834 performance profile engine operation=symbols avg_ms=0.000000 max_call_ms=0.000000 calls_per_frame=0.00 window_ms=1000 frames=46886 nested=1
2026-09-19 21:32:13.835 performance profile engine operation=find_object avg_ms=0.001179 max_call_ms=0.035900 calls_per_frame=8.00 window_ms=1000 frames=46886 nested=1
2026-09-19 21:32:13.835 performance profile engine operation=script_find avg_ms=0.000000 max_call_ms=0.000000 calls_per_frame=0.00 window_ms=1000 frames=46886 nested=1
2026-09-19 21:32:13.835 performance profile engine operation=axis_lookup avg_ms=0.001925 max_call_ms=0.214800 calls_per_frame=8.00 window_ms=1000 frames=46886 nested=1
2026-09-19 21:32:13.835 performance profile engine operation=pivot_query avg_ms=0.000000 max_call_ms=0.000000 calls_per_frame=0.00 window_ms=1000 frames=46886 nested=1
2026-09-19 21:32:13.836 collision profile window_ms=1000 frames=46886 avg_ms body_collection=0.000000 body_solve=0.000000 body_position=0.000000 body_refine=0.000000 body_velocity=0.000000 addon_prepare_query=0.000000 addon_coherent_solve=0.000000 addon_visible_solve=0.000000 room_sphere=0.000000 room_sweep=0.000000 room_single=0.000000
2026-09-19 21:32:13.836 collision profile window_ms=1000 frames=46886 max_call_ms body_collection=0.000000 body_solve=0.000000 body_position=0.000000 body_refine=0.000000 body_velocity=0.000000 addon_prepare_query=0.000000 addon_coherent_solve=0.000000 addon_visible_solve=0.000000 room_sphere=0.000000 room_sweep=0.000000 room_single=0.000000
2026-09-19 21:32:13.836 collision profile window_ms=1000 frames=46886 calls body_collection=0 body_solve=0 body_position=0 body_refine=0 body_velocity=0 addon_prepare_query=0 addon_coherent_solve=0 addon_visible_solve=0 room_sphere=0 room_sweep=0 room_single=0
2026-09-19 21:32:13.836 collision profile window_ms=1000 frames=46886 counts body_contacts=0 body_passes=0 body_jacobians=0 body_predictions=0 addon_contacts=0 addon_passes=0 addon_gradients=0 room_nodes=0 room_triangles=0
2026-09-19 21:32:14.834 performance profile window_ms=1000 frames=48182 avg_ms total=0.009 housekeeping=0.000 bindings=0.000 diagnostics=0.000 colliders=0.006 axes=0.000 penis=0.000 penis_ownership=0.000 penis_gravity=0.000 penis_collision=0.000 penis_setup=0.000 penis_orientation=0.000 penis_translation=0.000 penis_solver=0.000 testicles=0.000 testicle_active=0.000 breasts=0.000 breasts_active=0.000 butt=0.000 butt_active=0.000 addons=0.000 addon_activation=0.000 addon_drive=0.000 addon_guard=0.000 addon_parent_pivot=0.000 addon_parent_translation=0.000 addon_parent_rotation=0.000 addon_gravity=0.000 addon_rotation_binding=0.000 addon_validation=0.000 addon_solver=0.000 addon_output=0.000 addon_cache=0.001 late=0.000 late_testicles=0.000 late_breasts=0.000 late_butt=0.000 traverse=0.000 addon_collision_body=0.000 addon_collision_self=0.000 addon_collision_addons=0.000 max_ms total=0.652 colliders=0.647 addons=0.113 calls late=48182 traverse=0 body_collision=0 self_collision=0 addons_collision=0
2026-09-19 21:32:14.834 performance profile engine operation=symbols avg_ms=0.000000 max_call_ms=0.000000 calls_per_frame=0.00 window_ms=1000 frames=48182 nested=1
2026-09-19 21:32:14.835 performance profile engine operation=find_object avg_ms=0.001178 max_call_ms=0.639300 calls_per_frame=8.00 window_ms=1000 frames=48182 nested=1
2026-09-19 21:32:14.835 performance profile engine operation=script_find avg_ms=0.000000 max_call_ms=0.000000 calls_per_frame=0.00 window_ms=1000 frames=48182 nested=1
2026-09-19 21:32:14.835 performance profile engine operation=axis_lookup avg_ms=0.001907 max_call_ms=0.639400 calls_per_frame=8.00 window_ms=1000 frames=48182 nested=1
2026-09-19 21:32:14.835 performance profile engine operation=pivot_query avg_ms=0.000000 max_call_ms=0.000000 calls_per_frame=0.00 window_ms=1000 frames=48182 nested=1
2026-09-19 21:32:14.835 collision profile window_ms=1000 frames=48182 avg_ms body_collection=0.000000 body_solve=0.000000 body_position=0.000000 body_refine=0.000000 body_velocity=0.000000 addon_prepare_query=0.000000 addon_coherent_solve=0.000000 addon_visible_solve=0.000000 room_sphere=0.000000 room_sweep=0.000000 room_single=0.000000
2026-09-19 21:32:14.835 collision profile window_ms=1000 frames=48182 max_call_ms body_collection=0.000000 body_solve=0.000000 body_position=0.000000 body_refine=0.000000 body_velocity=0.000000 addon_prepare_query=0.000000 addon_coherent_solve=0.000000 addon_visible_solve=0.000000 room_sphere=0.000000 room_sweep=0.000000 room_single=0.000000
2026-09-19 21:32:14.836 collision profile window_ms=1000 frames=48182 calls body_collection=0 body_solve=0 body_position=0 body_refine=0 body_velocity=0 addon_prepare_query=0 addon_coherent_solve=0 addon_visible_solve=0 room_sphere=0 room_sweep=0 room_single=0
2026-09-19 21:32:14.836 collision profile window_ms=1000 frames=48182 counts body_contacts=0 body_passes=0 body_jacobians=0 body_predictions=0 addon_contacts=0 addon_passes=0 addon_gradients=0 room_nodes=0 room_triangles=0
2026-09-19 21:32:20.889 incoming collision-strength breasts=1.000 butt=1.000 penis=1.000 testicle=1.000
2026-09-19 21:32:20.922 performance profile window_ms=5985 frames=376 avg_ms total=0.277 housekeeping=0.273 bindings=0.005 diagnostics=0.000 colliders=0.014 axes=0.015 penis=0.004 penis_ownership=0.000 penis_gravity=0.000 penis_collision=0.000 penis_setup=0.000 penis_orientation=0.000 penis_translation=0.000 penis_solver=0.000 testicles=0.004 testicle_active=0.004 breasts=0.004 breasts_active=0.004 butt=0.004 butt_active=0.004 addons=0.001 addon_activation=0.001 addon_drive=0.000 addon_guard=0.000 addon_parent_pivot=0.000 addon_parent_translation=0.000 addon_parent_rotation=0.000 addon_gravity=0.000 addon_rotation_binding=0.000 addon_validation=0.000 addon_solver=0.000 addon_output=0.000 addon_cache=0.001 late=0.000 late_testicles=0.000 late_breasts=0.000 late_butt=0.000 traverse=0.000 addon_collision_body=0.000 addon_collision_self=0.000 addon_collision_addons=0.000 max_ms total=89.039 colliders=1.563 addons=0.101 calls late=377 traverse=0 body_collision=0 self_collision=0 addons_collision=0
2026-09-19 21:32:20.923 performance profile engine operation=symbols avg_ms=0.000000 max_call_ms=0.000000 calls_per_frame=0.00 window_ms=5985 frames=376 nested=1
2026-09-19 21:32:20.923 performance profile engine operation=find_object avg_ms=0.032069 max_call_ms=0.018500 calls_per_frame=201.19 window_ms=5985 frames=376 nested=1
2026-09-19 21:32:20.923 performance profile engine operation=script_find avg_ms=0.000000 max_call_ms=0.000000 calls_per_frame=0.00 window_ms=5985 frames=376 nested=1
2026-09-19 21:32:20.923 performance profile engine operation=axis_lookup avg_ms=0.046806 max_call_ms=0.279300 calls_per_frame=8.29 window_ms=5985 frames=376 nested=1
2026-09-19 21:32:20.924 performance profile engine operation=pivot_query avg_ms=0.000000 max_call_ms=0.000000 calls_per_frame=0.00 window_ms=5985 frames=376 nested=1
2026-09-19 21:32:20.924 collision profile window_ms=5985 frames=376 avg_ms body_collection=0.000000 body_solve=0.000000 body_position=0.000000 body_refine=0.000000 body_velocity=0.000000 addon_prepare_query=0.000000 addon_coherent_solve=0.000000 addon_visible_solve=0.000000 room_sphere=0.000000 room_sweep=0.000000 room_single=0.000000
2026-09-19 21:32:20.924 collision profile window_ms=5985 frames=376 max_call_ms body_collection=0.000000 body_solve=0.000000 body_position=0.000000 body_refine=0.000000 body_velocity=0.000000 addon_prepare_query=0.000000 addon_coherent_solve=0.000000 addon_visible_solve=0.000000 room_sphere=0.000000 room_sweep=0.000000 room_single=0.000000
2026-09-19 21:32:20.924 collision profile window_ms=5985 frames=376 calls body_collection=0 body_solve=0 body_position=0 body_refine=0 body_velocity=0 addon_prepare_query=0 addon_coherent_solve=0 addon_visible_solve=0 room_sphere=0 room_sweep=0 room_single=0
2026-09-19 21:32:20.925 collision profile window_ms=5985 frames=376 counts body_contacts=0 body_passes=0 body_jacobians=0 body_predictions=0 addon_contacts=0 addon_passes=0 addon_gradients=0 room_nodes=0 room_triangles=0
2026-09-19 21:32:21.826 performance profile window_ms=1000 frames=308 avg_ms total=2.444 housekeeping=0.035 bindings=0.007 diagnostics=0.001 colliders=2.235 axes=0.003 penis=0.034 penis_ownership=0.000 penis_gravity=0.000 penis_collision=0.000 penis_setup=0.000 penis_orientation=0.000 penis_translation=0.000 penis_solver=0.000 testicles=0.034 testicle_active=0.034 breasts=0.036 breasts_active=0.035 butt=0.035 butt_active=0.034 addons=0.018 addon_activation=0.017 addon_drive=0.000 addon_guard=0.000 addon_parent_pivot=0.000 addon_parent_translation=0.000 addon_parent_rotation=0.000 addon_gravity=0.000 addon_rotation_binding=0.000 addon_validation=0.000 addon_solver=0.000 addon_output=0.000 addon_cache=0.007 late=0.001 late_testicles=0.000 late_breasts=0.000 late_butt=0.000 traverse=0.000 addon_collision_body=0.000 addon_collision_self=0.000 addon_collision_addons=0.000 max_ms total=10.766 colliders=2.792 addons=0.132 calls late=308 traverse=0 body_collision=0 self_collision=0 addons_collision=0
2026-09-19 21:32:21.827 performance profile engine operation=symbols avg_ms=0.000000 max_call_ms=0.000000 calls_per_frame=0.00 window_ms=1000 frames=308 nested=1
2026-09-19 21:32:21.827 performance profile engine operation=find_object avg_ms=1.742719 max_call_ms=0.182900 calls_per_frame=7499.65 window_ms=1000 frames=308 nested=1
2026-09-19 21:32:21.827 performance profile engine operation=script_find avg_ms=0.000000 max_call_ms=0.000000 calls_per_frame=0.00 window_ms=1000 frames=308 nested=1
2026-09-19 21:32:21.827 performance profile engine operation=axis_lookup avg_ms=2.358408 max_call_ms=0.574000 calls_per_frame=8.47 window_ms=1000 frames=308 nested=1
2026-09-19 21:32:21.828 performance profile engine operation=pivot_query avg_ms=0.000000 max_call_ms=0.000000 calls_per_frame=0.00 window_ms=1000 frames=308 nested=1
2026-09-19 21:32:21.828 collision profile window_ms=1000 frames=308 avg_ms body_collection=0.000000 body_solve=0.000000 body_position=0.000000 body_refine=0.000000 body_velocity=0.000000 addon_prepare_query=0.000000 addon_coherent_solve=0.000000 addon_visible_solve=0.000000 room_sphere=0.000000 room_sweep=0.000000 room_single=0.000000
2026-09-19 21:32:21.828 collision profile window_ms=1000 frames=308 max_call_ms body_collection=0.000000 body_solve=0.000000 body_position=0.000000 body_refine=0.000000 body_velocity=0.000000 addon_prepare_query=0.000000 addon_coherent_solve=0.000000 addon_visible_solve=0.000000 room_sphere=0.000000 room_sweep=0.000000 room_single=0.000000
2026-09-19 21:32:21.828 collision profile window_ms=1000 frames=308 calls body_collection=0 body_solve=0 body_position=0 body_refine=0 body_velocity=0 addon_prepare_query=0 addon_coherent_solve=0 addon_visible_solve=0 room_sphere=0 room_sweep=0 room_single=0
2026-09-19 21:32:21.829 collision profile window_ms=1000 frames=308 counts body_contacts=0 body_passes=0 body_jacobians=0 body_predictions=0 addon_contacts=0 addon_passes=0 addon_gradients=0 room_nodes=0 room_triangles=0
2026-09-19 21:32:22.823 performance profile window_ms=1000 frames=490 avg_ms total=1.897 housekeeping=0.005 bindings=0.003 diagnostics=0.000 colliders=1.803 axes=0.008 penis=0.016 penis_ownership=0.000 penis_gravity=0.000 penis_collision=0.000 penis_setup=0.000 penis_orientation=0.000 penis_translation=0.000 penis_solver=0.000 testicles=0.017 testicle_active=0.016 breasts=0.017 breasts_active=0.016 butt=0.016 butt_active=0.016 addons=0.009 addon_activation=0.009 addon_drive=0.000 addon_guard=0.000 addon_parent_pivot=0.000 addon_parent_translation=0.000 addon_parent_rotation=0.000 addon_gravity=0.000 addon_rotation_binding=0.000 addon_validation=0.000 addon_solver=0.000 addon_output=0.000 addon_cache=0.002 late=0.000 late_testicles=0.000 late_breasts=0.000 late_butt=0.000 traverse=0.000 addon_collision_body=0.000 addon_collision_self=0.000 addon_collision_addons=0.000 max_ms total=5.989 colliders=2.681 addons=0.120 calls late=490 traverse=0 body_collision=0 self_collision=0 addons_collision=0
2026-09-19 21:32:22.823 performance profile engine operation=symbols avg_ms=0.000000 max_call_ms=0.000000 calls_per_frame=0.00 window_ms=1000 frames=490 nested=1
2026-09-19 21:32:22.823 performance profile engine operation=find_object avg_ms=1.380331 max_call_ms=0.130100 calls_per_frame=7369.07 window_ms=1000 frames=490 nested=1
2026-09-19 21:32:22.824 performance profile engine operation=script_find avg_ms=0.000000 max_call_ms=0.000000 calls_per_frame=0.00 window_ms=1000 frames=490 nested=1
2026-09-19 21:32:22.824 performance profile engine operation=axis_lookup avg_ms=1.868013 max_call_ms=0.467600 calls_per_frame=8.33 window_ms=1000 frames=490 nested=1
2026-09-19 21:32:22.824 performance profile engine operation=pivot_query avg_ms=0.000000 max_call_ms=0.000000 calls_per_frame=0.00 window_ms=1000 frames=490 nested=1
2026-09-19 21:32:22.824 collision profile window_ms=1000 frames=490 avg_ms body_collection=0.000000 body_solve=0.000000 body_position=0.000000 body_refine=0.000000 body_velocity=0.000000 addon_prepare_query=0.000000 addon_coherent_solve=0.000000 addon_visible_solve=0.000000 room_sphere=0.000000 room_sweep=0.000000 room_single=0.000000
2026-09-19 21:32:22.824 collision profile window_ms=1000 frames=490 max_call_ms body_collection=0.000000 body_solve=0.000000 body_position=0.000000 body_refine=0.000000 body_velocity=0.000000 addon_prepare_query=0.000000 addon_coherent_solve=0.000000 addon_visible_solve=0.000000 room_sphere=0.000000 room_sweep=0.000000 room_single=0.000000
2026-09-19 21:32:22.825 collision profile window_ms=1000 frames=490 calls body_collection=0 body_solve=0 body_position=0 body_refine=0 body_velocity=0 addon_prepare_query=0 addon_coherent_solve=0 addon_visible_solve=0 room_sphere=0 room_sweep=0 room_single=0
2026-09-19 21:32:22.825 collision profile window_ms=1000 frames=490 counts body_contacts=0 body_passes=0 body_jacobians=0 body_predictions=0 addon_contacts=0 addon_passes=0 addon_gradients=0 room_nodes=0 room_triangles=0
2026-09-19 21:32:23.823 performance profile window_ms=1000 frames=499 avg_ms total=1.876 housekeeping=0.004 bindings=0.003 diagnostics=0.000 colliders=1.786 axes=0.005 penis=0.017 penis_ownership=0.000 penis_gravity=0.000 penis_collision=0.000 penis_setup=0.000 penis_orientation=0.000 penis_translation=0.000 penis_solver=0.000 testicles=0.017 testicle_active=0.017 breasts=0.017 breasts_active=0.016 butt=0.016 butt_active=0.016 addons=0.009 addon_activation=0.008 addon_drive=0.000 addon_guard=0.000 addon_parent_pivot=0.000 addon_parent_translation=0.000 addon_parent_rotation=0.000 addon_gravity=0.000 addon_rotation_binding=0.000 addon_validation=0.000 addon_solver=0.000 addon_output=0.000 addon_cache=0.002 late=0.000 late_testicles=0.000 late_breasts=0.000 late_butt=0.000 traverse=0.000 addon_collision_body=0.000 addon_collision_self=0.000 addon_collision_addons=0.000 max_ms total=7.220 colliders=2.554 addons=0.097 calls late=499 traverse=0 body_collision=0 self_collision=0 addons_collision=0
2026-09-19 21:32:23.824 performance profile engine operation=symbols avg_ms=0.000000 max_call_ms=0.000000 calls_per_frame=0.00 window_ms=1000 frames=499 nested=1
2026-09-19 21:32:23.824 performance profile engine operation=find_object avg_ms=1.366673 max_call_ms=0.063300 calls_per_frame=7353.21 window_ms=1000 frames=499 nested=1
2026-09-19 21:32:23.824 performance profile engine operation=script_find avg_ms=0.000000 max_call_ms=0.000000 calls_per_frame=0.00 window_ms=1000 frames=499 nested=1
2026-09-19 21:32:23.824 performance profile engine operation=axis_lookup avg_ms=1.848401 max_call_ms=0.351000 calls_per_frame=8.31 window_ms=1000 frames=499 nested=1
2026-09-19 21:32:23.825 performance profile engine operation=pivot_query avg_ms=0.000000 max_call_ms=0.000000 calls_per_frame=0.00 window_ms=1000 frames=499 nested=1
2026-09-19 21:32:23.825 collision profile window_ms=1000 frames=499 avg_ms body_collection=0.000000 body_solve=0.000000 body_position=0.000000 body_refine=0.000000 body_velocity=0.000000 addon_prepare_query=0.000000 addon_coherent_solve=0.000000 addon_visible_solve=0.000000 room_sphere=0.000000 room_sweep=0.000000 room_single=0.000000
2026-09-19 21:32:23.825 collision profile window_ms=1000 frames=499 max_call_ms body_collection=0.000000 body_solve=0.000000 body_position=0.000000 body_refine=0.000000 body_velocity=0.000000 addon_prepare_query=0.000000 addon_coherent_solve=0.000000 addon_visible_solve=0.000000 room_sphere=0.000000 room_sweep=0.000000 room_single=0.000000
2026-09-19 21:32:23.825 collision profile window_ms=1000 frames=499 calls body_collection=0 body_solve=0 body_position=0 body_refine=0 body_velocity=0 addon_prepare_query=0 addon_coherent_solve=0 addon_visible_solve=0 room_sphere=0 room_sweep=0 room_single=0
2026-09-19 21:32:23.825 collision profile window_ms=1000 frames=499 counts body_contacts=0 body_passes=0 body_jacobians=0 body_predictions=0 addon_contacts=0 addon_passes=0 addon_gradients=0 room_nodes=0 room_triangles=0
2026-09-19 21:32:24.823 performance profile window_ms=1000 frames=502 avg_ms total=1.862 housekeeping=0.004 bindings=0.003 diagnostics=0.000 colliders=1.774 axes=0.005 penis=0.016 penis_ownership=0.000 penis_gravity=0.000 penis_collision=0.000 penis_setup=0.000 penis_orientation=0.000 penis_translation=0.000 penis_solver=0.000 testicles=0.016 testicle_active=0.016 breasts=0.016 breasts_active=0.016 butt=0.016 butt_active=0.016 addons=0.009 addon_activation=0.008 addon_drive=0.000 addon_guard=0.000 addon_parent_pivot=0.000 addon_parent_translation=0.000 addon_parent_rotation=0.000 addon_gravity=0.000 addon_rotation_binding=0.000 addon_validation=0.000 addon_solver=0.000 addon_output=0.000 addon_cache=0.002 late=0.000 late_testicles=0.000 late_breasts=0.000 late_butt=0.000 traverse=0.000 addon_collision_body=0.000 addon_collision_self=0.000 addon_collision_addons=0.000 max_ms total=5.940 colliders=2.613 addons=0.112 calls late=502 traverse=0 body_collision=0 self_collision=0 addons_collision=0
2026-09-19 21:32:24.824 performance profile engine operation=symbols avg_ms=0.000000 max_call_ms=0.000000 calls_per_frame=0.00 window_ms=1000 frames=502 nested=1
2026-09-19 21:32:24.824 performance profile engine operation=find_object avg_ms=1.356578 max_call_ms=0.100700 calls_per_frame=7355.11 window_ms=1000 frames=502 nested=1
2026-09-19 21:32:24.824 performance profile engine operation=script_find avg_ms=0.000000 max_call_ms=0.000000 calls_per_frame=0.00 window_ms=1000 frames=502 nested=1
2026-09-19 21:32:24.824 performance profile engine operation=axis_lookup avg_ms=1.835073 max_call_ms=0.361700 calls_per_frame=8.31 window_ms=1000 frames=502 nested=1
2026-09-19 21:32:24.825 performance profile engine operation=pivot_query avg_ms=0.000000 max_call_ms=0.000000 calls_per_frame=0.00 window_ms=1000 frames=502 nested=1
2026-09-19 21:32:24.825 collision profile window_ms=1000 frames=502 avg_ms body_collection=0.000000 body_solve=0.000000 body_position=0.000000 body_refine=0.000000 body_velocity=0.000000 addon_prepare_query=0.000000 addon_coherent_solve=0.000000 addon_visible_solve=0.000000 room_sphere=0.000000 room_sweep=0.000000 room_single=0.000000
2026-09-19 21:32:24.825 collision profile window_ms=1000 frames=502 max_call_ms body_collection=0.000000 body_solve=0.000000 body_position=0.000000 body_refine=0.000000 body_velocity=0.000000 addon_prepare_query=0.000000 addon_coherent_solve=0.000000 addon_visible_solve=0.000000 room_sphere=0.000000 room_sweep=0.000000 room_single=0.000000
2026-09-19 21:32:24.825 collision profile window_ms=1000 frames=502 calls body_collection=0 body_solve=0 body_position=0 body_refine=0 body_velocity=0 addon_prepare_query=0 addon_coherent_solve=0 addon_visible_solve=0 room_sphere=0 room_sweep=0 room_single=0
2026-09-19 21:32:24.825 collision profile window_ms=1000 frames=502 counts body_contacts=0 body_passes=0 body_jacobians=0 body_predictions=0 addon_contacts=0 addon_passes=0 addon_gradients=0 room_nodes=0 room_triangles=0
2026-09-19 21:32:25.824 performance profile window_ms=1000 frames=488 avg_ms total=1.907 housekeeping=0.005 bindings=0.003 diagnostics=0.000 colliders=1.813 axes=0.006 penis=0.017 penis_ownership=0.000 penis_gravity=0.000 penis_collision=0.000 penis_setup=0.000 penis_orientation=0.000 penis_translation=0.000 penis_solver=0.000 testicles=0.017 testicle_active=0.017 breasts=0.017 breasts_active=0.017 butt=0.017 butt_active=0.017 addons=0.009 addon_activation=0.009 addon_drive=0.000 addon_guard=0.000 addon_parent_pivot=0.000 addon_parent_translation=0.000 addon_parent_rotation=0.000 addon_gravity=0.000 addon_rotation_binding=0.000 addon_validation=0.000 addon_solver=0.000 addon_output=0.000 addon_cache=0.002 late=0.000 late_testicles=0.000 late_breasts=0.000 late_butt=0.000 traverse=0.000 addon_collision_body=0.000 addon_collision_self=0.000 addon_collision_addons=0.000 max_ms total=6.054 colliders=2.437 addons=0.099 calls late=488 traverse=0 body_collision=0 self_collision=0 addons_collision=0
2026-09-19 21:32:25.824 performance profile engine operation=symbols avg_ms=0.000000 max_call_ms=0.000000 calls_per_frame=0.00 window_ms=1000 frames=488 nested=1
2026-09-19 21:32:25.824 performance profile engine operation=find_object avg_ms=1.387553 max_call_ms=0.206800 calls_per_frame=7363.00 window_ms=1000 frames=488 nested=1
2026-09-19 21:32:25.825 performance profile engine operation=script_find avg_ms=0.000000 max_call_ms=0.000000 calls_per_frame=0.00 window_ms=1000 frames=488 nested=1
2026-09-19 21:32:25.825 performance profile engine operation=axis_lookup avg_ms=1.877026 max_call_ms=0.446600 calls_per_frame=8.32 window_ms=1000 frames=488 nested=1
2026-09-19 21:32:25.825 performance profile engine operation=pivot_query avg_ms=0.000000 max_call_ms=0.000000 calls_per_frame=0.00 window_ms=1000 frames=488 nested=1
2026-09-19 21:32:25.825 collision profile window_ms=1000 frames=488 avg_ms body_collection=0.000000 body_solve=0.000000 body_position=0.000000 body_refine=0.000000 body_velocity=0.000000 addon_prepare_query=0.000000 addon_coherent_solve=0.000000 addon_visible_solve=0.000000 room_sphere=0.000000 room_sweep=0.000000 room_single=0.000000
2026-09-19 21:32:25.825 collision profile window_ms=1000 frames=488 max_call_ms body_collection=0.000000 body_solve=0.000000 body_position=0.000000 body_refine=0.000000 body_velocity=0.000000 addon_prepare_query=0.000000 addon_coherent_solve=0.000000 addon_visible_solve=0.000000 room_sphere=0.000000 room_sweep=0.000000 room_single=0.000000
2026-09-19 21:32:25.826 collision profile window_ms=1000 frames=488 calls body_collection=0 body_solve=0 body_position=0 body_refine=0 body_velocity=0 addon_prepare_query=0 addon_coherent_solve=0 addon_visible_solve=0 room_sphere=0 room_sweep=0 room_single=0
2026-09-19 21:32:25.826 collision profile window_ms=1000 frames=488 counts body_contacts=0 body_passes=0 body_jacobians=0 body_predictions=0 addon_contacts=0 addon_passes=0 addon_gradients=0 room_nodes=0 room_triangles=0
2026-09-19 21:32:26.823 performance profile window_ms=1000 frames=474 avg_ms total=1.958 housekeeping=0.005 bindings=0.003 diagnostics=0.001 colliders=1.858 axes=0.006 penis=0.018 penis_ownership=0.000 penis_gravity=0.000 penis_collision=0.000 penis_setup=0.000 penis_orientation=0.000 penis_translation=0.000 penis_solver=0.000 testicles=0.018 testicle_active=0.017 breasts=0.018 breasts_active=0.018 butt=0.018 butt_active=0.017 addons=0.010 addon_activation=0.009 addon_drive=0.000 addon_guard=0.000 addon_parent_pivot=0.000 addon_parent_translation=0.000 addon_parent_rotation=0.000 addon_gravity=0.000 addon_rotation_binding=0.000 addon_validation=0.000 addon_solver=0.000 addon_output=0.000 addon_cache=0.003 late=0.000 late_testicles=0.000 late_breasts=0.000 late_butt=0.000 traverse=0.000 addon_collision_body=0.000 addon_collision_self=0.000 addon_collision_addons=0.000 max_ms total=6.678 colliders=2.604 addons=0.111 calls late=474 traverse=0 body_collision=0 self_collision=0 addons_collision=0
2026-09-19 21:32:26.823 performance profile engine operation=symbols avg_ms=0.000000 max_call_ms=0.000000 calls_per_frame=0.00 window_ms=1000 frames=474 nested=1
2026-09-19 21:32:26.823 performance profile engine operation=find_object avg_ms=1.423646 max_call_ms=0.123300 calls_per_frame=7371.36 window_ms=1000 frames=474 nested=1
2026-09-19 21:32:26.824 performance profile engine operation=script_find avg_ms=0.000000 max_call_ms=0.000000 calls_per_frame=0.00 window_ms=1000 frames=474 nested=1
2026-09-19 21:32:26.824 performance profile engine operation=axis_lookup avg_ms=1.925440 max_call_ms=0.399800 calls_per_frame=8.33 window_ms=1000 frames=474 nested=1
2026-09-19 21:32:26.824 performance profile engine operation=pivot_query avg_ms=0.000000 max_call_ms=0.000000 calls_per_frame=0.00 window_ms=1000 frames=474 nested=1
2026-09-19 21:32:26.824 collision profile window_ms=1000 frames=474 avg_ms body_collection=0.000000 body_solve=0.000000 body_position=0.000000 body_refine=0.000000 body_velocity=0.000000 addon_prepare_query=0.000000 addon_coherent_solve=0.000000 addon_visible_solve=0.000000 room_sphere=0.000000 room_sweep=0.000000 room_single=0.000000
2026-09-19 21:32:26.824 collision profile window_ms=1000 frames=474 max_call_ms body_collection=0.000000 body_solve=0.000000 body_position=0.000000 body_refine=0.000000 body_velocity=0.000000 addon_prepare_query=0.000000 addon_coherent_solve=0.000000 addon_visible_solve=0.000000 room_sphere=0.000000 room_sweep=0.000000 room_single=0.000000
2026-09-19 21:32:26.825 collision profile window_ms=1000 frames=474 calls body_collection=0 body_solve=0 body_position=0 body_refine=0 body_velocity=0 addon_prepare_query=0 addon_coherent_solve=0 addon_visible_solve=0 room_sphere=0 room_sweep=0 room_single=0
2026-09-19 21:32:26.825 collision profile window_ms=1000 frames=474 counts body_contacts=0 body_passes=0 body_jacobians=0 body_predictions=0 addon_contacts=0 addon_passes=0 addon_gradients=0 room_nodes=0 room_triangles=0
2026-09-19 21:32:27.827 performance profile window_ms=1000 frames=501 avg_ms total=1.875 housekeeping=0.004 bindings=0.003 diagnostics=0.000 colliders=1.778 axes=0.005 penis=0.018 penis_ownership=0.000 penis_gravity=0.000 penis_collision=0.000 penis_setup=0.000 penis_orientation=0.000 penis_translation=0.000 penis_solver=0.000 testicles=0.018 testicle_active=0.018 breasts=0.019 breasts_active=0.019 butt=0.018 butt_active=0.018 addons=0.009 addon_activation=0.008 addon_drive=0.000 addon_guard=0.000 addon_parent_pivot=0.000 addon_parent_translation=0.000 addon_parent_rotation=0.000 addon_gravity=0.000 addon_rotation_binding=0.000 addon_validation=0.000 addon_solver=0.000 addon_output=0.000 addon_cache=0.002 late=0.000 late_testicles=0.000 late_breasts=0.000 late_butt=0.000 traverse=0.000 addon_collision_body=0.000 addon_collision_self=0.000 addon_collision_addons=0.000 max_ms total=7.920 colliders=2.700 addons=0.098 calls late=501 traverse=0 body_collision=0 self_collision=0 addons_collision=0
2026-09-19 21:32:27.827 performance profile engine operation=symbols avg_ms=0.000000 max_call_ms=0.000000 calls_per_frame=0.00 window_ms=1000 frames=501 nested=1
2026-09-19 21:32:27.827 performance profile engine operation=find_object avg_ms=1.364882 max_call_ms=0.100200 calls_per_frame=7383.92 window_ms=1000 frames=501 nested=1
2026-09-19 21:32:27.827 performance profile engine operation=script_find avg_ms=0.000000 max_call_ms=0.000000 calls_per_frame=0.00 window_ms=1000 frames=501 nested=1
2026-09-19 21:32:27.828 performance profile engine operation=axis_lookup avg_ms=1.847195 max_call_ms=0.428400 calls_per_frame=8.34 window_ms=1000 frames=501 nested=1
2026-09-19 21:32:27.828 performance profile engine operation=pivot_query avg_ms=0.000000 max_call_ms=0.000000 calls_per_frame=0.00 window_ms=1000 frames=501 nested=1
2026-09-19 21:32:27.828 collision profile window_ms=1000 frames=501 avg_ms body_collection=0.000000 body_solve=0.000000 body_position=0.000000 body_refine=0.000000 body_velocity=0.000000 addon_prepare_query=0.000000 addon_coherent_solve=0.000000 addon_visible_solve=0.000000 room_sphere=0.000000 room_sweep=0.000000 room_single=0.000000
2026-09-19 21:32:27.828 collision profile window_ms=1000 frames=501 max_call_ms body_collection=0.000000 body_solve=0.000000 body_position=0.000000 body_refine=0.000000 body_velocity=0.000000 addon_prepare_query=0.000000 addon_coherent_solve=0.000000 addon_visible_solve=0.000000 room_sphere=0.000000 room_sweep=0.000000 room_single=0.000000
2026-09-19 21:32:27.828 collision profile window_ms=1000 frames=501 calls body_collection=0 body_solve=0 body_position=0 body_refine=0 body_velocity=0 addon_prepare_query=0 addon_coherent_solve=0 addon_visible_solve=0 room_sphere=0 room_sweep=0 room_single=0
2026-09-19 21:32:27.829 collision profile window_ms=1000 frames=501 counts body_contacts=0 body_passes=0 body_jacobians=0 body_predictions=0 addon_contacts=0 addon_passes=0 addon_gradients=0 room_nodes=0 room_triangles=0
2026-09-19 21:32:28.823 performance profile window_ms=1000 frames=507 avg_ms total=1.844 housekeeping=0.004 bindings=0.003 diagnostics=0.000 colliders=1.755 axes=0.005 penis=0.016 penis_ownership=0.000 penis_gravity=0.000 penis_collision=0.000 penis_setup=0.000 penis_orientation=0.000 penis_translation=0.000 penis_solver=0.000 testicles=0.016 testicle_active=0.016 breasts=0.017 breasts_active=0.017 butt=0.017 butt_active=0.016 addons=0.008 addon_activation=0.008 addon_drive=0.000 addon_guard=0.000 addon_parent_pivot=0.000 addon_parent_translation=0.000 addon_parent_rotation=0.000 addon_gravity=0.000 addon_rotation_binding=0.000 addon_validation=0.000 addon_solver=0.000 addon_output=0.000 addon_cache=0.002 late=0.000 late_testicles=0.000 late_breasts=0.000 late_butt=0.000 traverse=0.000 addon_collision_body=0.000 addon_collision_self=0.000 addon_collision_addons=0.000 max_ms total=6.096 colliders=2.495 addons=0.099 calls late=507 traverse=0 body_collision=0 self_collision=0 addons_collision=0
2026-09-19 21:32:28.824 performance profile engine operation=symbols avg_ms=0.000000 max_call_ms=0.000000 calls_per_frame=0.00 window_ms=1000 frames=507 nested=1
2026-09-19 21:32:28.824 performance profile engine operation=find_object avg_ms=1.342233 max_call_ms=0.068800 calls_per_frame=7348.90 window_ms=1000 frames=507 nested=1
2026-09-19 21:32:28.824 performance profile engine operation=script_find avg_ms=0.000000 max_call_ms=0.000000 calls_per_frame=0.00 window_ms=1000 frames=507 nested=1
2026-09-19 21:32:28.824 performance profile engine operation=axis_lookup avg_ms=1.816843 max_call_ms=0.363300 calls_per_frame=8.30 window_ms=1000 frames=507 nested=1
2026-09-19 21:32:28.824 performance profile engine operation=pivot_query avg_ms=0.000000 max_call_ms=0.000000 calls_per_frame=0.00 window_ms=1000 frames=507 nested=1
2026-09-19 21:32:28.825 collision profile window_ms=1000 frames=507 avg_ms body_collection=0.000000 body_solve=0.000000 body_position=0.000000 body_refine=0.000000 body_velocity=0.000000 addon_prepare_query=0.000000 addon_coherent_solve=0.000000 addon_visible_solve=0.000000 room_sphere=0.000000 room_sweep=0.000000 room_single=0.000000
2026-09-19 21:32:28.825 collision profile window_ms=1000 frames=507 max_call_ms body_collection=0.000000 body_solve=0.000000 body_position=0.000000 body_refine=0.000000 body_velocity=0.000000 addon_prepare_query=0.000000 addon_coherent_solve=0.000000 addon_visible_solve=0.000000 room_sphere=0.000000 room_sweep=0.000000 room_single=0.000000
2026-09-19 21:32:28.825 collision profile window_ms=1000 frames=507 calls body_collection=0 body_solve=0 body_position=0 body_refine=0 body_velocity=0 addon_prepare_query=0 addon_coherent_solve=0 addon_visible_solve=0 room_sphere=0 room_sweep=0 room_single=0
2026-09-19 21:32:28.825 collision profile window_ms=1000 frames=507 counts body_contacts=0 body_passes=0 body_jacobians=0 body_predictions=0 addon_contacts=0 addon_passes=0 addon_gradients=0 room_nodes=0 room_triangles=0
2026-09-19 21:32:29.822 performance profile window_ms=1000 frames=497 avg_ms total=1.882 housekeeping=0.005 bindings=0.003 diagnostics=0.000 colliders=1.790 axes=0.006 penis=0.017 penis_ownership=0.000 penis_gravity=0.000 penis_collision=0.000 penis_setup=0.000 penis_orientation=0.000 penis_translation=0.000 penis_solver=0.000 testicles=0.017 testicle_active=0.017 breasts=0.017 breasts_active=0.016 butt=0.016 butt_active=0.016 addons=0.009 addon_activation=0.008 addon_drive=0.000 addon_guard=0.000 addon_parent_pivot=0.000 addon_parent_translation=0.000 addon_parent_rotation=0.000 addon_gravity=0.000 addon_rotation_binding=0.000 addon_validation=0.000 addon_solver=0.000 addon_output=0.000 addon_cache=0.002 late=0.000 late_testicles=0.000 late_breasts=0.000 late_butt=0.000 traverse=0.000 addon_collision_body=0.000 addon_collision_self=0.000 addon_collision_addons=0.000 max_ms total=6.693 colliders=2.624 addons=0.095 calls late=497 traverse=0 body_collision=0 self_collision=0 addons_collision=0
2026-09-19 21:32:29.823 performance profile engine operation=symbols avg_ms=0.000000 max_call_ms=0.000000 calls_per_frame=0.00 window_ms=1000 frames=497 nested=1
2026-09-19 21:32:29.823 performance profile engine operation=find_object avg_ms=1.369723 max_call_ms=0.063100 calls_per_frame=7361.43 window_ms=1000 frames=497 nested=1
2026-09-19 21:32:29.823 performance profile engine operation=script_find avg_ms=0.000000 max_call_ms=0.000000 calls_per_frame=0.00 window_ms=1000 frames=497 nested=1
2026-09-19 21:32:29.823 performance profile engine operation=axis_lookup avg_ms=1.853857 max_call_ms=0.372300 calls_per_frame=8.32 window_ms=1000 frames=497 nested=1
2026-09-19 21:32:29.824 performance profile engine operation=pivot_query avg_ms=0.000000 max_call_ms=0.000000 calls_per_frame=0.00 window_ms=1000 frames=497 nested=1
2026-09-19 21:32:29.824 collision profile window_ms=1000 frames=497 avg_ms body_collection=0.000000 body_solve=0.000000 body_position=0.000000 body_refine=0.000000 body_velocity=0.000000 addon_prepare_query=0.000000 addon_coherent_solve=0.000000 addon_visible_solve=0.000000 room_sphere=0.000000 room_sweep=0.000000 room_single=0.000000
2026-09-19 21:32:29.824 collision profile window_ms=1000 frames=497 max_call_ms body_collection=0.000000 body_solve=0.000000 body_position=0.000000 body_refine=0.000000 body_velocity=0.000000 addon_prepare_query=0.000000 addon_coherent_solve=0.000000 addon_visible_solve=0.000000 room_sphere=0.000000 room_sweep=0.000000 room_single=0.000000
2026-09-19 21:32:29.824 collision profile window_ms=1000 frames=497 calls body_collection=0 body_solve=0 body_position=0 body_refine=0 body_velocity=0 addon_prepare_query=0 addon_coherent_solve=0 addon_visible_solve=0 room_sphere=0 room_sweep=0 room_single=0
2026-09-19 21:32:29.824 collision profile window_ms=1000 frames=497 counts body_contacts=0 body_passes=0 body_jacobians=0 body_predictions=0 addon_contacts=0 addon_passes=0 addon_gradients=0 room_nodes=0 room_triangles=0
2026-09-19 21:32:30.824 performance profile window_ms=1000 frames=472 avg_ms total=1.955 housekeeping=0.005 bindings=0.003 diagnostics=0.001 colliders=1.852 axes=0.006 penis=0.018 penis_ownership=0.000 penis_gravity=0.000 penis_collision=0.000 penis_setup=0.000 penis_orientation=0.000 penis_translation=0.000 penis_solver=0.000 testicles=0.018 testicle_active=0.018 breasts=0.019 breasts_active=0.019 butt=0.018 butt_active=0.018 addons=0.010 addon_activation=0.010 addon_drive=0.000 addon_guard=0.000 addon_parent_pivot=0.000 addon_parent_translation=0.000 addon_parent_rotation=0.000 addon_gravity=0.000 addon_rotation_binding=0.000 addon_validation=0.000 addon_solver=0.000 addon_output=0.000 addon_cache=0.003 late=0.000 late_testicles=0.000 late_breasts=0.000 late_butt=0.000 traverse=0.000 addon_collision_body=0.000 addon_collision_self=0.000 addon_collision_addons=0.000 max_ms total=6.461 colliders=2.955 addons=0.130 calls late=472 traverse=0 body_collision=0 self_collision=0 addons_collision=0
2026-09-19 21:32:30.824 performance profile engine operation=symbols avg_ms=0.000000 max_call_ms=0.000000 calls_per_frame=0.00 window_ms=1000 frames=472 nested=1
2026-09-19 21:32:30.824 performance profile engine operation=find_object avg_ms=1.420711 max_call_ms=0.182300 calls_per_frame=7368.84 window_ms=1000 frames=472 nested=1
2026-09-19 21:32:30.824 performance profile engine operation=script_find avg_ms=0.000000 max_call_ms=0.000000 calls_per_frame=0.00 window_ms=1000 frames=472 nested=1
2026-09-19 21:32:30.825 performance profile engine operation=axis_lookup avg_ms=1.920613 max_call_ms=0.575000 calls_per_frame=8.33 window_ms=1000 frames=472 nested=1
2026-09-19 21:32:30.825 performance profile engine operation=pivot_query avg_ms=0.000000 max_call_ms=0.000000 calls_per_frame=0.00 window_ms=1000 frames=472 nested=1
2026-09-19 21:32:30.825 collision profile window_ms=1000 frames=472 avg_ms body_collection=0.000000 body_solve=0.000000 body_position=0.000000 body_refine=0.000000 body_velocity=0.000000 addon_prepare_query=0.000000 addon_coherent_solve=0.000000 addon_visible_solve=0.000000 room_sphere=0.000000 room_sweep=0.000000 room_single=0.000000
2026-09-19 21:32:30.825 collision profile window_ms=1000 frames=472 max_call_ms body_collection=0.000000 body_solve=0.000000 body_position=0.000000 body_refine=0.000000 body_velocity=0.000000 addon_prepare_query=0.000000 addon_coherent_solve=0.000000 addon_visible_solve=0.000000 room_sphere=0.000000 room_sweep=0.000000 room_single=0.000000
2026-09-19 21:32:30.826 collision profile window_ms=1000 frames=472 calls body_collection=0 body_solve=0 body_position=0 body_refine=0 body_velocity=0 addon_prepare_query=0 addon_coherent_solve=0 addon_visible_solve=0 room_sphere=0 room_sweep=0 room_single=0
2026-09-19 21:32:30.826 collision profile window_ms=1000 frames=472 counts body_contacts=0 body_passes=0 body_jacobians=0 body_predictions=0 addon_contacts=0 addon_passes=0 addon_gradients=0 room_nodes=0 room_triangles=0
2026-09-19 21:32:31.824 performance profile window_ms=1000 frames=488 avg_ms total=1.906 housekeeping=0.005 bindings=0.003 diagnostics=0.000 colliders=1.812 axes=0.005 penis=0.017 penis_ownership=0.000 penis_gravity=0.000 penis_collision=0.000 penis_setup=0.000 penis_orientation=0.000 penis_translation=0.000 penis_solver=0.000 testicles=0.017 testicle_active=0.017 breasts=0.017 breasts_active=0.017 butt=0.017 butt_active=0.017 addons=0.009 addon_activation=0.009 addon_drive=0.000 addon_guard=0.000 addon_parent_pivot=0.000 addon_parent_translation=0.000 addon_parent_rotation=0.000 addon_gravity=0.000 addon_rotation_binding=0.000 addon_validation=0.000 addon_solver=0.000 addon_output=0.000 addon_cache=0.002 late=0.000 late_testicles=0.000 late_breasts=0.000 late_butt=0.000 traverse=0.000 addon_collision_body=0.000 addon_collision_self=0.000 addon_collision_addons=0.000 max_ms total=7.112 colliders=2.638 addons=0.103 calls late=488 traverse=0 body_collision=0 self_collision=0 addons_collision=0
2026-09-19 21:32:31.824 performance profile engine operation=symbols avg_ms=0.000000 max_call_ms=0.000000 calls_per_frame=0.00 window_ms=1000 frames=488 nested=1
2026-09-19 21:32:31.824 performance profile engine operation=find_object avg_ms=1.385670 max_call_ms=0.114900 calls_per_frame=7359.37 window_ms=1000 frames=488 nested=1
2026-09-19 21:32:31.824 performance profile engine operation=script_find avg_ms=0.000000 max_call_ms=0.000000 calls_per_frame=0.00 window_ms=1000 frames=488 nested=1
2026-09-19 21:32:31.824 performance profile engine operation=axis_lookup avg_ms=1.875694 max_call_ms=0.391000 calls_per_frame=8.32 window_ms=1000 frames=488 nested=1
2026-09-19 21:32:31.825 performance profile engine operation=pivot_query avg_ms=0.000000 max_call_ms=0.000000 calls_per_frame=0.00 window_ms=1000 frames=488 nested=1
2026-09-19 21:32:31.825 collision profile window_ms=1000 frames=488 avg_ms body_collection=0.000000 body_solve=0.000000 body_position=0.000000 body_refine=0.000000 body_velocity=0.000000 addon_prepare_query=0.000000 addon_coherent_solve=0.000000 addon_visible_solve=0.000000 room_sphere=0.000000 room_sweep=0.000000 room_single=0.000000
2026-09-19 21:32:31.825 collision profile window_ms=1000 frames=488 max_call_ms body_collection=0.000000 body_solve=0.000000 body_position=0.000000 body_refine=0.000000 body_velocity=0.000000 addon_prepare_query=0.000000 addon_coherent_solve=0.000000 addon_visible_solve=0.000000 room_sphere=0.000000 room_sweep=0.000000 room_single=0.000000
2026-09-19 21:32:31.825 collision profile window_ms=1000 frames=488 calls body_collection=0 body_solve=0 body_position=0 body_refine=0 body_velocity=0 addon_prepare_query=0 addon_coherent_solve=0 addon_visible_solve=0 room_sphere=0 room_sweep=0 room_single=0
2026-09-19 21:32:31.825 collision profile window_ms=1000 frames=488 counts body_contacts=0 body_passes=0 body_jacobians=0 body_predictions=0 addon_contacts=0 addon_passes=0 addon_gradients=0 room_nodes=0 room_triangles=0
2026-09-19 21:32:32.824 performance profile window_ms=1000 frames=480 avg_ms total=1.930 housekeeping=0.005 bindings=0.003 diagnostics=0.001 colliders=1.833 axes=0.006 penis=0.017 penis_ownership=0.000 penis_gravity=0.000 penis_collision=0.000 penis_setup=0.000 penis_orientation=0.000 penis_translation=0.000 penis_solver=0.000 testicles=0.018 testicle_active=0.017 breasts=0.017 breasts_active=0.017 butt=0.017 butt_active=0.017 addons=0.010 addon_activation=0.009 addon_drive=0.000 addon_guard=0.000 addon_parent_pivot=0.000 addon_parent_translation=0.000 addon_parent_rotation=0.000 addon_gravity=0.000 addon_rotation_binding=0.000 addon_validation=0.000 addon_solver=0.000 addon_output=0.000 addon_cache=0.003 late=0.000 late_testicles=0.000 late_breasts=0.000 late_butt=0.000 traverse=0.000 addon_collision_body=0.000 addon_collision_self=0.000 addon_collision_addons=0.000 max_ms total=6.525 colliders=2.590 addons=0.104 calls late=480 traverse=0 body_collision=0 self_collision=0 addons_collision=0
2026-09-19 21:32:32.824 performance profile engine operation=symbols avg_ms=0.000000 max_call_ms=0.000000 calls_per_frame=0.00 window_ms=1000 frames=480 nested=1
2026-09-19 21:32:32.824 performance profile engine operation=find_object avg_ms=1.403510 max_call_ms=0.125100 calls_per_frame=7367.71 window_ms=1000 frames=480 nested=1
2026-09-19 21:32:32.825 performance profile engine operation=script_find avg_ms=0.000000 max_call_ms=0.000000 calls_per_frame=0.00 window_ms=1000 frames=480 nested=1
2026-09-19 21:32:32.825 performance profile engine operation=axis_lookup avg_ms=1.898426 max_call_ms=0.369600 calls_per_frame=8.32 window_ms=1000 frames=480 nested=1
2026-09-19 21:32:32.825 performance profile engine operation=pivot_query avg_ms=0.000000 max_call_ms=0.000000 calls_per_frame=0.00 window_ms=1000 frames=480 nested=1
2026-09-19 21:32:32.825 collision profile window_ms=1000 frames=480 avg_ms body_collection=0.000000 body_solve=0.000000 body_position=0.000000 body_refine=0.000000 body_velocity=0.000000 addon_prepare_query=0.000000 addon_coherent_solve=0.000000 addon_visible_solve=0.000000 room_sphere=0.000000 room_sweep=0.000000 room_single=0.000000
2026-09-19 21:32:32.825 collision profile window_ms=1000 frames=480 max_call_ms body_collection=0.000000 body_solve=0.000000 body_position=0.000000 body_refine=0.000000 body_velocity=0.000000 addon_prepare_query=0.000000 addon_coherent_solve=0.000000 addon_visible_solve=0.000000 room_sphere=0.000000 room_sweep=0.000000 room_single=0.000000
2026-09-19 21:32:32.826 collision profile window_ms=1000 frames=480 calls body_collection=0 body_solve=0 body_position=0 body_refine=0 body_velocity=0 addon_prepare_query=0 addon_coherent_solve=0 addon_visible_solve=0 room_sphere=0 room_sweep=0 room_single=0
2026-09-19 21:32:32.826 collision profile window_ms=1000 frames=480 counts body_contacts=0 body_passes=0 body_jacobians=0 body_predictions=0 addon_contacts=0 addon_passes=0 addon_gradients=0 room_nodes=0 room_triangles=0
2026-09-19 21:32:33.824 performance profile window_ms=1000 frames=457 avg_ms total=2.016 housekeeping=0.006 bindings=0.004 diagnostics=0.001 colliders=1.906 axes=0.006 penis=0.020 penis_ownership=0.000 penis_gravity=0.000 penis_collision=0.000 penis_setup=0.000 penis_orientation=0.000 penis_translation=0.000 penis_solver=0.000 testicles=0.020 testicle_active=0.020 breasts=0.019 breasts_active=0.019 butt=0.019 butt_active=0.019 addons=0.011 addon_activation=0.010 addon_drive=0.000 addon_guard=0.000 addon_parent_pivot=0.000 addon_parent_translation=0.000 addon_parent_rotation=0.000 addon_gravity=0.000 addon_rotation_binding=0.000 addon_validation=0.000 addon_solver=0.000 addon_output=0.000 addon_cache=0.004 late=0.000 late_testicles=0.000 late_breasts=0.000 late_butt=0.000 traverse=0.000 addon_collision_body=0.000 addon_collision_self=0.000 addon_collision_addons=0.000 max_ms total=7.618 colliders=2.896 addons=0.109 calls late=457 traverse=0 body_collision=0 self_collision=0 addons_collision=0
2026-09-19 21:32:33.825 performance profile engine operation=symbols avg_ms=0.000000 max_call_ms=0.000000 calls_per_frame=0.00 window_ms=1000 frames=457 nested=1
2026-09-19 21:32:33.825 performance profile engine operation=find_object avg_ms=1.463861 max_call_ms=0.160700 calls_per_frame=7382.19 window_ms=1000 frames=457 nested=1
2026-09-19 21:32:33.825 performance profile engine operation=script_find avg_ms=0.000000 max_call_ms=0.000000 calls_per_frame=0.00 window_ms=1000 frames=457 nested=1
2026-09-19 21:32:33.826 performance profile engine operation=axis_lookup avg_ms=1.978802 max_call_ms=0.659600 calls_per_frame=8.34 window_ms=1000 frames=457 nested=1
2026-09-19 21:32:33.826 performance profile engine operation=pivot_query avg_ms=0.000000 max_call_ms=0.000000 calls_per_frame=0.00 window_ms=1000 frames=457 nested=1
2026-09-19 21:32:33.826 collision profile window_ms=1000 frames=457 avg_ms body_collection=0.000000 body_solve=0.000000 body_position=0.000000 body_refine=0.000000 body_velocity=0.000000 addon_prepare_query=0.000000 addon_coherent_solve=0.000000 addon_visible_solve=0.000000 room_sphere=0.000000 room_sweep=0.000000 room_single=0.000000
2026-09-19 21:32:33.826 collision profile window_ms=1000 frames=457 max_call_ms body_collection=0.000000 body_solve=0.000000 body_position=0.000000 body_refine=0.000000 body_velocity=0.000000 addon_prepare_query=0.000000 addon_coherent_solve=0.000000 addon_visible_solve=0.000000 room_sphere=0.000000 room_sweep=0.000000 room_single=0.000000
2026-09-19 21:32:33.826 collision profile window_ms=1000 frames=457 calls body_collection=0 body_solve=0 body_position=0 body_refine=0 body_velocity=0 addon_prepare_query=0 addon_coherent_solve=0 addon_visible_solve=0 room_sphere=0 room_sweep=0 room_single=0
2026-09-19 21:32:33.827 collision profile window_ms=1000 frames=457 counts body_contacts=0 body_passes=0 body_jacobians=0 body_predictions=0 addon_contacts=0 addon_passes=0 addon_gradients=0 room_nodes=0 room_triangles=0
2026-09-19 21:32:34.830 performance profile window_ms=1000 frames=479 avg_ms total=1.946 housekeeping=0.005 bindings=0.003 diagnostics=0.001 colliders=1.834 axes=0.008 penis=0.020 penis_ownership=0.000 penis_gravity=0.000 penis_collision=0.000 penis_setup=0.000 penis_orientation=0.000 penis_translation=0.000 penis_solver=0.000 testicles=0.021 testicle_active=0.020 breasts=0.021 breasts_active=0.021 butt=0.021 butt_active=0.021 addons=0.010 addon_activation=0.010 addon_drive=0.000 addon_guard=0.000 addon_parent_pivot=0.000 addon_parent_translation=0.000 addon_parent_rotation=0.000 addon_gravity=0.000 addon_rotation_binding=0.000 addon_validation=0.000 addon_solver=0.000 addon_output=0.000 addon_cache=0.003 late=0.000 late_testicles=0.000 late_breasts=0.000 late_butt=0.000 traverse=0.000 addon_collision_body=0.000 addon_collision_self=0.000 addon_collision_addons=0.000 max_ms total=9.728 colliders=2.686 addons=0.129 calls late=479 traverse=0 body_collision=0 self_collision=0 addons_collision=0
2026-09-19 21:32:34.830 performance profile engine operation=symbols avg_ms=0.000000 max_call_ms=0.000000 calls_per_frame=0.00 window_ms=1000 frames=479 nested=1
2026-09-19 21:32:34.830 performance profile engine operation=find_object avg_ms=1.414551 max_call_ms=0.165500 calls_per_frame=7401.58 window_ms=1000 frames=479 nested=1
2026-09-19 21:32:34.830 performance profile engine operation=script_find avg_ms=0.000000 max_call_ms=0.000000 calls_per_frame=0.00 window_ms=1000 frames=479 nested=1
2026-09-19 21:32:34.831 performance profile engine operation=axis_lookup avg_ms=1.913923 max_call_ms=0.493300 calls_per_frame=8.36 window_ms=1000 frames=479 nested=1
2026-09-19 21:32:34.831 performance profile engine operation=pivot_query avg_ms=0.000000 max_call_ms=0.000000 calls_per_frame=0.00 window_ms=1000 frames=479 nested=1
2026-09-19 21:32:34.832 collision profile window_ms=1000 frames=479 avg_ms body_collection=0.000000 body_solve=0.000000 body_position=0.000000 body_refine=0.000000 body_velocity=0.000000 addon_prepare_query=0.000000 addon_coherent_solve=0.000000 addon_visible_solve=0.000000 room_sphere=0.000000 room_sweep=0.000000 room_single=0.000000
2026-09-19 21:32:34.832 collision profile window_ms=1000 frames=479 max_call_ms body_collection=0.000000 body_solve=0.000000 body_position=0.000000 body_refine=0.000000 body_velocity=0.000000 addon_prepare_query=0.000000 addon_coherent_solve=0.000000 addon_visible_solve=0.000000 room_sphere=0.000000 room_sweep=0.000000 room_single=0.000000
2026-09-19 21:32:34.832 collision profile window_ms=1000 frames=479 calls body_collection=0 body_solve=0 body_position=0 body_refine=0 body_velocity=0 addon_prepare_query=0 addon_coherent_solve=0 addon_visible_solve=0 room_sphere=0 room_sweep=0 room_single=0
2026-09-19 21:32:34.832 collision profile window_ms=1000 frames=479 counts body_contacts=0 body_passes=0 body_jacobians=0 body_predictions=0 addon_contacts=0 addon_passes=0 addon_gradients=0 room_nodes=0 room_triangles=0
2026-09-19 21:32:35.824 performance profile window_ms=1000 frames=431 avg_ms total=2.104 housekeeping=0.006 bindings=0.004 diagnostics=0.001 colliders=1.977 axes=0.007 penis=0.022 penis_ownership=0.000 penis_gravity=0.000 penis_collision=0.000 penis_setup=0.000 penis_orientation=0.000 penis_translation=0.000 penis_solver=0.000 testicles=0.023 testicle_active=0.022 breasts=0.022 breasts_active=0.022 butt=0.023 butt_active=0.023 addons=0.013 addon_activation=0.012 addon_drive=0.000 addon_guard=0.000 addon_parent_pivot=0.000 addon_parent_translation=0.000 addon_parent_rotation=0.000 addon_gravity=0.000 addon_rotation_binding=0.000 addon_validation=0.000 addon_solver=0.000 addon_output=0.000 addon_cache=0.006 late=0.001 late_testicles=0.000 late_breasts=0.000 late_butt=0.000 traverse=0.000 addon_collision_body=0.000 addon_collision_self=0.000 addon_collision_addons=0.000 max_ms total=8.088 colliders=2.886 addons=0.132 calls late=431 traverse=0 body_collision=0 self_collision=0 addons_collision=0
2026-09-19 21:32:35.824 performance profile engine operation=symbols avg_ms=0.000000 max_call_ms=0.000000 calls_per_frame=0.00 window_ms=1000 frames=431 nested=1
2026-09-19 21:32:35.824 performance profile engine operation=find_object avg_ms=1.523946 max_call_ms=0.308300 calls_per_frame=7400.42 window_ms=1000 frames=431 nested=1
2026-09-19 21:32:35.824 performance profile engine operation=script_find avg_ms=0.000000 max_call_ms=0.000000 calls_per_frame=0.00 window_ms=1000 frames=431 nested=1
2026-09-19 21:32:35.825 performance profile engine operation=axis_lookup avg_ms=2.061037 max_call_ms=0.560300 calls_per_frame=8.36 window_ms=1000 frames=431 nested=1
2026-09-19 21:32:35.825 performance profile engine operation=pivot_query avg_ms=0.000000 max_call_ms=0.000000 calls_per_frame=0.00 window_ms=1000 frames=431 nested=1
2026-09-19 21:32:35.825 collision profile window_ms=1000 frames=431 avg_ms body_collection=0.000000 body_solve=0.000000 body_position=0.000000 body_refine=0.000000 body_velocity=0.000000 addon_prepare_query=0.000000 addon_coherent_solve=0.000000 addon_visible_solve=0.000000 room_sphere=0.000000 room_sweep=0.000000 room_single=0.000000
2026-09-19 21:32:35.825 collision profile window_ms=1000 frames=431 max_call_ms body_collection=0.000000 body_solve=0.000000 body_position=0.000000 body_refine=0.000000 body_velocity=0.000000 addon_prepare_query=0.000000 addon_coherent_solve=0.000000 addon_visible_solve=0.000000 room_sphere=0.000000 room_sweep=0.000000 room_single=0.000000
2026-09-19 21:32:35.825 collision profile window_ms=1000 frames=431 calls body_collection=0 body_solve=0 body_position=0 body_refine=0 body_velocity=0 addon_prepare_query=0 addon_coherent_solve=0 addon_visible_solve=0 room_sphere=0 room_sweep=0 room_single=0
2026-09-19 21:32:35.826 collision profile window_ms=1000 frames=431 counts body_contacts=0 body_passes=0 body_jacobians=0 body_predictions=0 addon_contacts=0 addon_passes=0 addon_gradients=0 room_nodes=0 room_triangles=0
2026-09-19 21:32:36.824 performance profile window_ms=1000 frames=453 avg_ms total=2.054 housekeeping=0.005 bindings=0.005 diagnostics=0.001 colliders=1.944 axes=0.005 penis=0.020 penis_ownership=0.000 penis_gravity=0.000 penis_collision=0.000 penis_setup=0.000 penis_orientation=0.000 penis_translation=0.000 penis_solver=0.000 testicles=0.020 testicle_active=0.020 breasts=0.020 breasts_active=0.020 butt=0.020 butt_active=0.019 addons=0.011 addon_activation=0.010 addon_drive=0.000 addon_guard=0.000 addon_parent_pivot=0.000 addon_parent_translation=0.000 addon_parent_rotation=0.000 addon_gravity=0.000 addon_rotation_binding=0.000 addon_validation=0.000 addon_solver=0.000 addon_output=0.000 addon_cache=0.003 late=0.000 late_testicles=0.000 late_breasts=0.000 late_butt=0.000 traverse=0.000 addon_collision_body=0.000 addon_collision_self=0.000 addon_collision_addons=0.000 max_ms total=8.116 colliders=2.700 addons=0.116 calls late=453 traverse=0 body_collision=0 self_collision=0 addons_collision=0
2026-09-19 21:32:36.824 performance profile engine operation=symbols avg_ms=0.000000 max_call_ms=0.000000 calls_per_frame=0.00 window_ms=1000 frames=453 nested=1
2026-09-19 21:32:36.825 performance profile engine operation=find_object avg_ms=1.491061 max_call_ms=0.130900 calls_per_frame=7377.05 window_ms=1000 frames=453 nested=1
2026-09-19 21:32:36.825 performance profile engine operation=script_find avg_ms=0.000000 max_call_ms=0.000000 calls_per_frame=0.00 window_ms=1000 frames=453 nested=1
2026-09-19 21:32:36.825 performance profile engine operation=axis_lookup avg_ms=2.018320 max_call_ms=0.484200 calls_per_frame=8.34 window_ms=1000 frames=453 nested=1
2026-09-19 21:32:36.825 performance profile engine operation=pivot_query avg_ms=0.000000 max_call_ms=0.000000 calls_per_frame=0.00 window_ms=1000 frames=453 nested=1
2026-09-19 21:32:36.826 collision profile window_ms=1000 frames=453 avg_ms body_collection=0.000000 body_solve=0.000000 body_position=0.000000 body_refine=0.000000 body_velocity=0.000000 addon_prepare_query=0.000000 addon_coherent_solve=0.000000 addon_visible_solve=0.000000 room_sphere=0.000000 room_sweep=0.000000 room_single=0.000000
2026-09-19 21:32:36.826 collision profile window_ms=1000 frames=453 max_call_ms body_collection=0.000000 body_solve=0.000000 body_position=0.000000 body_refine=0.000000 body_velocity=0.000000 addon_prepare_query=0.000000 addon_coherent_solve=0.000000 addon_visible_solve=0.000000 room_sphere=0.000000 room_sweep=0.000000 room_single=0.000000
2026-09-19 21:32:36.826 collision profile window_ms=1000 frames=453 calls body_collection=0 body_solve=0 body_position=0 body_refine=0 body_velocity=0 addon_prepare_query=0 addon_coherent_solve=0 addon_visible_solve=0 room_sphere=0 room_sweep=0 room_single=0
2026-09-19 21:32:36.826 collision profile window_ms=1000 frames=453 counts body_contacts=0 body_passes=0 body_jacobians=0 body_predictions=0 addon_contacts=0 addon_passes=0 addon_gradients=0 room_nodes=0 room_triangles=0
2026-09-19 21:32:37.823 performance profile window_ms=1000 frames=385 avg_ms total=2.391 housekeeping=0.007 bindings=0.004 diagnostics=0.001 colliders=2.242 axes=0.011 penis=0.027 penis_ownership=0.000 penis_gravity=0.000 penis_collision=0.000 penis_setup=0.000 penis_orientation=0.000 penis_translation=0.000 penis_solver=0.000 testicles=0.026 testicle_active=0.025 breasts=0.027 breasts_active=0.027 butt=0.026 butt_active=0.026 addons=0.015 addon_activation=0.015 addon_drive=0.000 addon_guard=0.000 addon_parent_pivot=0.000 addon_parent_translation=0.000 addon_parent_rotation=0.000 addon_gravity=0.000 addon_rotation_binding=0.000 addon_validation=0.000 addon_solver=0.000 addon_output=0.000 addon_cache=0.004 late=0.001 late_testicles=0.000 late_breasts=0.000 late_butt=0.000 traverse=0.000 addon_collision_body=0.000 addon_collision_self=0.000 addon_collision_addons=0.000 max_ms total=8.063 colliders=2.768 addons=0.164 calls late=385 traverse=0 body_collision=0 self_collision=0 addons_collision=0
2026-09-19 21:32:37.823 performance profile engine operation=symbols avg_ms=0.000000 max_call_ms=0.000000 calls_per_frame=0.00 window_ms=1000 frames=385 nested=1
2026-09-19 21:32:37.823 performance profile engine operation=find_object avg_ms=1.734818 max_call_ms=0.153300 calls_per_frame=7443.31 window_ms=1000 frames=385 nested=1
2026-09-19 21:32:37.824 performance profile engine operation=script_find avg_ms=0.000000 max_call_ms=0.000000 calls_per_frame=0.00 window_ms=1000 frames=385 nested=1
2026-09-19 21:32:37.824 performance profile engine operation=axis_lookup avg_ms=2.345212 max_call_ms=0.466600 calls_per_frame=8.41 window_ms=1000 frames=385 nested=1
2026-09-19 21:32:37.824 performance profile engine operation=pivot_query avg_ms=0.000000 max_call_ms=0.000000 calls_per_frame=0.00 window_ms=1000 frames=385 nested=1
2026-09-19 21:32:37.825 collision profile window_ms=1000 frames=385 avg_ms body_collection=0.000000 body_solve=0.000000 body_position=0.000000 body_refine=0.000000 body_velocity=0.000000 addon_prepare_query=0.000000 addon_coherent_solve=0.000000 addon_visible_solve=0.000000 room_sphere=0.000000 room_sweep=0.000000 room_single=0.000000
2026-09-19 21:32:37.825 collision profile window_ms=1000 frames=385 max_call_ms body_collection=0.000000 body_solve=0.000000 body_position=0.000000 body_refine=0.000000 body_velocity=0.000000 addon_prepare_query=0.000000 addon_coherent_solve=0.000000 addon_visible_solve=0.000000 room_sphere=0.000000 room_sweep=0.000000 room_single=0.000000
2026-09-19 21:32:37.825 collision profile window_ms=1000 frames=385 calls body_collection=0 body_solve=0 body_position=0 body_refine=0 body_velocity=0 addon_prepare_query=0 addon_coherent_solve=0 addon_visible_solve=0 room_sphere=0 room_sweep=0 room_single=0
2026-09-19 21:32:37.825 collision profile window_ms=1000 frames=385 counts body_contacts=0 body_passes=0 body_jacobians=0 body_predictions=0 addon_contacts=0 addon_passes=0 addon_gradients=0 room_nodes=0 room_triangles=0
2026-09-19 21:32:38.826 performance profile window_ms=1000 frames=420 avg_ms total=2.198 housekeeping=0.006 bindings=0.006 diagnostics=0.001 colliders=2.068 axes=0.009 penis=0.022 penis_ownership=0.000 penis_gravity=0.000 penis_collision=0.000 penis_setup=0.000 penis_orientation=0.000 penis_translation=0.000 penis_solver=0.000 testicles=0.022 testicle_active=0.022 breasts=0.023 breasts_active=0.022 butt=0.022 butt_active=0.022 addons=0.013 addon_activation=0.013 addon_drive=0.000 addon_guard=0.000 addon_parent_pivot=0.000 addon_parent_translation=0.000 addon_parent_rotation=0.000 addon_gravity=0.000 addon_rotation_binding=0.000 addon_validation=0.000 addon_solver=0.000 addon_output=0.000 addon_cache=0.005 late=0.001 late_testicles=0.000 late_breasts=0.000 late_butt=0.000 traverse=0.000 addon_collision_body=0.000 addon_collision_self=0.000 addon_collision_addons=0.000 max_ms total=7.691 colliders=3.159 addons=0.132 calls late=420 traverse=0 body_collision=0 self_collision=0 addons_collision=0
2026-09-19 21:32:38.826 performance profile engine operation=symbols avg_ms=0.000000 max_call_ms=0.000000 calls_per_frame=0.00 window_ms=1000 frames=420 nested=1
2026-09-19 21:32:38.827 performance profile engine operation=find_object avg_ms=1.591099 max_call_ms=0.182200 calls_per_frame=7413.03 window_ms=1000 frames=420 nested=1
2026-09-19 21:32:38.827 performance profile engine operation=script_find avg_ms=0.000000 max_call_ms=0.000000 calls_per_frame=0.00 window_ms=1000 frames=420 nested=1
2026-09-19 21:32:38.827 performance profile engine operation=axis_lookup avg_ms=2.153825 max_call_ms=0.600100 calls_per_frame=8.38 window_ms=1000 frames=420 nested=1
2026-09-19 21:32:38.827 performance profile engine operation=pivot_query avg_ms=0.000000 max_call_ms=0.000000 calls_per_frame=0.00 window_ms=1000 frames=420 nested=1
2026-09-19 21:32:38.828 collision profile window_ms=1000 frames=420 avg_ms body_collection=0.000000 body_solve=0.000000 body_position=0.000000 body_refine=0.000000 body_velocity=0.000000 addon_prepare_query=0.000000 addon_coherent_solve=0.000000 addon_visible_solve=0.000000 room_sphere=0.000000 room_sweep=0.000000 room_single=0.000000
2026-09-19 21:32:38.828 collision profile window_ms=1000 frames=420 max_call_ms body_collection=0.000000 body_solve=0.000000 body_position=0.000000 body_refine=0.000000 body_velocity=0.000000 addon_prepare_query=0.000000 addon_coherent_solve=0.000000 addon_visible_solve=0.000000 room_sphere=0.000000 room_sweep=0.000000 room_single=0.000000
2026-09-19 21:32:38.828 collision profile window_ms=1000 frames=420 calls body_collection=0 body_solve=0 body_position=0 body_refine=0 body_velocity=0 addon_prepare_query=0 addon_coherent_solve=0 addon_visible_solve=0 room_sphere=0 room_sweep=0 room_single=0
2026-09-19 21:32:38.828 collision profile window_ms=1000 frames=420 counts body_contacts=0 body_passes=0 body_jacobians=0 body_predictions=0 addon_contacts=0 addon_passes=0 addon_gradients=0 room_nodes=0 room_triangles=0
2026-09-19 21:32:39.822 performance profile window_ms=1000 frames=452 avg_ms total=2.029 housekeeping=0.006 bindings=0.004 diagnostics=0.001 colliders=1.921 axes=0.003 penis=0.019 penis_ownership=0.000 penis_gravity=0.000 penis_collision=0.000 penis_setup=0.000 penis_orientation=0.000 penis_translation=0.000 penis_solver=0.000 testicles=0.020 testicle_active=0.020 breasts=0.020 breasts_active=0.020 butt=0.019 butt_active=0.019 addons=0.011 addon_activation=0.011 addon_drive=0.000 addon_guard=0.000 addon_parent_pivot=0.000 addon_parent_translation=0.000 addon_parent_rotation=0.000 addon_gravity=0.000 addon_rotation_binding=0.000 addon_validation=0.000 addon_solver=0.000 addon_output=0.000 addon_cache=0.004 late=0.000 late_testicles=0.000 late_breasts=0.000 late_butt=0.000 traverse=0.000 addon_collision_body=0.000 addon_collision_self=0.000 addon_collision_addons=0.000 max_ms total=7.842 colliders=4.308 addons=0.131 calls late=452 traverse=0 body_collision=0 self_collision=0 addons_collision=0
2026-09-19 21:32:39.823 performance profile engine operation=symbols avg_ms=0.000000 max_call_ms=0.000000 calls_per_frame=0.00 window_ms=1000 frames=452 nested=1
2026-09-19 21:32:39.823 performance profile engine operation=find_object avg_ms=1.472105 max_call_ms=0.679900 calls_per_frame=7373.79 window_ms=1000 frames=452 nested=1
2026-09-19 21:32:39.823 performance profile engine operation=script_find avg_ms=0.000000 max_call_ms=0.000000 calls_per_frame=0.00 window_ms=1000 frames=452 nested=1
2026-09-19 21:32:39.823 performance profile engine operation=axis_lookup avg_ms=1.991887 max_call_ms=1.422500 calls_per_frame=8.33 window_ms=1000 frames=452 nested=1
2026-09-19 21:32:39.824 performance profile engine operation=pivot_query avg_ms=0.000000 max_call_ms=0.000000 calls_per_frame=0.00 window_ms=1000 frames=452 nested=1
2026-09-19 21:32:39.824 collision profile window_ms=1000 frames=452 avg_ms body_collection=0.000000 body_solve=0.000000 body_position=0.000000 body_refine=0.000000 body_velocity=0.000000 addon_prepare_query=0.000000 addon_coherent_solve=0.000000 addon_visible_solve=0.000000 room_sphere=0.000000 room_sweep=0.000000 room_single=0.000000
2026-09-19 21:32:39.825 collision profile window_ms=1000 frames=452 max_call_ms body_collection=0.000000 body_solve=0.000000 body_position=0.000000 body_refine=0.000000 body_velocity=0.000000 addon_prepare_query=0.000000 addon_coherent_solve=0.000000 addon_visible_solve=0.000000 room_sphere=0.000000 room_sweep=0.000000 room_single=0.000000
2026-09-19 21:32:39.825 collision profile window_ms=1000 frames=452 calls body_collection=0 body_solve=0 body_position=0 body_refine=0 body_velocity=0 addon_prepare_query=0 addon_coherent_solve=0 addon_visible_solve=0 room_sphere=0 room_sweep=0 room_single=0
2026-09-19 21:32:39.825 collision profile window_ms=1000 frames=452 counts body_contacts=0 body_passes=0 body_jacobians=0 body_predictions=0 addon_contacts=0 addon_passes=0 addon_gradients=0 room_nodes=0 room_triangles=0
2026-09-19 21:32:40.823 performance profile window_ms=1000 frames=447 avg_ms total=2.089 housekeeping=0.006 bindings=0.004 diagnostics=0.000 colliders=1.977 axes=0.008 penis=0.020 penis_ownership=0.000 penis_gravity=0.000 penis_collision=0.000 penis_setup=0.000 penis_orientation=0.000 penis_translation=0.000 penis_solver=0.000 testicles=0.019 testicle_active=0.019 breasts=0.020 breasts_active=0.020 butt=0.020 butt_active=0.019 addons=0.012 addon_activation=0.011 addon_drive=0.000 addon_guard=0.000 addon_parent_pivot=0.000 addon_parent_translation=0.000 addon_parent_rotation=0.000 addon_gravity=0.000 addon_rotation_binding=0.000 addon_validation=0.000 addon_solver=0.000 addon_output=0.000 addon_cache=0.003 late=0.000 late_testicles=0.000 late_breasts=0.000 late_butt=0.000 traverse=0.000 addon_collision_body=0.000 addon_collision_self=0.000 addon_collision_addons=0.000 max_ms total=7.338 colliders=2.737 addons=0.118 calls late=447 traverse=0 body_collision=0 self_collision=0 addons_collision=0
2026-09-19 21:32:40.825 performance profile engine operation=symbols avg_ms=0.000000 max_call_ms=0.000000 calls_per_frame=0.00 window_ms=1000 frames=447 nested=1
2026-09-19 21:32:40.825 performance profile engine operation=find_object avg_ms=1.516243 max_call_ms=0.085600 calls_per_frame=7392.91 window_ms=1000 frames=447 nested=1
2026-09-19 21:32:40.826 performance profile engine operation=script_find avg_ms=0.000000 max_call_ms=0.000000 calls_per_frame=0.00 window_ms=1000 frames=447 nested=1
2026-09-19 21:32:40.826 performance profile engine operation=axis_lookup avg_ms=2.054643 max_call_ms=0.403600 calls_per_frame=8.35 window_ms=1000 frames=447 nested=1
2026-09-19 21:32:40.826 performance profile engine operation=pivot_query avg_ms=0.000000 max_call_ms=0.000000 calls_per_frame=0.00 window_ms=1000 frames=447 nested=1
2026-09-19 21:32:40.826 collision profile window_ms=1000 frames=447 avg_ms body_collection=0.000000 body_solve=0.000000 body_position=0.000000 body_refine=0.000000 body_velocity=0.000000 addon_prepare_query=0.000000 addon_coherent_solve=0.000000 addon_visible_solve=0.000000 room_sphere=0.000000 room_sweep=0.000000 room_single=0.000000
2026-09-19 21:32:40.827 collision profile window_ms=1000 frames=447 max_call_ms body_collection=0.000000 body_solve=0.000000 body_position=0.000000 body_refine=0.000000 body_velocity=0.000000 addon_prepare_query=0.000000 addon_coherent_solve=0.000000 addon_visible_solve=0.000000 room_sphere=0.000000 room_sweep=0.000000 room_single=0.000000
2026-09-19 21:32:40.827 collision profile window_ms=1000 frames=447 calls body_collection=0 body_solve=0 body_position=0 body_refine=0 body_velocity=0 addon_prepare_query=0 addon_coherent_solve=0 addon_visible_solve=0 room_sphere=0 room_sweep=0 room_single=0
2026-09-19 21:32:40.827 collision profile window_ms=1000 frames=447 counts body_contacts=0 body_passes=0 body_jacobians=0 body_predictions=0 addon_contacts=0 addon_passes=0 addon_gradients=0 room_nodes=0 room_triangles=0
2026-09-19 21:32:41.830 performance profile window_ms=1000 frames=449 avg_ms total=2.072 housekeeping=0.006 bindings=0.004 diagnostics=0.001 colliders=1.950 axes=0.006 penis=0.022 penis_ownership=0.000 penis_gravity=0.000 penis_collision=0.000 penis_setup=0.000 penis_orientation=0.000 penis_translation=0.000 penis_solver=0.000 testicles=0.023 testicle_active=0.022 breasts=0.023 breasts_active=0.023 butt=0.022 butt_active=0.022 addons=0.011 addon_activation=0.011 addon_drive=0.000 addon_guard=0.000 addon_parent_pivot=0.000 addon_parent_translation=0.000 addon_parent_rotation=0.000 addon_gravity=0.000 addon_rotation_binding=0.000 addon_validation=0.000 addon_solver=0.000 addon_output=0.000 addon_cache=0.003 late=0.000 late_testicles=0.000 late_breasts=0.000 late_butt=0.000 traverse=0.000 addon_collision_body=0.000 addon_collision_self=0.000 addon_collision_addons=0.000 max_ms total=9.478 colliders=2.693 addons=0.118 calls late=449 traverse=0 body_collision=0 self_collision=0 addons_collision=0
2026-09-19 21:32:41.830 performance profile engine operation=symbols avg_ms=0.000000 max_call_ms=0.000000 calls_per_frame=0.00 window_ms=1000 frames=449 nested=1
2026-09-19 21:32:41.830 performance profile engine operation=find_object avg_ms=1.502000 max_call_ms=0.078800 calls_per_frame=7419.12 window_ms=1000 frames=449 nested=1
2026-09-19 21:32:41.831 performance profile engine operation=script_find avg_ms=0.000000 max_call_ms=0.000000 calls_per_frame=0.00 window_ms=1000 frames=449 nested=1
2026-09-19 21:32:41.831 performance profile engine operation=axis_lookup avg_ms=2.035306 max_call_ms=0.441000 calls_per_frame=8.38 window_ms=1000 frames=449 nested=1
2026-09-19 21:32:41.831 performance profile engine operation=pivot_query avg_ms=0.000000 max_call_ms=0.000000 calls_per_frame=0.00 window_ms=1000 frames=449 nested=1
2026-09-19 21:32:41.831 collision profile window_ms=1000 frames=449 avg_ms body_collection=0.000000 body_solve=0.000000 body_position=0.000000 body_refine=0.000000 body_velocity=0.000000 addon_prepare_query=0.000000 addon_coherent_solve=0.000000 addon_visible_solve=0.000000 room_sphere=0.000000 room_sweep=0.000000 room_single=0.000000
2026-09-19 21:32:41.831 collision profile window_ms=1000 frames=449 max_call_ms body_collection=0.000000 body_solve=0.000000 body_position=0.000000 body_refine=0.000000 body_velocity=0.000000 addon_prepare_query=0.000000 addon_coherent_solve=0.000000 addon_visible_solve=0.000000 room_sphere=0.000000 room_sweep=0.000000 room_single=0.000000
2026-09-19 21:32:41.831 collision profile window_ms=1000 frames=449 calls body_collection=0 body_solve=0 body_position=0 body_refine=0 body_velocity=0 addon_prepare_query=0 addon_coherent_solve=0 addon_visible_solve=0 room_sphere=0 room_sweep=0 room_single=0
2026-09-19 21:32:41.832 collision profile window_ms=1000 frames=449 counts body_contacts=0 body_passes=0 body_jacobians=0 body_predictions=0 addon_contacts=0 addon_passes=0 addon_gradients=0 room_nodes=0 room_triangles=0
2026-09-19 21:32:42.823 performance profile window_ms=1000 frames=476 avg_ms total=1.936 housekeeping=0.005 bindings=0.003 diagnostics=0.000 colliders=1.838 axes=0.005 penis=0.018 penis_ownership=0.000 penis_gravity=0.000 penis_collision=0.000 penis_setup=0.000 penis_orientation=0.000 penis_translation=0.000 penis_solver=0.000 testicles=0.018 testicle_active=0.018 breasts=0.018 breasts_active=0.018 butt=0.018 butt_active=0.018 addons=0.010 addon_activation=0.009 addon_drive=0.000 addon_guard=0.000 addon_parent_pivot=0.000 addon_parent_translation=0.000 addon_parent_rotation=0.000 addon_gravity=0.000 addon_rotation_binding=0.000 addon_validation=0.000 addon_solver=0.000 addon_output=0.000 addon_cache=0.003 late=0.000 late_testicles=0.000 late_breasts=0.000 late_butt=0.000 traverse=0.000 addon_collision_body=0.000 addon_collision_self=0.000 addon_collision_addons=0.000 max_ms total=7.691 colliders=3.040 addons=0.125 calls late=476 traverse=0 body_collision=0 self_collision=0 addons_collision=0
2026-09-19 21:32:42.823 performance profile engine operation=symbols avg_ms=0.000000 max_call_ms=0.000000 calls_per_frame=0.00 window_ms=1000 frames=476 nested=1
2026-09-19 21:32:42.823 performance profile engine operation=find_object avg_ms=1.408146 max_call_ms=0.440100 calls_per_frame=7366.41 window_ms=1000 frames=476 nested=1
2026-09-19 21:32:42.823 performance profile engine operation=script_find avg_ms=0.000000 max_call_ms=0.000000 calls_per_frame=0.00 window_ms=1000 frames=476 nested=1
2026-09-19 21:32:42.823 performance profile engine operation=axis_lookup avg_ms=1.904854 max_call_ms=0.760700 calls_per_frame=8.32 window_ms=1000 frames=476 nested=1
2026-09-19 21:32:42.824 performance profile engine operation=pivot_query avg_ms=0.000000 max_call_ms=0.000000 calls_per_frame=0.00 window_ms=1000 frames=476 nested=1
2026-09-19 21:32:42.824 collision profile window_ms=1000 frames=476 avg_ms body_collection=0.000000 body_solve=0.000000 body_position=0.000000 body_refine=0.000000 body_velocity=0.000000 addon_prepare_query=0.000000 addon_coherent_solve=0.000000 addon_visible_solve=0.000000 room_sphere=0.000000 room_sweep=0.000000 room_single=0.000000
2026-09-19 21:32:42.824 collision profile window_ms=1000 frames=476 max_call_ms body_collection=0.000000 body_solve=0.000000 body_position=0.000000 body_refine=0.000000 body_velocity=0.000000 addon_prepare_query=0.000000 addon_coherent_solve=0.000000 addon_visible_solve=0.000000 room_sphere=0.000000 room_sweep=0.000000 room_single=0.000000
2026-09-19 21:32:42.824 collision profile window_ms=1000 frames=476 calls body_collection=0 body_solve=0 body_position=0 body_refine=0 body_velocity=0 addon_prepare_query=0 addon_coherent_solve=0 addon_visible_solve=0 room_sphere=0 room_sweep=0 room_single=0
2026-09-19 21:32:42.824 collision profile window_ms=1000 frames=476 counts body_contacts=0 body_passes=0 body_jacobians=0 body_predictions=0 addon_contacts=0 addon_passes=0 addon_gradients=0 room_nodes=0 room_triangles=0
2026-09-19 21:32:43.822 performance profile window_ms=1000 frames=491 avg_ms total=1.902 housekeeping=0.005 bindings=0.003 diagnostics=0.000 colliders=1.808 axes=0.007 penis=0.016 penis_ownership=0.000 penis_gravity=0.000 penis_collision=0.000 penis_setup=0.000 penis_orientation=0.000 penis_translation=0.000 penis_solver=0.000 testicles=0.017 testicle_active=0.016 breasts=0.018 breasts_active=0.017 butt=0.016 butt_active=0.016 addons=0.009 addon_activation=0.009 addon_drive=0.000 addon_guard=0.000 addon_parent_pivot=0.000 addon_parent_translation=0.000 addon_parent_rotation=0.000 addon_gravity=0.000 addon_rotation_binding=0.000 addon_validation=0.000 addon_solver=0.000 addon_output=0.000 addon_cache=0.002 late=0.000 late_testicles=0.000 late_breasts=0.000 late_butt=0.000 traverse=0.000 addon_collision_body=0.000 addon_collision_self=0.000 addon_collision_addons=0.000 max_ms total=7.506 colliders=2.658 addons=0.113 calls late=491 traverse=0 body_collision=0 self_collision=0 addons_collision=0
2026-09-19 21:32:43.823 performance profile engine operation=symbols avg_ms=0.000000 max_call_ms=0.000000 calls_per_frame=0.00 window_ms=1000 frames=491 nested=1
2026-09-19 21:32:43.823 performance profile engine operation=find_object avg_ms=1.383954 max_call_ms=0.070200 calls_per_frame=7364.87 window_ms=1000 frames=491 nested=1
2026-09-19 21:32:43.823 performance profile engine operation=script_find avg_ms=0.000000 max_call_ms=0.000000 calls_per_frame=0.00 window_ms=1000 frames=491 nested=1
2026-09-19 21:32:43.823 performance profile engine operation=axis_lookup avg_ms=1.872514 max_call_ms=0.383500 calls_per_frame=8.32 window_ms=1000 frames=491 nested=1
2026-09-19 21:32:43.823 performance profile engine operation=pivot_query avg_ms=0.000000 max_call_ms=0.000000 calls_per_frame=0.00 window_ms=1000 frames=491 nested=1
2026-09-19 21:32:43.823 collision profile window_ms=1000 frames=491 avg_ms body_collection=0.000000 body_solve=0.000000 body_position=0.000000 body_refine=0.000000 body_velocity=0.000000 addon_prepare_query=0.000000 addon_coherent_solve=0.000000 addon_visible_solve=0.000000 room_sphere=0.000000 room_sweep=0.000000 room_single=0.000000
2026-09-19 21:32:43.823 collision profile window_ms=1000 frames=491 max_call_ms body_collection=0.000000 body_solve=0.000000 body_position=0.000000 body_refine=0.000000 body_velocity=0.000000 addon_prepare_query=0.000000 addon_coherent_solve=0.000000 addon_visible_solve=0.000000 room_sphere=0.000000 room_sweep=0.000000 room_single=0.000000
2026-09-19 21:32:43.823 collision profile window_ms=1000 frames=491 calls body_collection=0 body_solve=0 body_position=0 body_refine=0 body_velocity=0 addon_prepare_query=0 addon_coherent_solve=0 addon_visible_solve=0 room_sphere=0 room_sweep=0 room_single=0
2026-09-19 21:32:43.823 collision profile window_ms=1000 frames=491 counts body_contacts=0 body_passes=0 body_jacobians=0 body_predictions=0 addon_contacts=0 addon_passes=0 addon_gradients=0 room_nodes=0 room_triangles=0
2026-09-19 21:32:44.822 performance profile window_ms=1000 frames=493 avg_ms total=1.891 housekeeping=0.005 bindings=0.003 diagnostics=0.000 colliders=1.794 axes=0.005 penis=0.018 penis_ownership=0.000 penis_gravity=0.000 penis_collision=0.000 penis_setup=0.000 penis_orientation=0.000 penis_translation=0.000 penis_solver=0.000 testicles=0.018 testicle_active=0.018 breasts=0.018 breasts_active=0.018 butt=0.018 butt_active=0.017 addons=0.010 addon_activation=0.009 addon_drive=0.000 addon_guard=0.000 addon_parent_pivot=0.000 addon_parent_translation=0.000 addon_parent_rotation=0.000 addon_gravity=0.000 addon_rotation_binding=0.000 addon_validation=0.000 addon_solver=0.000 addon_output=0.000 addon_cache=0.002 late=0.000 late_testicles=0.000 late_breasts=0.000 late_butt=0.000 traverse=0.000 addon_collision_body=0.000 addon_collision_self=0.000 addon_collision_addons=0.000 max_ms total=7.167 colliders=2.737 addons=0.116 calls late=493 traverse=0 body_collision=0 self_collision=0 addons_collision=0
2026-09-19 21:32:44.823 performance profile engine operation=symbols avg_ms=0.000000 max_call_ms=0.000000 calls_per_frame=0.00 window_ms=1000 frames=493 nested=1
2026-09-19 21:32:44.823 performance profile engine operation=find_object avg_ms=1.374755 max_call_ms=0.092500 calls_per_frame=7356.54 window_ms=1000 frames=493 nested=1
2026-09-19 21:32:44.823 performance profile engine operation=script_find avg_ms=0.000000 max_call_ms=0.000000 calls_per_frame=0.00 window_ms=1000 frames=493 nested=1
2026-09-19 21:32:44.823 performance profile engine operation=axis_lookup avg_ms=1.861194 max_call_ms=0.383300 calls_per_frame=8.31 window_ms=1000 frames=493 nested=1
2026-09-19 21:32:44.823 performance profile engine operation=pivot_query avg_ms=0.000000 max_call_ms=0.000000 calls_per_frame=0.00 window_ms=1000 frames=493 nested=1
2026-09-19 21:32:44.824 collision profile window_ms=1000 frames=493 avg_ms body_collection=0.000000 body_solve=0.000000 body_position=0.000000 body_refine=0.000000 body_velocity=0.000000 addon_prepare_query=0.000000 addon_coherent_solve=0.000000 addon_visible_solve=0.000000 room_sphere=0.000000 room_sweep=0.000000 room_single=0.000000
2026-09-19 21:32:44.824 collision profile window_ms=1000 frames=493 max_call_ms body_collection=0.000000 body_solve=0.000000 body_position=0.000000 body_refine=0.000000 body_velocity=0.000000 addon_prepare_query=0.000000 addon_coherent_solve=0.000000 addon_visible_solve=0.000000 room_sphere=0.000000 room_sweep=0.000000 room_single=0.000000
2026-09-19 21:32:44.824 collision profile window_ms=1000 frames=493 calls body_collection=0 body_solve=0 body_position=0 body_refine=0 body_velocity=0 addon_prepare_query=0 addon_coherent_solve=0 addon_visible_solve=0 room_sphere=0 room_sweep=0 room_single=0
2026-09-19 21:32:44.824 collision profile window_ms=1000 frames=493 counts body_contacts=0 body_passes=0 body_jacobians=0 body_predictions=0 addon_contacts=0 addon_passes=0 addon_gradients=0 room_nodes=0 room_triangles=0
2026-09-19 21:32:45.822 performance profile window_ms=1000 frames=498 avg_ms total=1.878 housekeeping=0.004 bindings=0.003 diagnostics=0.000 colliders=1.788 axes=0.006 penis=0.016 penis_ownership=0.000 penis_gravity=0.000 penis_collision=0.000 penis_setup=0.000 penis_orientation=0.000 penis_translation=0.000 penis_solver=0.000 testicles=0.016 testicle_active=0.016 breasts=0.016 breasts_active=0.016 butt=0.016 butt_active=0.016 addons=0.009 addon_activation=0.008 addon_drive=0.000 addon_guard=0.000 addon_parent_pivot=0.000 addon_parent_translation=0.000 addon_parent_rotation=0.000 addon_gravity=0.000 addon_rotation_binding=0.000 addon_validation=0.000 addon_solver=0.000 addon_output=0.000 addon_cache=0.002 late=0.000 late_testicles=0.000 late_breasts=0.000 late_butt=0.000 traverse=0.000 addon_collision_body=0.000 addon_collision_self=0.000 addon_collision_addons=0.000 max_ms total=5.943 colliders=2.559 addons=0.096 calls late=498 traverse=0 body_collision=0 self_collision=0 addons_collision=0
2026-09-19 21:32:45.822 performance profile engine operation=symbols avg_ms=0.000000 max_call_ms=0.000000 calls_per_frame=0.00 window_ms=1000 frames=498 nested=1
2026-09-19 21:32:45.822 performance profile engine operation=find_object avg_ms=1.367581 max_call_ms=0.195800 calls_per_frame=7360.87 window_ms=1000 frames=498 nested=1
2026-09-19 21:32:45.823 performance profile engine operation=script_find avg_ms=0.000000 max_call_ms=0.000000 calls_per_frame=0.00 window_ms=1000 frames=498 nested=1
2026-09-19 21:32:45.823 performance profile engine operation=axis_lookup avg_ms=1.850267 max_call_ms=0.537400 calls_per_frame=8.32 window_ms=1000 frames=498 nested=1
2026-09-19 21:32:45.823 performance profile engine operation=pivot_query avg_ms=0.000000 max_call_ms=0.000000 calls_per_frame=0.00 window_ms=1000 frames=498 nested=1
2026-09-19 21:32:45.823 collision profile window_ms=1000 frames=498 avg_ms body_collection=0.000000 body_solve=0.000000 body_position=0.000000 body_refine=0.000000 body_velocity=0.000000 addon_prepare_query=0.000000 addon_coherent_solve=0.000000 addon_visible_solve=0.000000 room_sphere=0.000000 room_sweep=0.000000 room_single=0.000000
2026-09-19 21:32:45.823 collision profile window_ms=1000 frames=498 max_call_ms body_collection=0.000000 body_solve=0.000000 body_position=0.000000 body_refine=0.000000 body_velocity=0.000000 addon_prepare_query=0.000000 addon_coherent_solve=0.000000 addon_visible_solve=0.000000 room_sphere=0.000000 room_sweep=0.000000 room_single=0.000000
2026-09-19 21:32:45.824 collision profile window_ms=1000 frames=498 calls body_collection=0 body_solve=0 body_position=0 body_refine=0 body_velocity=0 addon_prepare_query=0 addon_coherent_solve=0 addon_visible_solve=0 room_sphere=0 room_sweep=0 room_single=0
2026-09-19 21:32:45.824 collision profile window_ms=1000 frames=498 counts body_contacts=0 body_passes=0 body_jacobians=0 body_predictions=0 addon_contacts=0 addon_passes=0 addon_gradients=0 room_nodes=0 room_triangles=0
2026-09-19 21:32:46.825 performance profile window_ms=1000 frames=500 avg_ms total=1.876 housekeeping=0.005 bindings=0.004 diagnostics=0.000 colliders=1.786 axes=0.004 penis=0.016 penis_ownership=0.000 penis_gravity=0.000 penis_collision=0.000 penis_setup=0.000 penis_orientation=0.000 penis_translation=0.000 penis_solver=0.000 testicles=0.016 testicle_active=0.016 breasts=0.017 breasts_active=0.016 butt=0.017 butt_active=0.017 addons=0.009 addon_activation=0.009 addon_drive=0.000 addon_guard=0.000 addon_parent_pivot=0.000 addon_parent_translation=0.000 addon_parent_rotation=0.000 addon_gravity=0.000 addon_rotation_binding=0.000 addon_validation=0.000 addon_solver=0.000 addon_output=0.000 addon_cache=0.002 late=0.000 late_testicles=0.000 late_breasts=0.000 late_butt=0.000 traverse=0.000 addon_collision_body=0.000 addon_collision_self=0.000 addon_collision_addons=0.000 max_ms total=6.113 colliders=2.664 addons=0.112 calls late=500 traverse=0 body_collision=0 self_collision=0 addons_collision=0
2026-09-19 21:32:46.825 performance profile engine operation=symbols avg_ms=0.000000 max_call_ms=0.000000 calls_per_frame=0.00 window_ms=1000 frames=500 nested=1
2026-09-19 21:32:46.826 performance profile engine operation=find_object avg_ms=1.365499 max_call_ms=0.070400 calls_per_frame=7349.13 window_ms=1000 frames=500 nested=1
2026-09-19 21:32:46.826 performance profile engine operation=script_find avg_ms=0.000000 max_call_ms=0.000000 calls_per_frame=0.00 window_ms=1000 frames=500 nested=1
2026-09-19 21:32:46.826 performance profile engine operation=axis_lookup avg_ms=1.846967 max_call_ms=0.361800 calls_per_frame=8.30 window_ms=1000 frames=500 nested=1
2026-09-19 21:32:46.826 performance profile engine operation=pivot_query avg_ms=0.000000 max_call_ms=0.000000 calls_per_frame=0.00 window_ms=1000 frames=500 nested=1
2026-09-19 21:32:46.826 collision profile window_ms=1000 frames=500 avg_ms body_collection=0.000000 body_solve=0.000000 body_position=0.000000 body_refine=0.000000 body_velocity=0.000000 addon_prepare_query=0.000000 addon_coherent_solve=0.000000 addon_visible_solve=0.000000 room_sphere=0.000000 room_sweep=0.000000 room_single=0.000000
2026-09-19 21:32:46.827 collision profile window_ms=1000 frames=500 max_call_ms body_collection=0.000000 body_solve=0.000000 body_position=0.000000 body_refine=0.000000 body_velocity=0.000000 addon_prepare_query=0.000000 addon_coherent_solve=0.000000 addon_visible_solve=0.000000 room_sphere=0.000000 room_sweep=0.000000 room_single=0.000000
2026-09-19 21:32:46.827 collision profile window_ms=1000 frames=500 calls body_collection=0 body_solve=0 body_position=0 body_refine=0 body_velocity=0 addon_prepare_query=0 addon_coherent_solve=0 addon_visible_solve=0 room_sphere=0 room_sweep=0 room_single=0
2026-09-19 21:32:46.827 collision profile window_ms=1000 frames=500 counts body_contacts=0 body_passes=0 body_jacobians=0 body_predictions=0 addon_contacts=0 addon_passes=0 addon_gradients=0 room_nodes=0 room_triangles=0
2026-09-19 21:32:47.824 performance profile window_ms=1000 frames=487 avg_ms total=1.913 housekeeping=0.005 bindings=0.003 diagnostics=0.000 colliders=1.815 axes=0.007 penis=0.018 penis_ownership=0.000 penis_gravity=0.000 penis_collision=0.000 penis_setup=0.000 penis_orientation=0.000 penis_translation=0.000 penis_solver=0.000 testicles=0.018 testicle_active=0.018 breasts=0.018 breasts_active=0.017 butt=0.017 butt_active=0.017 addons=0.010 addon_activation=0.009 addon_drive=0.000 addon_guard=0.000 addon_parent_pivot=0.000 addon_parent_translation=0.000 addon_parent_rotation=0.000 addon_gravity=0.000 addon_rotation_binding=0.000 addon_validation=0.000 addon_solver=0.000 addon_output=0.000 addon_cache=0.002 late=0.000 late_testicles=0.000 late_breasts=0.000 late_butt=0.000 traverse=0.000 addon_collision_body=0.000 addon_collision_self=0.000 addon_collision_addons=0.000 max_ms total=7.939 colliders=2.653 addons=0.112 calls late=487 traverse=0 body_collision=0 self_collision=0 addons_collision=0
2026-09-19 21:32:47.824 performance profile engine operation=symbols avg_ms=0.000000 max_call_ms=0.000000 calls_per_frame=0.00 window_ms=1000 frames=487 nested=1
2026-09-19 21:32:47.825 performance profile engine operation=find_object avg_ms=1.391002 max_call_ms=0.068200 calls_per_frame=7367.21 window_ms=1000 frames=487 nested=1
2026-09-19 21:32:47.825 performance profile engine operation=script_find avg_ms=0.000000 max_call_ms=0.000000 calls_per_frame=0.00 window_ms=1000 frames=487 nested=1
2026-09-19 21:32:47.825 performance profile engine operation=axis_lookup avg_ms=1.882780 max_call_ms=0.394600 calls_per_frame=8.32 window_ms=1000 frames=487 nested=1
2026-09-19 21:32:47.825 performance profile engine operation=pivot_query avg_ms=0.000000 max_call_ms=0.000000 calls_per_frame=0.00 window_ms=1000 frames=487 nested=1
2026-09-19 21:32:47.825 collision profile window_ms=1000 frames=487 avg_ms body_collection=0.000000 body_solve=0.000000 body_position=0.000000 body_refine=0.000000 body_velocity=0.000000 addon_prepare_query=0.000000 addon_coherent_solve=0.000000 addon_visible_solve=0.000000 room_sphere=0.000000 room_sweep=0.000000 room_single=0.000000
2026-09-19 21:32:47.826 collision profile window_ms=1000 frames=487 max_call_ms body_collection=0.000000 body_solve=0.000000 body_position=0.000000 body_refine=0.000000 body_velocity=0.000000 addon_prepare_query=0.000000 addon_coherent_solve=0.000000 addon_visible_solve=0.000000 room_sphere=0.000000 room_sweep=0.000000 room_single=0.000000
2026-09-19 21:32:47.826 collision profile window_ms=1000 frames=487 calls body_collection=0 body_solve=0 body_position=0 body_refine=0 body_velocity=0 addon_prepare_query=0 addon_coherent_solve=0 addon_visible_solve=0 room_sphere=0 room_sweep=0 room_single=0
2026-09-19 21:32:47.826 collision profile window_ms=1000 frames=487 counts body_contacts=0 body_passes=0 body_jacobians=0 body_predictions=0 addon_contacts=0 addon_passes=0 addon_gradients=0 room_nodes=0 room_triangles=0
2026-09-19 21:32:48.827 performance profile window_ms=1000 frames=488 avg_ms total=1.923 housekeeping=0.005 bindings=0.003 diagnostics=0.000 colliders=1.821 axes=0.005 penis=0.019 penis_ownership=0.000 penis_gravity=0.000 penis_collision=0.000 penis_setup=0.000 penis_orientation=0.000 penis_translation=0.000 penis_solver=0.000 testicles=0.019 testicle_active=0.019 breasts=0.019 breasts_active=0.019 butt=0.019 butt_active=0.019 addons=0.009 addon_activation=0.009 addon_drive=0.000 addon_guard=0.000 addon_parent_pivot=0.000 addon_parent_translation=0.000 addon_parent_rotation=0.000 addon_gravity=0.000 addon_rotation_binding=0.000 addon_validation=0.000 addon_solver=0.000 addon_output=0.000 addon_cache=0.002 late=0.000 late_testicles=0.000 late_breasts=0.000 late_butt=0.000 traverse=0.000 addon_collision_body=0.000 addon_collision_self=0.000 addon_collision_addons=0.000 max_ms total=8.154 colliders=2.658 addons=0.120 calls late=488 traverse=0 body_collision=0 self_collision=0 addons_collision=0
2026-09-19 21:32:48.827 performance profile engine operation=symbols avg_ms=0.000000 max_call_ms=0.000000 calls_per_frame=0.00 window_ms=1000 frames=488 nested=1
2026-09-19 21:32:48.827 performance profile engine operation=find_object avg_ms=1.399237 max_call_ms=0.093700 calls_per_frame=7388.39 window_ms=1000 frames=488 nested=1
2026-09-19 21:32:48.828 performance profile engine operation=script_find avg_ms=0.000000 max_call_ms=0.000000 calls_per_frame=0.00 window_ms=1000 frames=488 nested=1
2026-09-19 21:32:48.828 performance profile engine operation=axis_lookup avg_ms=1.893515 max_call_ms=0.431600 calls_per_frame=8.35 window_ms=1000 frames=488 nested=1
2026-09-19 21:32:48.828 performance profile engine operation=pivot_query avg_ms=0.000000 max_call_ms=0.000000 calls_per_frame=0.00 window_ms=1000 frames=488 nested=1
2026-09-19 21:32:48.828 collision profile window_ms=1000 frames=488 avg_ms body_collection=0.000000 body_solve=0.000000 body_position=0.000000 body_refine=0.000000 body_velocity=0.000000 addon_prepare_query=0.000000 addon_coherent_solve=0.000000 addon_visible_solve=0.000000 room_sphere=0.000000 room_sweep=0.000000 room_single=0.000000
2026-09-19 21:32:48.828 collision profile window_ms=1000 frames=488 max_call_ms body_collection=0.000000 body_solve=0.000000 body_position=0.000000 body_refine=0.000000 body_velocity=0.000000 addon_prepare_query=0.000000 addon_coherent_solve=0.000000 addon_visible_solve=0.000000 room_sphere=0.000000 room_sweep=0.000000 room_single=0.000000
2026-09-19 21:32:48.828 collision profile window_ms=1000 frames=488 calls body_collection=0 body_solve=0 body_position=0 body_refine=0 body_velocity=0 addon_prepare_query=0 addon_coherent_solve=0 addon_visible_solve=0 room_sphere=0 room_sweep=0 room_single=0
2026-09-19 21:32:48.829 collision profile window_ms=1000 frames=488 counts body_contacts=0 body_passes=0 body_jacobians=0 body_predictions=0 addon_contacts=0 addon_passes=0 addon_gradients=0 room_nodes=0 room_triangles=0
2026-09-19 21:32:49.824 performance profile window_ms=1000 frames=484 avg_ms total=1.914 housekeeping=0.005 bindings=0.003 diagnostics=0.001 colliders=1.814 axes=0.006 penis=0.018 penis_ownership=0.000 penis_gravity=0.000 penis_collision=0.000 penis_setup=0.000 penis_orientation=0.000 penis_translation=0.000 penis_solver=0.000 testicles=0.018 testicle_active=0.018 breasts=0.018 breasts_active=0.018 butt=0.018 butt_active=0.018 addons=0.010 addon_activation=0.009 addon_drive=0.000 addon_guard=0.000 addon_parent_pivot=0.000 addon_parent_translation=0.000 addon_parent_rotation=0.000 addon_gravity=0.000 addon_rotation_binding=0.000 addon_validation=0.000 addon_solver=0.000 addon_output=0.000 addon_cache=0.003 late=0.000 late_testicles=0.000 late_breasts=0.000 late_butt=0.000 traverse=0.000 addon_collision_body=0.000 addon_collision_self=0.000 addon_collision_addons=0.000 max_ms total=7.267 colliders=2.662 addons=0.108 calls late=484 traverse=0 body_collision=0 self_collision=0 addons_collision=0
2026-09-19 21:32:49.824 performance profile engine operation=symbols avg_ms=0.000000 max_call_ms=0.000000 calls_per_frame=0.00 window_ms=1000 frames=484 nested=1
2026-09-19 21:32:49.824 performance profile engine operation=find_object avg_ms=1.391511 max_call_ms=0.131700 calls_per_frame=7365.34 window_ms=1000 frames=484 nested=1
2026-09-19 21:32:49.824 performance profile engine operation=script_find avg_ms=0.000000 max_call_ms=0.000000 calls_per_frame=0.00 window_ms=1000 frames=484 nested=1
2026-09-19 21:32:49.825 performance profile engine operation=axis_lookup avg_ms=1.883423 max_call_ms=0.448300 calls_per_frame=8.32 window_ms=1000 frames=484 nested=1
2026-09-19 21:32:49.825 performance profile engine operation=pivot_query avg_ms=0.000000 max_call_ms=0.000000 calls_per_frame=0.00 window_ms=1000 frames=484 nested=1
2026-09-19 21:32:49.825 collision profile window_ms=1000 frames=484 avg_ms body_collection=0.000000 body_solve=0.000000 body_position=0.000000 body_refine=0.000000 body_velocity=0.000000 addon_prepare_query=0.000000 addon_coherent_solve=0.000000 addon_visible_solve=0.000000 room_sphere=0.000000 room_sweep=0.000000 room_single=0.000000
2026-09-19 21:32:49.825 collision profile window_ms=1000 frames=484 max_call_ms body_collection=0.000000 body_solve=0.000000 body_position=0.000000 body_refine=0.000000 body_velocity=0.000000 addon_prepare_query=0.000000 addon_coherent_solve=0.000000 addon_visible_solve=0.000000 room_sphere=0.000000 room_sweep=0.000000 room_single=0.000000
2026-09-19 21:32:49.825 collision profile window_ms=1000 frames=484 calls body_collection=0 body_solve=0 body_position=0 body_refine=0 body_velocity=0 addon_prepare_query=0 addon_coherent_solve=0 addon_visible_solve=0 room_sphere=0 room_sweep=0 room_single=0
2026-09-19 21:32:49.826 collision profile window_ms=1000 frames=484 counts body_contacts=0 body_passes=0 body_jacobians=0 body_predictions=0 addon_contacts=0 addon_passes=0 addon_gradients=0 room_nodes=0 room_triangles=0
2026-09-19 21:32:50.827 performance profile window_ms=1000 frames=439 avg_ms total=2.067 housekeeping=0.006 bindings=0.005 diagnostics=0.001 colliders=1.942 axes=0.010 penis=0.020 penis_ownership=0.000 penis_gravity=0.000 penis_collision=0.000 penis_setup=0.000 penis_orientation=0.000 penis_translation=0.000 penis_solver=0.000 testicles=0.021 testicle_active=0.020 breasts=0.021 breasts_active=0.021 butt=0.022 butt_active=0.021 addons=0.013 addon_activation=0.012 addon_drive=0.000 addon_guard=0.000 addon_parent_pivot=0.000 addon_parent_translation=0.000 addon_parent_rotation=0.000 addon_gravity=0.000 addon_rotation_binding=0.000 addon_validation=0.000 addon_solver=0.000 addon_output=0.000 addon_cache=0.006 late=0.001 late_testicles=0.000 late_breasts=0.000 late_butt=0.000 traverse=0.000 addon_collision_body=0.000 addon_collision_self=0.000 addon_collision_addons=0.000 max_ms total=7.428 colliders=3.540 addons=0.145 calls late=439 traverse=0 body_collision=0 self_collision=0 addons_collision=0
2026-09-19 21:32:50.827 performance profile engine operation=symbols avg_ms=0.000000 max_call_ms=0.000000 calls_per_frame=0.00 window_ms=1000 frames=439 nested=1
2026-09-19 21:32:50.827 performance profile engine operation=find_object avg_ms=1.493291 max_call_ms=0.354500 calls_per_frame=7398.62 window_ms=1000 frames=439 nested=1
2026-09-19 21:32:50.827 performance profile engine operation=script_find avg_ms=0.000000 max_call_ms=0.000000 calls_per_frame=0.00 window_ms=1000 frames=439 nested=1
2026-09-19 21:32:50.828 performance profile engine operation=axis_lookup avg_ms=2.022508 max_call_ms=1.167100 calls_per_frame=8.36 window_ms=1000 frames=439 nested=1
2026-09-19 21:32:50.828 performance profile engine operation=pivot_query avg_ms=0.000000 max_call_ms=0.000000 calls_per_frame=0.00 window_ms=1000 frames=439 nested=1
2026-09-19 21:32:50.828 collision profile window_ms=1000 frames=439 avg_ms body_collection=0.000000 body_solve=0.000000 body_position=0.000000 body_refine=0.000000 body_velocity=0.000000 addon_prepare_query=0.000000 addon_coherent_solve=0.000000 addon_visible_solve=0.000000 room_sphere=0.000000 room_sweep=0.000000 room_single=0.000000
2026-09-19 21:32:50.828 collision profile window_ms=1000 frames=439 max_call_ms body_collection=0.000000 body_solve=0.000000 body_position=0.000000 body_refine=0.000000 body_velocity=0.000000 addon_prepare_query=0.000000 addon_coherent_solve=0.000000 addon_visible_solve=0.000000 room_sphere=0.000000 room_sweep=0.000000 room_single=0.000000
2026-09-19 21:32:50.828 collision profile window_ms=1000 frames=439 calls body_collection=0 body_solve=0 body_position=0 body_refine=0 body_velocity=0 addon_prepare_query=0 addon_coherent_solve=0 addon_visible_solve=0 room_sphere=0 room_sweep=0 room_single=0
2026-09-19 21:32:50.829 collision profile window_ms=1000 frames=439 counts body_contacts=0 body_passes=0 body_jacobians=0 body_predictions=0 addon_contacts=0 addon_passes=0 addon_gradients=0 room_nodes=0 room_triangles=0
2026-09-19 21:32:51.824 performance profile window_ms=1000 frames=424 avg_ms total=2.141 housekeeping=0.006 bindings=0.004 diagnostics=0.001 colliders=2.012 axes=0.005 penis=0.023 penis_ownership=0.000 penis_gravity=0.000 penis_collision=0.000 penis_setup=0.000 penis_orientation=0.000 penis_translation=0.000 penis_solver=0.000 testicles=0.023 testicle_active=0.023 breasts=0.023 breasts_active=0.023 butt=0.023 butt_active=0.023 addons=0.013 addon_activation=0.013 addon_drive=0.000 addon_guard=0.000 addon_parent_pivot=0.000 addon_parent_translation=0.000 addon_parent_rotation=0.000 addon_gravity=0.000 addon_rotation_binding=0.000 addon_validation=0.000 addon_solver=0.000 addon_output=0.000 addon_cache=0.006 late=0.001 late_testicles=0.000 late_breasts=0.000 late_butt=0.000 traverse=0.000 addon_collision_body=0.000 addon_collision_self=0.000 addon_collision_addons=0.000 max_ms total=8.137 colliders=2.929 addons=0.140 calls late=424 traverse=0 body_collision=0 self_collision=0 addons_collision=0
2026-09-19 21:32:51.825 performance profile engine operation=symbols avg_ms=0.000000 max_call_ms=0.000000 calls_per_frame=0.00 window_ms=1000 frames=424 nested=1
2026-09-19 21:32:51.825 performance profile engine operation=find_object avg_ms=1.549237 max_call_ms=0.140300 calls_per_frame=7397.37 window_ms=1000 frames=424 nested=1
2026-09-19 21:32:51.825 performance profile engine operation=script_find avg_ms=0.000000 max_call_ms=0.000000 calls_per_frame=0.00 window_ms=1000 frames=424 nested=1
2026-09-19 21:32:51.826 performance profile engine operation=axis_lookup avg_ms=2.095473 max_call_ms=0.444600 calls_per_frame=8.36 window_ms=1000 frames=424 nested=1
2026-09-19 21:32:51.826 performance profile engine operation=pivot_query avg_ms=0.000000 max_call_ms=0.000000 calls_per_frame=0.00 window_ms=1000 frames=424 nested=1
2026-09-19 21:32:51.827 collision profile window_ms=1000 frames=424 avg_ms body_collection=0.000000 body_solve=0.000000 body_position=0.000000 body_refine=0.000000 body_velocity=0.000000 addon_prepare_query=0.000000 addon_coherent_solve=0.000000 addon_visible_solve=0.000000 room_sphere=0.000000 room_sweep=0.000000 room_single=0.000000
2026-09-19 21:32:51.827 collision profile window_ms=1000 frames=424 max_call_ms body_collection=0.000000 body_solve=0.000000 body_position=0.000000 body_refine=0.000000 body_velocity=0.000000 addon_prepare_query=0.000000 addon_coherent_solve=0.000000 addon_visible_solve=0.000000 room_sphere=0.000000 room_sweep=0.000000 room_single=0.000000
2026-09-19 21:32:51.827 collision profile window_ms=1000 frames=424 calls body_collection=0 body_solve=0 body_position=0 body_refine=0 body_velocity=0 addon_prepare_query=0 addon_coherent_solve=0 addon_visible_solve=0 room_sphere=0 room_sweep=0 room_single=0
2026-09-19 21:32:51.827 collision profile window_ms=1000 frames=424 counts body_contacts=0 body_passes=0 body_jacobians=0 body_predictions=0 addon_contacts=0 addon_passes=0 addon_gradients=0 room_nodes=0 room_triangles=0
2026-09-19 21:32:52.823 performance profile window_ms=1000 frames=448 avg_ms total=2.078 housekeeping=0.005 bindings=0.004 diagnostics=0.000 colliders=1.962 axes=0.008 penis=0.021 penis_ownership=0.000 penis_gravity=0.000 penis_collision=0.000 penis_setup=0.000 penis_orientation=0.000 penis_translation=0.000 penis_solver=0.000 testicles=0.021 testicle_active=0.021 breasts=0.021 breasts_active=0.021 butt=0.021 butt_active=0.021 addons=0.012 addon_activation=0.011 addon_drive=0.000 addon_guard=0.000 addon_parent_pivot=0.000 addon_parent_translation=0.000 addon_parent_rotation=0.000 addon_gravity=0.000 addon_rotation_binding=0.000 addon_validation=0.000 addon_solver=0.000 addon_output=0.000 addon_cache=0.003 late=0.000 late_testicles=0.000 late_breasts=0.000 late_butt=0.000 traverse=0.000 addon_collision_body=0.000 addon_collision_self=0.000 addon_collision_addons=0.000 max_ms total=8.027 colliders=2.705 addons=0.136 calls late=448 traverse=0 body_collision=0 self_collision=0 addons_collision=0
2026-09-19 21:32:52.824 performance profile engine operation=symbols avg_ms=0.000000 max_call_ms=0.000000 calls_per_frame=0.00 window_ms=1000 frames=448 nested=1
2026-09-19 21:32:52.824 performance profile engine operation=find_object avg_ms=1.507286 max_call_ms=0.106400 calls_per_frame=7392.22 window_ms=1000 frames=448 nested=1
2026-09-19 21:32:52.824 performance profile engine operation=script_find avg_ms=0.000000 max_call_ms=0.000000 calls_per_frame=0.00 window_ms=1000 frames=448 nested=1
2026-09-19 21:32:52.824 performance profile engine operation=axis_lookup avg_ms=2.043737 max_call_ms=0.436800 calls_per_frame=8.35 window_ms=1000 frames=448 nested=1
2026-09-19 21:32:52.825 performance profile engine operation=pivot_query avg_ms=0.000000 max_call_ms=0.000000 calls_per_frame=0.00 window_ms=1000 frames=448 nested=1
2026-09-19 21:32:52.825 collision profile window_ms=1000 frames=448 avg_ms body_collection=0.000000 body_solve=0.000000 body_position=0.000000 body_refine=0.000000 body_velocity=0.000000 addon_prepare_query=0.000000 addon_coherent_solve=0.000000 addon_visible_solve=0.000000 room_sphere=0.000000 room_sweep=0.000000 room_single=0.000000
2026-09-19 21:32:52.825 collision profile window_ms=1000 frames=448 max_call_ms body_collection=0.000000 body_solve=0.000000 body_position=0.000000 body_refine=0.000000 body_velocity=0.000000 addon_prepare_query=0.000000 addon_coherent_solve=0.000000 addon_visible_solve=0.000000 room_sphere=0.000000 room_sweep=0.000000 room_single=0.000000
2026-09-19 21:32:52.825 collision profile window_ms=1000 frames=448 calls body_collection=0 body_solve=0 body_position=0 body_refine=0 body_velocity=0 addon_prepare_query=0 addon_coherent_solve=0 addon_visible_solve=0 room_sphere=0 room_sweep=0 room_single=0
2026-09-19 21:32:52.826 collision profile window_ms=1000 frames=448 counts body_contacts=0 body_passes=0 body_jacobians=0 body_predictions=0 addon_contacts=0 addon_passes=0 addon_gradients=0 room_nodes=0 room_triangles=0
2026-09-19 21:32:53.824 performance profile window_ms=1000 frames=493 avg_ms total=1.894 housekeeping=0.004 bindings=0.003 diagnostics=0.000 colliders=1.800 axes=0.006 penis=0.017 penis_ownership=0.000 penis_gravity=0.000 penis_collision=0.000 penis_setup=0.000 penis_orientation=0.000 penis_translation=0.000 penis_solver=0.000 testicles=0.017 testicle_active=0.017 breasts=0.017 breasts_active=0.017 butt=0.017 butt_active=0.017 addons=0.009 addon_activation=0.009 addon_drive=0.000 addon_guard=0.000 addon_parent_pivot=0.000 addon_parent_translation=0.000 addon_parent_rotation=0.000 addon_gravity=0.000 addon_rotation_binding=0.000 addon_validation=0.000 addon_solver=0.000 addon_output=0.000 addon_cache=0.002 late=0.000 late_testicles=0.000 late_breasts=0.000 late_butt=0.000 traverse=0.000 addon_collision_body=0.000 addon_collision_self=0.000 addon_collision_addons=0.000 max_ms total=6.157 colliders=2.709 addons=0.116 calls late=493 traverse=0 body_collision=0 self_collision=0 addons_collision=0
2026-09-19 21:32:53.824 performance profile engine operation=symbols avg_ms=0.000000 max_call_ms=0.000000 calls_per_frame=0.00 window_ms=1000 frames=493 nested=1
2026-09-19 21:32:53.824 performance profile engine operation=find_object avg_ms=1.378209 max_call_ms=0.230700 calls_per_frame=7360.13 window_ms=1000 frames=493 nested=1
2026-09-19 21:32:53.824 performance profile engine operation=script_find avg_ms=0.000000 max_call_ms=0.000000 calls_per_frame=0.00 window_ms=1000 frames=493 nested=1
2026-09-19 21:32:53.824 performance profile engine operation=axis_lookup avg_ms=1.864981 max_call_ms=0.453900 calls_per_frame=8.32 window_ms=1000 frames=493 nested=1
2026-09-19 21:32:53.825 performance profile engine operation=pivot_query avg_ms=0.000000 max_call_ms=0.000000 calls_per_frame=0.00 window_ms=1000 frames=493 nested=1
2026-09-19 21:32:53.825 collision profile window_ms=1000 frames=493 avg_ms body_collection=0.000000 body_solve=0.000000 body_position=0.000000 body_refine=0.000000 body_velocity=0.000000 addon_prepare_query=0.000000 addon_coherent_solve=0.000000 addon_visible_solve=0.000000 room_sphere=0.000000 room_sweep=0.000000 room_single=0.000000
2026-09-19 21:32:53.825 collision profile window_ms=1000 frames=493 max_call_ms body_collection=0.000000 body_solve=0.000000 body_position=0.000000 body_refine=0.000000 body_velocity=0.000000 addon_prepare_query=0.000000 addon_coherent_solve=0.000000 addon_visible_solve=0.000000 room_sphere=0.000000 room_sweep=0.000000 room_single=0.000000
2026-09-19 21:32:53.825 collision profile window_ms=1000 frames=493 calls body_collection=0 body_solve=0 body_position=0 body_refine=0 body_velocity=0 addon_prepare_query=0 addon_coherent_solve=0 addon_visible_solve=0 room_sphere=0 room_sweep=0 room_single=0
2026-09-19 21:32:53.825 collision profile window_ms=1000 frames=493 counts body_contacts=0 body_passes=0 body_jacobians=0 body_predictions=0 addon_contacts=0 addon_passes=0 addon_gradients=0 room_nodes=0 room_triangles=0
2026-09-19 21:32:54.822 performance profile window_ms=1000 frames=495 avg_ms total=1.882 housekeeping=0.005 bindings=0.003 diagnostics=0.000 colliders=1.791 axes=0.005 penis=0.017 penis_ownership=0.000 penis_gravity=0.000 penis_collision=0.000 penis_setup=0.000 penis_orientation=0.000 penis_translation=0.000 penis_solver=0.000 testicles=0.017 testicle_active=0.016 breasts=0.017 breasts_active=0.016 butt=0.016 butt_active=0.016 addons=0.009 addon_activation=0.009 addon_drive=0.000 addon_guard=0.000 addon_parent_pivot=0.000 addon_parent_translation=0.000 addon_parent_rotation=0.000 addon_gravity=0.000 addon_rotation_binding=0.000 addon_validation=0.000 addon_solver=0.000 addon_output=0.000 addon_cache=0.002 late=0.000 late_testicles=0.000 late_breasts=0.000 late_butt=0.000 traverse=0.000 addon_collision_body=0.000 addon_collision_self=0.000 addon_collision_addons=0.000 max_ms total=6.171 colliders=2.663 addons=0.102 calls late=495 traverse=0 body_collision=0 self_collision=0 addons_collision=0
2026-09-19 21:32:54.823 performance profile engine operation=symbols avg_ms=0.000000 max_call_ms=0.000000 calls_per_frame=0.00 window_ms=1000 frames=495 nested=1
2026-09-19 21:32:54.823 performance profile engine operation=find_object avg_ms=1.369106 max_call_ms=0.096000 calls_per_frame=7355.42 window_ms=1000 frames=495 nested=1
2026-09-19 21:32:54.823 performance profile engine operation=script_find avg_ms=0.000000 max_call_ms=0.000000 calls_per_frame=0.00 window_ms=1000 frames=495 nested=1
2026-09-19 21:32:54.823 performance profile engine operation=axis_lookup avg_ms=1.852555 max_call_ms=0.361500 calls_per_frame=8.31 window_ms=1000 frames=495 nested=1
2026-09-19 21:32:54.823 performance profile engine operation=pivot_query avg_ms=0.000000 max_call_ms=0.000000 calls_per_frame=0.00 window_ms=1000 frames=495 nested=1
2026-09-19 21:32:54.824 collision profile window_ms=1000 frames=495 avg_ms body_collection=0.000000 body_solve=0.000000 body_position=0.000000 body_refine=0.000000 body_velocity=0.000000 addon_prepare_query=0.000000 addon_coherent_solve=0.000000 addon_visible_solve=0.000000 room_sphere=0.000000 room_sweep=0.000000 room_single=0.000000
2026-09-19 21:32:54.824 collision profile window_ms=1000 frames=495 max_call_ms body_collection=0.000000 body_solve=0.000000 body_position=0.000000 body_refine=0.000000 body_velocity=0.000000 addon_prepare_query=0.000000 addon_coherent_solve=0.000000 addon_visible_solve=0.000000 room_sphere=0.000000 room_sweep=0.000000 room_single=0.000000
2026-09-19 21:32:54.824 collision profile window_ms=1000 frames=495 calls body_collection=0 body_solve=0 body_position=0 body_refine=0 body_velocity=0 addon_prepare_query=0 addon_coherent_solve=0 addon_visible_solve=0 room_sphere=0 room_sweep=0 room_single=0
2026-09-19 21:32:54.824 collision profile window_ms=1000 frames=495 counts body_contacts=0 body_passes=0 body_jacobians=0 body_predictions=0 addon_contacts=0 addon_passes=0 addon_gradients=0 room_nodes=0 room_triangles=0
2026-09-19 21:32:55.827 performance profile window_ms=1000 frames=506 avg_ms total=1.860 housekeeping=0.004 bindings=0.003 diagnostics=0.000 colliders=1.766 axes=0.006 penis=0.017 penis_ownership=0.000 penis_gravity=0.000 penis_collision=0.000 penis_setup=0.000 penis_orientation=0.000 penis_translation=0.000 penis_solver=0.000 testicles=0.017 testicle_active=0.017 breasts=0.018 breasts_active=0.017 butt=0.017 butt_active=0.017 addons=0.008 addon_activation=0.008 addon_drive=0.000 addon_guard=0.000 addon_parent_pivot=0.000 addon_parent_translation=0.000 addon_parent_rotation=0.000 addon_gravity=0.000 addon_rotation_binding=0.000 addon_validation=0.000 addon_solver=0.000 addon_output=0.000 addon_cache=0.002 late=0.000 late_testicles=0.000 late_breasts=0.000 late_butt=0.000 traverse=0.000 addon_collision_body=0.000 addon_collision_self=0.000 addon_collision_addons=0.000 max_ms total=8.234 colliders=2.620 addons=0.089 calls late=506 traverse=0 body_collision=0 self_collision=0 addons_collision=0
2026-09-19 21:32:55.827 performance profile engine operation=symbols avg_ms=0.000000 max_call_ms=0.000000 calls_per_frame=0.00 window_ms=1000 frames=506 nested=1
2026-09-19 21:32:55.827 performance profile engine operation=find_object avg_ms=1.354999 max_call_ms=0.057600 calls_per_frame=7384.42 window_ms=1000 frames=506 nested=1
2026-09-19 21:32:55.827 performance profile engine operation=script_find avg_ms=0.000000 max_call_ms=0.000000 calls_per_frame=0.00 window_ms=1000 frames=506 nested=1
2026-09-19 21:32:55.827 performance profile engine operation=axis_lookup avg_ms=1.833682 max_call_ms=0.369500 calls_per_frame=8.34 window_ms=1000 frames=506 nested=1
2026-09-19 21:32:55.828 performance profile engine operation=pivot_query avg_ms=0.000000 max_call_ms=0.000000 calls_per_frame=0.00 window_ms=1000 frames=506 nested=1
2026-09-19 21:32:55.828 collision profile window_ms=1000 frames=506 avg_ms body_collection=0.000000 body_solve=0.000000 body_position=0.000000 body_refine=0.000000 body_velocity=0.000000 addon_prepare_query=0.000000 addon_coherent_solve=0.000000 addon_visible_solve=0.000000 room_sphere=0.000000 room_sweep=0.000000 room_single=0.000000
2026-09-19 21:32:55.828 collision profile window_ms=1000 frames=506 max_call_ms body_collection=0.000000 body_solve=0.000000 body_position=0.000000 body_refine=0.000000 body_velocity=0.000000 addon_prepare_query=0.000000 addon_coherent_solve=0.000000 addon_visible_solve=0.000000 room_sphere=0.000000 room_sweep=0.000000 room_single=0.000000
2026-09-19 21:32:55.828 collision profile window_ms=1000 frames=506 calls body_collection=0 body_solve=0 body_position=0 body_refine=0 body_velocity=0 addon_prepare_query=0 addon_coherent_solve=0 addon_visible_solve=0 room_sphere=0 room_sweep=0 room_single=0
2026-09-19 21:32:55.828 collision profile window_ms=1000 frames=506 counts body_contacts=0 body_passes=0 body_jacobians=0 body_predictions=0 addon_contacts=0 addon_passes=0 addon_gradients=0 room_nodes=0 room_triangles=0
2026-09-19 21:32:56.824 performance profile window_ms=1000 frames=480 avg_ms total=1.925 housekeeping=0.005 bindings=0.004 diagnostics=0.001 colliders=1.825 axes=0.007 penis=0.018 penis_ownership=0.000 penis_gravity=0.000 penis_collision=0.000 penis_setup=0.000 penis_orientation=0.000 penis_translation=0.000 penis_solver=0.000 testicles=0.018 testicle_active=0.018 breasts=0.018 breasts_active=0.018 butt=0.017 butt_active=0.017 addons=0.010 addon_activation=0.009 addon_drive=0.000 addon_guard=0.000 addon_parent_pivot=0.000 addon_parent_translation=0.000 addon_parent_rotation=0.000 addon_gravity=0.000 addon_rotation_binding=0.000 addon_validation=0.000 addon_solver=0.000 addon_output=0.000 addon_cache=0.003 late=0.000 late_testicles=0.000 late_breasts=0.000 late_butt=0.000 traverse=0.000 addon_collision_body=0.000 addon_collision_self=0.000 addon_collision_addons=0.000 max_ms total=7.770 colliders=2.692 addons=0.122 calls late=480 traverse=0 body_collision=0 self_collision=0 addons_collision=0
2026-09-19 21:32:56.825 performance profile engine operation=symbols avg_ms=0.000000 max_call_ms=0.000000 calls_per_frame=0.00 window_ms=1000 frames=480 nested=1
2026-09-19 21:32:56.825 performance profile engine operation=find_object avg_ms=1.399005 max_call_ms=0.163600 calls_per_frame=7367.71 window_ms=1000 frames=480 nested=1
2026-09-19 21:32:56.825 performance profile engine operation=script_find avg_ms=0.000000 max_call_ms=0.000000 calls_per_frame=0.00 window_ms=1000 frames=480 nested=1
2026-09-19 21:32:56.825 performance profile engine operation=axis_lookup avg_ms=1.892668 max_call_ms=0.444100 calls_per_frame=8.32 window_ms=1000 frames=480 nested=1
2026-09-19 21:32:56.825 performance profile engine operation=pivot_query avg_ms=0.000000 max_call_ms=0.000000 calls_per_frame=0.00 window_ms=1000 frames=480 nested=1
2026-09-19 21:32:56.826 collision profile window_ms=1000 frames=480 avg_ms body_collection=0.000000 body_solve=0.000000 body_position=0.000000 body_refine=0.000000 body_velocity=0.000000 addon_prepare_query=0.000000 addon_coherent_solve=0.000000 addon_visible_solve=0.000000 room_sphere=0.000000 room_sweep=0.000000 room_single=0.000000
2026-09-19 21:32:56.826 collision profile window_ms=1000 frames=480 max_call_ms body_collection=0.000000 body_solve=0.000000 body_position=0.000000 body_refine=0.000000 body_velocity=0.000000 addon_prepare_query=0.000000 addon_coherent_solve=0.000000 addon_visible_solve=0.000000 room_sphere=0.000000 room_sweep=0.000000 room_single=0.000000
2026-09-19 21:32:56.826 collision profile window_ms=1000 frames=480 calls body_collection=0 body_solve=0 body_position=0 body_refine=0 body_velocity=0 addon_prepare_query=0 addon_coherent_solve=0 addon_visible_solve=0 room_sphere=0 room_sweep=0 room_single=0
2026-09-19 21:32:56.826 collision profile window_ms=1000 frames=480 counts body_contacts=0 body_passes=0 body_jacobians=0 body_predictions=0 addon_contacts=0 addon_passes=0 addon_gradients=0 room_nodes=0 room_triangles=0
2026-09-19 21:32:57.834 performance profile window_ms=1000 frames=431 avg_ms total=2.030 housekeeping=0.005 bindings=0.004 diagnostics=0.001 colliders=1.919 axes=0.003 penis=0.021 penis_ownership=0.000 penis_gravity=0.000 penis_collision=0.000 penis_setup=0.000 penis_orientation=0.000 penis_translation=0.000 penis_solver=0.000 testicles=0.020 testicle_active=0.020 breasts=0.020 breasts_active=0.020 butt=0.020 butt_active=0.020 addons=0.012 addon_activation=0.011 addon_drive=0.000 addon_guard=0.000 addon_parent_pivot=0.000 addon_parent_translation=0.000 addon_parent_rotation=0.000 addon_gravity=0.000 addon_rotation_binding=0.000 addon_validation=0.000 addon_solver=0.000 addon_output=0.000 addon_cache=0.004 late=0.000 late_testicles=0.000 late_breasts=0.000 late_butt=0.000 traverse=0.000 addon_collision_body=0.000 addon_collision_self=0.000 addon_collision_addons=0.000 max_ms total=7.519 colliders=2.836 addons=0.124 calls late=431 traverse=0 body_collision=0 self_collision=0 addons_collision=0
2026-09-19 21:32:57.834 performance profile engine operation=symbols avg_ms=0.000000 max_call_ms=0.000000 calls_per_frame=0.00 window_ms=1000 frames=431 nested=1
2026-09-19 21:32:57.835 performance profile engine operation=find_object avg_ms=1.472289 max_call_ms=0.102700 calls_per_frame=7388.10 window_ms=1000 frames=431 nested=1
2026-09-19 21:32:57.835 performance profile engine operation=script_find avg_ms=0.000000 max_call_ms=0.000000 calls_per_frame=0.00 window_ms=1000 frames=431 nested=1
2026-09-19 21:32:57.835 performance profile engine operation=axis_lookup avg_ms=1.990996 max_call_ms=0.380000 calls_per_frame=8.35 window_ms=1000 frames=431 nested=1
2026-09-19 21:32:57.835 performance profile engine operation=pivot_query avg_ms=0.000000 max_call_ms=0.000000 calls_per_frame=0.00 window_ms=1000 frames=431 nested=1
2026-09-19 21:32:57.835 collision profile window_ms=1000 frames=431 avg_ms body_collection=0.000000 body_solve=0.000000 body_position=0.000000 body_refine=0.000000 body_velocity=0.000000 addon_prepare_query=0.000000 addon_coherent_solve=0.000000 addon_visible_solve=0.000000 room_sphere=0.000000 room_sweep=0.000000 room_single=0.000000
2026-09-19 21:32:57.835 collision profile window_ms=1000 frames=431 max_call_ms body_collection=0.000000 body_solve=0.000000 body_position=0.000000 body_refine=0.000000 body_velocity=0.000000 addon_prepare_query=0.000000 addon_coherent_solve=0.000000 addon_visible_solve=0.000000 room_sphere=0.000000 room_sweep=0.000000 room_single=0.000000
2026-09-19 21:32:57.835 collision profile window_ms=1000 frames=431 calls body_collection=0 body_solve=0 body_position=0 body_refine=0 body_velocity=0 addon_prepare_query=0 addon_coherent_solve=0 addon_visible_solve=0 room_sphere=0 room_sweep=0 room_single=0
2026-09-19 21:32:57.835 collision profile window_ms=1000 frames=431 counts body_contacts=0 body_passes=0 body_jacobians=0 body_predictions=0 addon_contacts=0 addon_passes=0 addon_gradients=0 room_nodes=0 room_triangles=0
2026-09-19 21:32:59.128 performance profile window_ms=1281 frames=217 avg_ms total=2.089 housekeeping=0.127 bindings=0.008 diagnostics=0.002 colliders=1.798 axes=0.017 penis=0.029 penis_ownership=0.000 penis_gravity=0.000 penis_collision=0.000 penis_setup=0.000 penis_orientation=0.000 penis_translation=0.000 penis_solver=0.000 testicles=0.029 testicle_active=0.029 breasts=0.029 breasts_active=0.029 butt=0.028 butt_active=0.028 addons=0.016 addon_activation=0.015 addon_drive=0.000 addon_guard=0.000 addon_parent_pivot=0.000 addon_parent_translation=0.000 addon_parent_rotation=0.000 addon_gravity=0.000 addon_rotation_binding=0.000 addon_validation=0.000 addon_solver=0.000 addon_output=0.000 addon_cache=0.006 late=0.001 late_testicles=0.000 late_breasts=0.000 late_butt=0.000 traverse=0.000 addon_collision_body=0.000 addon_collision_self=0.000 addon_collision_addons=0.000 max_ms total=26.574 colliders=2.197 addons=0.106 calls late=217 traverse=0 body_collision=0 self_collision=0 addons_collision=0
2026-09-19 21:32:59.129 performance profile engine operation=symbols avg_ms=0.000000 max_call_ms=0.000000 calls_per_frame=0.00 window_ms=1281 frames=217 nested=1
2026-09-19 21:32:59.129 performance profile engine operation=find_object avg_ms=1.411669 max_call_ms=0.101100 calls_per_frame=7602.20 window_ms=1281 frames=217 nested=1
2026-09-19 21:32:59.129 performance profile engine operation=script_find avg_ms=0.000000 max_call_ms=0.000000 calls_per_frame=0.00 window_ms=1281 frames=217 nested=1
2026-09-19 21:32:59.130 performance profile engine operation=axis_lookup avg_ms=1.915932 max_call_ms=0.325300 calls_per_frame=8.59 window_ms=1281 frames=217 nested=1
2026-09-19 21:32:59.130 performance profile engine operation=pivot_query avg_ms=0.000000 max_call_ms=0.000000 calls_per_frame=0.00 window_ms=1281 frames=217 nested=1
2026-09-19 21:32:59.131 collision profile window_ms=1281 frames=217 avg_ms body_collection=0.000000 body_solve=0.000000 body_position=0.000000 body_refine=0.000000 body_velocity=0.000000 addon_prepare_query=0.000000 addon_coherent_solve=0.000000 addon_visible_solve=0.000000 room_sphere=0.000000 room_sweep=0.000000 room_single=0.000000
2026-09-19 21:32:59.131 collision profile window_ms=1281 frames=217 max_call_ms body_collection=0.000000 body_solve=0.000000 body_position=0.000000 body_refine=0.000000 body_velocity=0.000000 addon_prepare_query=0.000000 addon_coherent_solve=0.000000 addon_visible_solve=0.000000 room_sphere=0.000000 room_sweep=0.000000 room_single=0.000000
2026-09-19 21:32:59.131 collision profile window_ms=1281 frames=217 calls body_collection=0 body_solve=0 body_position=0 body_refine=0 body_velocity=0 addon_prepare_query=0 addon_coherent_solve=0 addon_visible_solve=0 room_sphere=0 room_sweep=0 room_single=0
2026-09-19 21:32:59.131 collision profile window_ms=1281 frames=217 counts body_contacts=0 body_passes=0 body_jacobians=0 body_predictions=0 addon_contacts=0 addon_passes=0 addon_gradients=0 room_nodes=0 room_triangles=0
2026-09-19 21:33:00.103 performance profile window_ms=1000 frames=405 avg_ms total=1.814 housekeeping=0.021 bindings=0.004 diagnostics=0.001 colliders=1.689 axes=0.006 penis=0.019 penis_ownership=0.000 penis_gravity=0.000 penis_collision=0.000 penis_setup=0.000 penis_orientation=0.000 penis_translation=0.000 penis_solver=0.000 testicles=0.019 testicle_active=0.019 breasts=0.019 breasts_active=0.019 butt=0.019 butt_active=0.019 addons=0.012 addon_activation=0.011 addon_drive=0.000 addon_guard=0.000 addon_parent_pivot=0.000 addon_parent_translation=0.000 addon_parent_rotation=0.000 addon_gravity=0.000 addon_rotation_binding=0.000 addon_validation=0.000 addon_solver=0.000 addon_output=0.000 addon_cache=0.004 late=0.000 late_testicles=0.000 late_breasts=0.000 late_butt=0.000 traverse=0.000 addon_collision_body=0.000 addon_collision_self=0.000 addon_collision_addons=0.000 max_ms total=8.232 colliders=2.139 addons=0.098 calls late=405 traverse=0 body_collision=0 self_collision=0 addons_collision=0
2026-09-19 21:33:00.104 performance profile engine operation=symbols avg_ms=0.000000 max_call_ms=0.000000 calls_per_frame=0.00 window_ms=1000 frames=405 nested=1
2026-09-19 21:33:00.104 performance profile engine operation=find_object avg_ms=1.274569 max_call_ms=0.163100 calls_per_frame=7421.00 window_ms=1000 frames=405 nested=1
2026-09-19 21:33:00.104 performance profile engine operation=script_find avg_ms=0.000000 max_call_ms=0.000000 calls_per_frame=0.00 window_ms=1000 frames=405 nested=1
2026-09-19 21:33:00.104 performance profile engine operation=axis_lookup avg_ms=1.760004 max_call_ms=0.506700 calls_per_frame=8.39 window_ms=1000 frames=405 nested=1
2026-09-19 21:33:00.104 performance profile engine operation=pivot_query avg_ms=0.000000 max_call_ms=0.000000 calls_per_frame=0.00 window_ms=1000 frames=405 nested=1
2026-09-19 21:33:00.105 collision profile window_ms=1000 frames=405 avg_ms body_collection=0.000000 body_solve=0.000000 body_position=0.000000 body_refine=0.000000 body_velocity=0.000000 addon_prepare_query=0.000000 addon_coherent_solve=0.000000 addon_visible_solve=0.000000 room_sphere=0.000000 room_sweep=0.000000 room_single=0.000000
2026-09-19 21:33:00.105 collision profile window_ms=1000 frames=405 max_call_ms body_collection=0.000000 body_solve=0.000000 body_position=0.000000 body_refine=0.000000 body_velocity=0.000000 addon_prepare_query=0.000000 addon_coherent_solve=0.000000 addon_visible_solve=0.000000 room_sphere=0.000000 room_sweep=0.000000 room_single=0.000000
2026-09-19 21:33:00.105 collision profile window_ms=1000 frames=405 calls body_collection=0 body_solve=0 body_position=0 body_refine=0 body_velocity=0 addon_prepare_query=0 addon_coherent_solve=0 addon_visible_solve=0 room_sphere=0 room_sweep=0 room_single=0
2026-09-19 21:33:00.105 collision profile window_ms=1000 frames=405 counts body_contacts=0 body_passes=0 body_jacobians=0 body_predictions=0 addon_contacts=0 addon_passes=0 addon_gradients=0 room_nodes=0 room_triangles=0
2026-09-19 21:33:00.972 physics room lifecycle command=NewGame_Start note="wind and room bone bindings retired before native disposal; shutdown=0"
2026-09-19 21:33:01.694 performance profile window_ms=1562 frames=423 avg_ms total=1.820 housekeeping=0.047 bindings=0.004 diagnostics=0.001 colliders=1.662 axes=0.012 penis=0.019 penis_ownership=0.000 penis_gravity=0.000 penis_collision=0.000 penis_setup=0.000 penis_orientation=0.000 penis_translation=0.000 penis_solver=0.000 testicles=0.020 testicle_active=0.019 breasts=0.020 breasts_active=0.019 butt=0.019 butt_active=0.019 addons=0.010 addon_activation=0.010 addon_drive=0.000 addon_guard=0.000 addon_parent_pivot=0.000 addon_parent_translation=0.000 addon_parent_rotation=0.000 addon_gravity=0.000 addon_rotation_binding=0.000 addon_validation=0.000 addon_solver=0.000 addon_output=0.000 addon_cache=0.004 late=0.000 late_testicles=0.000 late_breasts=0.000 late_butt=0.000 traverse=0.000 addon_collision_body=0.000 addon_collision_self=0.000 addon_collision_addons=0.000 max_ms total=27.144 colliders=2.168 addons=0.093 calls late=423 traverse=0 body_collision=0 self_collision=0 addons_collision=0
2026-09-19 21:33:01.694 performance profile engine operation=symbols avg_ms=0.000000 max_call_ms=0.000000 calls_per_frame=0.00 window_ms=1562 frames=423 nested=1
2026-09-19 21:33:01.694 performance profile engine operation=find_object avg_ms=1.257311 max_call_ms=0.161800 calls_per_frame=7469.55 window_ms=1562 frames=423 nested=1
2026-09-19 21:33:01.694 performance profile engine operation=script_find avg_ms=0.000000 max_call_ms=0.000000 calls_per_frame=0.00 window_ms=1562 frames=423 nested=1
2026-09-19 21:33:01.694 performance profile engine operation=axis_lookup avg_ms=1.741597 max_call_ms=0.434800 calls_per_frame=8.44 window_ms=1562 frames=423 nested=1
2026-09-19 21:33:01.695 performance profile engine operation=pivot_query avg_ms=0.000000 max_call_ms=0.000000 calls_per_frame=0.00 window_ms=1562 frames=423 nested=1
2026-09-19 21:33:01.695 collision profile window_ms=1562 frames=423 avg_ms body_collection=0.000000 body_solve=0.000000 body_position=0.000000 body_refine=0.000000 body_velocity=0.000000 addon_prepare_query=0.000000 addon_coherent_solve=0.000000 addon_visible_solve=0.000000 room_sphere=0.000000 room_sweep=0.000000 room_single=0.000000
2026-09-19 21:33:01.695 collision profile window_ms=1562 frames=423 max_call_ms body_collection=0.000000 body_solve=0.000000 body_position=0.000000 body_refine=0.000000 body_velocity=0.000000 addon_prepare_query=0.000000 addon_coherent_solve=0.000000 addon_visible_solve=0.000000 room_sphere=0.000000 room_sweep=0.000000 room_single=0.000000
2026-09-19 21:33:01.695 collision profile window_ms=1562 frames=423 calls body_collection=0 body_solve=0 body_position=0 body_refine=0 body_velocity=0 addon_prepare_query=0 addon_coherent_solve=0 addon_visible_solve=0 room_sphere=0 room_sweep=0 room_single=0
2026-09-19 21:33:01.696 collision profile window_ms=1562 frames=423 counts body_contacts=0 body_passes=0 body_jacobians=0 body_predictions=0 addon_contacts=0 addon_passes=0 addon_gradients=0 room_nodes=0 room_triangles=0
2026-09-19 21:33:03.432 body-profile sidecar active person="Person01" body="C:\Users\ErolB\Desktop\Games\TK17\The Klub 17\Addons\Body.[NC].Male - Base Body Morphable\Scenes\Shared\Body\body02.bs" body_type=body02 sidecar="C:\Users\ErolB\Desktop\Games\TK17\The Klub 17\Addons\Body.[NC].Male - Base Body Morphable\Scenes\Shared\Body\body02.physx.ini" source="body-file-open" note="sidecar overrides only this person's effective PhysX config"
2026-09-19 21:33:03.460 performance profile window_ms=1750 frames=2 avg_ms total=29.287 housekeeping=13.128 bindings=3.943 diagnostics=0.003 colliders=2.902 axes=3.947 penis=1.342 penis_ownership=0.000 penis_gravity=0.000 penis_collision=0.000 penis_setup=0.000 penis_orientation=0.000 penis_translation=0.000 penis_solver=0.000 testicles=1.309 testicle_active=1.308 breasts=1.328 breasts_active=1.328 butt=1.301 butt_active=1.300 addons=0.078 addon_activation=0.074 addon_drive=0.000 addon_guard=0.000 addon_parent_pivot=0.000 addon_parent_translation=0.000 addon_parent_rotation=0.000 addon_gravity=0.000 addon_rotation_binding=0.000 addon_validation=0.000 addon_solver=0.000 addon_output=0.000 addon_cache=0.005 late=0.002 late_testicles=0.001 late_breasts=0.000 late_butt=0.000 traverse=0.000 addon_collision_body=0.000 addon_collision_self=0.000 addon_collision_addons=0.000 max_ms total=46.645 colliders=4.340 addons=0.079 calls late=2 traverse=0 body_collision=0 self_collision=0 addons_collision=0
2026-09-19 21:33:03.461 performance profile engine operation=symbols avg_ms=0.000000 max_call_ms=0.000000 calls_per_frame=0.00 window_ms=1750 frames=2 nested=1
2026-09-19 21:33:03.461 performance profile engine operation=find_object avg_ms=8.822900 max_call_ms=0.026600 calls_per_frame=47790.50 window_ms=1750 frames=2 nested=1
2026-09-19 21:33:03.461 performance profile engine operation=script_find avg_ms=0.000000 max_call_ms=0.000000 calls_per_frame=0.00 window_ms=1750 frames=2 nested=1
2026-09-19 21:33:03.462 performance profile engine operation=axis_lookup avg_ms=11.932100 max_call_ms=0.711800 calls_per_frame=41.50 window_ms=1750 frames=2 nested=1
2026-09-19 21:33:03.462 performance profile engine operation=pivot_query avg_ms=0.001700 max_call_ms=0.002100 calls_per_frame=1.50 window_ms=1750 frames=2 nested=1
2026-09-19 21:33:03.462 collision profile window_ms=1750 frames=2 avg_ms body_collection=0.000000 body_solve=0.000000 body_position=0.000000 body_refine=0.000000 body_velocity=0.000000 addon_prepare_query=0.000000 addon_coherent_solve=0.000000 addon_visible_solve=0.000000 room_sphere=0.000000 room_sweep=0.000000 room_single=0.000000
2026-09-19 21:33:03.462 collision profile window_ms=1750 frames=2 max_call_ms body_collection=0.000000 body_solve=0.000000 body_position=0.000000 body_refine=0.000000 body_velocity=0.000000 addon_prepare_query=0.000000 addon_coherent_solve=0.000000 addon_visible_solve=0.000000 room_sphere=0.000000 room_sweep=0.000000 room_single=0.000000
2026-09-19 21:33:03.463 collision profile window_ms=1750 frames=2 calls body_collection=0 body_solve=0 body_position=0 body_refine=0 body_velocity=0 addon_prepare_query=0 addon_coherent_solve=0 addon_visible_solve=0 room_sphere=0 room_sweep=0 room_single=0
2026-09-19 21:33:03.463 collision profile window_ms=1750 frames=2 counts body_contacts=0 body_passes=0 body_jacobians=0 body_predictions=0 addon_contacts=0 addon_passes=0 addon_gradients=0 room_nodes=0 room_triangles=0
2026-09-19 21:33:04.720 incoming collision-strength breasts=1.000 butt=1.000 penis=1.000 testicle=1.000
2026-09-19 21:33:04.775 performance profile window_ms=1219 frames=1 avg_ms total=129.812 housekeeping=94.622 bindings=13.306 diagnostics=0.004 colliders=4.350 axes=8.658 penis=2.215 penis_ownership=0.000 penis_gravity=0.000 penis_collision=0.000 penis_setup=0.000 penis_orientation=0.000 penis_translation=0.000 penis_solver=0.000 testicles=2.170 testicle_active=2.169 breasts=2.237 breasts_active=2.234 butt=2.149 butt_active=2.148 addons=0.091 addon_activation=0.087 addon_drive=0.000 addon_guard=0.000 addon_parent_pivot=0.000 addon_parent_translation=0.000 addon_parent_rotation=0.000 addon_gravity=0.000 addon_rotation_binding=0.000 addon_validation=0.000 addon_solver=0.000 addon_output=0.000 addon_cache=0.008 late=0.003 late_testicles=0.001 late_breasts=0.000 late_butt=0.001 traverse=0.000 addon_collision_body=0.000 addon_collision_self=0.000 addon_collision_addons=0.000 max_ms total=129.812 colliders=4.350 addons=0.091 calls late=1 traverse=0 body_collision=0 self_collision=0 addons_collision=0
2026-09-19 21:33:04.775 performance profile engine operation=symbols avg_ms=0.000000 max_call_ms=0.000000 calls_per_frame=0.00 window_ms=1219 frames=1 nested=1
2026-09-19 21:33:04.775 performance profile engine operation=find_object avg_ms=16.305300 max_call_ms=0.035400 calls_per_frame=81153.00 window_ms=1219 frames=1 nested=1
2026-09-19 21:33:04.776 performance profile engine operation=script_find avg_ms=0.000000 max_call_ms=0.000000 calls_per_frame=0.00 window_ms=1219 frames=1 nested=1
2026-09-19 21:33:04.776 performance profile engine operation=axis_lookup avg_ms=21.580900 max_call_ms=1.120700 calls_per_frame=70.00 window_ms=1219 frames=1 nested=1
2026-09-19 21:33:04.776 performance profile engine operation=pivot_query avg_ms=0.002800 max_call_ms=0.001000 calls_per_frame=6.00 window_ms=1219 frames=1 nested=1
2026-09-19 21:33:04.776 collision profile window_ms=1219 frames=1 avg_ms body_collection=0.000000 body_solve=0.000000 body_position=0.000000 body_refine=0.000000 body_velocity=0.000000 addon_prepare_query=0.000000 addon_coherent_solve=0.000000 addon_visible_solve=0.000000 room_sphere=0.000000 room_sweep=0.000000 room_single=0.000000
2026-09-19 21:33:04.777 collision profile window_ms=1219 frames=1 max_call_ms body_collection=0.000000 body_solve=0.000000 body_position=0.000000 body_refine=0.000000 body_velocity=0.000000 addon_prepare_query=0.000000 addon_coherent_solve=0.000000 addon_visible_solve=0.000000 room_sphere=0.000000 room_sweep=0.000000 room_single=0.000000
2026-09-19 21:33:04.777 collision profile window_ms=1219 frames=1 calls body_collection=0 body_solve=0 body_position=0 body_refine=0 body_velocity=0 addon_prepare_query=0 addon_coherent_solve=0 addon_visible_solve=0 room_sphere=0 room_sweep=0 room_single=0
2026-09-19 21:33:04.777 collision profile window_ms=1219 frames=1 counts body_contacts=0 body_passes=0 body_jacobians=0 body_predictions=0 addon_contacts=0 addon_passes=0 addon_gradients=0 room_nodes=0 room_triangles=0
2026-09-19 21:33:16.803 body-profile sidecar active person="Person03" body="C:\Users\ErolB\Desktop\Games\TK17\The Klub 17\Addons\Body.[NC].Male - Base Body Morphable\Scenes\Shared\Body\body02.bs" body_type=body02 sidecar="C:\Users\ErolB\Desktop\Games\TK17\The Klub 17\Addons\Body.[NC].Male - Base Body Morphable\Scenes\Shared\Body\body02.physx.ini" source="body-file-open" note="sidecar overrides only this person's effective PhysX config"
2026-09-19 21:33:16.844 performance profile window_ms=12141 frames=1 avg_ms total=66.777 housekeeping=26.176 bindings=23.756 diagnostics=0.004 colliders=3.383 axes=6.471 penis=1.809 penis_ownership=0.000 penis_gravity=0.000 penis_collision=0.000 penis_setup=0.000 penis_orientation=0.000 penis_translation=0.000 penis_solver=0.000 testicles=1.672 testicle_active=1.672 breasts=1.665 breasts_active=1.662 butt=1.726 butt_active=1.725 addons=0.107 addon_activation=0.105 addon_drive=0.000 addon_guard=0.000 addon_parent_pivot=0.000 addon_parent_translation=0.000 addon_parent_rotation=0.000 addon_gravity=0.000 addon_rotation_binding=0.000 addon_validation=0.000 addon_solver=0.000 addon_output=0.000 addon_cache=0.006 late=0.003 late_testicles=0.002 late_breasts=0.001 late_butt=0.000 traverse=0.000 addon_collision_body=0.000 addon_collision_self=0.000 addon_collision_addons=0.000 max_ms total=66.777 colliders=3.383 addons=0.107 calls late=1 traverse=0 body_collision=0 self_collision=0 addons_collision=0
2026-09-19 21:33:16.845 performance profile engine operation=symbols avg_ms=0.000000 max_call_ms=0.000000 calls_per_frame=0.00 window_ms=12141 frames=1 nested=1
2026-09-19 21:33:16.845 performance profile engine operation=find_object avg_ms=13.629400 max_call_ms=0.060500 calls_per_frame=66592.00 window_ms=12141 frames=1 nested=1
2026-09-19 21:33:16.845 performance profile engine operation=script_find avg_ms=0.000000 max_call_ms=0.000000 calls_per_frame=0.00 window_ms=12141 frames=1 nested=1
2026-09-19 21:33:16.845 performance profile engine operation=axis_lookup avg_ms=18.059600 max_call_ms=1.692100 calls_per_frame=95.00 window_ms=12141 frames=1 nested=1
2026-09-19 21:33:16.846 performance profile engine operation=pivot_query avg_ms=0.005200 max_call_ms=0.002100 calls_per_frame=9.00 window_ms=12141 frames=1 nested=1
2026-09-19 21:33:16.846 collision profile window_ms=12141 frames=1 avg_ms body_collection=0.000000 body_solve=0.000000 body_position=0.000000 body_refine=0.000000 body_velocity=0.000000 addon_prepare_query=0.000000 addon_coherent_solve=0.000000 addon_visible_solve=0.000000 room_sphere=0.000000 room_sweep=0.000000 room_single=0.000000
2026-09-19 21:33:16.846 collision profile window_ms=12141 frames=1 max_call_ms body_collection=0.000000 body_solve=0.000000 body_position=0.000000 body_refine=0.000000 body_velocity=0.000000 addon_prepare_query=0.000000 addon_coherent_solve=0.000000 addon_visible_solve=0.000000 room_sphere=0.000000 room_sweep=0.000000 room_single=0.000000
2026-09-19 21:33:16.846 collision profile window_ms=12141 frames=1 calls body_collection=0 body_solve=0 body_position=0 body_refine=0 body_velocity=0 addon_prepare_query=0 addon_coherent_solve=0 addon_visible_solve=0 room_sphere=0 room_sweep=0 room_single=0
2026-09-19 21:33:16.846 collision profile window_ms=12141 frames=1 counts body_contacts=0 body_passes=0 body_jacobians=0 body_predictions=0 addon_contacts=0 addon_passes=0 addon_gradients=0 room_nodes=0 room_triangles=0
2026-09-19 21:33:17.508 incoming collision-strength breasts=1.000 butt=1.000 penis=1.000 testicle=1.000
2026-09-19 21:33:18.122 performance profile window_ms=1281 frames=2 avg_ms total=85.884 housekeeping=60.203 bindings=11.891 diagnostics=0.003 colliders=3.342 axes=3.272 penis=1.746 penis_ownership=0.000 penis_gravity=0.000 penis_collision=0.000 penis_setup=0.000 penis_orientation=0.000 penis_translation=0.000 penis_solver=0.000 testicles=1.662 testicle_active=1.661 breasts=1.790 breasts_active=1.783 butt=1.874 butt_active=1.873 addons=0.092 addon_activation=0.088 addon_drive=0.000 addon_guard=0.000 addon_parent_pivot=0.000 addon_parent_translation=0.000 addon_parent_rotation=0.000 addon_gravity=0.000 addon_rotation_binding=0.000 addon_validation=0.000 addon_solver=0.000 addon_output=0.000 addon_cache=0.007 late=0.025 late_testicles=0.001 late_breasts=0.014 late_butt=0.010 traverse=0.000 addon_collision_body=0.000 addon_collision_self=0.000 addon_collision_addons=0.000 max_ms total=107.579 colliders=3.350 addons=0.094 calls late=2 traverse=0 body_collision=0 self_collision=0 addons_collision=0
2026-09-19 21:33:18.122 performance profile engine operation=symbols avg_ms=0.000000 max_call_ms=0.000000 calls_per_frame=0.00 window_ms=1281 frames=2 nested=1
2026-09-19 21:33:18.122 performance profile engine operation=find_object avg_ms=10.786750 max_call_ms=0.037000 calls_per_frame=51536.00 window_ms=1281 frames=2 nested=1
2026-09-19 21:33:18.122 performance profile engine operation=script_find avg_ms=0.000000 max_call_ms=0.000000 calls_per_frame=0.00 window_ms=1281 frames=2 nested=1
2026-09-19 21:33:18.122 performance profile engine operation=axis_lookup avg_ms=14.142450 max_call_ms=1.830100 calls_per_frame=89.00 window_ms=1281 frames=2 nested=1
2026-09-19 21:33:18.123 performance profile engine operation=pivot_query avg_ms=0.008850 max_call_ms=0.004400 calls_per_frame=13.00 window_ms=1281 frames=2 nested=1
2026-09-19 21:33:18.123 collision profile window_ms=1281 frames=2 avg_ms body_collection=0.000000 body_solve=0.000000 body_position=0.000000 body_refine=0.000000 body_velocity=0.000000 addon_prepare_query=0.000000 addon_coherent_solve=0.000000 addon_visible_solve=0.000000 room_sphere=0.000000 room_sweep=0.000000 room_single=0.000000
2026-09-19 21:33:18.123 collision profile window_ms=1281 frames=2 max_call_ms body_collection=0.000000 body_solve=0.000000 body_position=0.000000 body_refine=0.000000 body_velocity=0.000000 addon_prepare_query=0.000000 addon_coherent_solve=0.000000 addon_visible_solve=0.000000 room_sphere=0.000000 room_sweep=0.000000 room_single=0.000000
2026-09-19 21:33:18.123 collision profile window_ms=1281 frames=2 calls body_collection=0 body_solve=0 body_position=0 body_refine=0 body_velocity=0 addon_prepare_query=0 addon_coherent_solve=0 addon_visible_solve=0 room_sphere=0 room_sweep=0 room_single=0
2026-09-19 21:33:18.123 collision profile window_ms=1281 frames=2 counts body_contacts=0 body_passes=0 body_jacobians=0 body_predictions=0 addon_contacts=0 addon_passes=0 addon_gradients=0 room_nodes=0 room_triangles=0
2026-09-19 21:33:22.636 performance profile body-update person=Person01 system=butt update_rate_hz=-1 published_hz=0.6 sample_ms=5157
2026-09-19 21:33:22.638 performance profile window_ms=4516 frames=2 avg_ms total=54.318 housekeeping=23.331 bindings=11.861 diagnostics=0.004 colliders=3.599 axes=7.044 penis=1.822 penis_ownership=0.000 penis_gravity=0.000 penis_collision=0.000 penis_setup=0.000 penis_orientation=0.000 penis_translation=0.000 penis_solver=0.000 testicles=1.767 testicle_active=1.766 breasts=1.865 breasts_active=1.861 butt=2.073 butt_active=2.072 addons=0.941 addon_activation=0.938 addon_drive=0.000 addon_guard=0.000 addon_parent_pivot=0.000 addon_parent_translation=0.000 addon_parent_rotation=0.000 addon_gravity=0.000 addon_rotation_binding=0.000 addon_validation=0.000 addon_solver=0.000 addon_output=0.000 addon_cache=0.008 late=0.042 late_testicles=0.001 late_breasts=0.028 late_butt=0.013 traverse=0.000 addon_collision_body=0.000 addon_collision_self=0.000 addon_collision_addons=0.000 max_ms total=66.964 colliders=3.635 addons=1.794 calls late=2 traverse=0 body_collision=0 self_collision=0 addons_collision=0
2026-09-19 21:33:22.638 performance profile engine operation=symbols avg_ms=0.000000 max_call_ms=0.000000 calls_per_frame=0.00 window_ms=4516 frames=2 nested=1
2026-09-19 21:33:22.639 performance profile engine operation=find_object avg_ms=14.871250 max_call_ms=0.044300 calls_per_frame=69998.50 window_ms=4516 frames=2 nested=1
2026-09-19 21:33:22.639 performance profile engine operation=script_find avg_ms=0.000000 max_call_ms=0.000000 calls_per_frame=0.00 window_ms=4516 frames=2 nested=1
2026-09-19 21:33:22.639 performance profile engine operation=axis_lookup avg_ms=19.401400 max_call_ms=1.823000 calls_per_frame=110.50 window_ms=4516 frames=2 nested=1
2026-09-19 21:33:22.639 performance profile engine operation=pivot_query avg_ms=0.007750 max_call_ms=0.002400 calls_per_frame=17.00 window_ms=4516 frames=2 nested=1
2026-09-19 21:33:22.639 collision profile window_ms=4516 frames=2 avg_ms body_collection=0.000000 body_solve=0.000000 body_position=0.000000 body_refine=0.000000 body_velocity=0.000000 addon_prepare_query=0.000000 addon_coherent_solve=0.000000 addon_visible_solve=0.000000 room_sphere=0.000000 room_sweep=0.000000 room_single=0.000000
2026-09-19 21:33:22.639 collision profile window_ms=4516 frames=2 max_call_ms body_collection=0.000000 body_solve=0.000000 body_position=0.000000 body_refine=0.000000 body_velocity=0.000000 addon_prepare_query=0.000000 addon_coherent_solve=0.000000 addon_visible_solve=0.000000 room_sphere=0.000000 room_sweep=0.000000 room_single=0.000000
2026-09-19 21:33:22.639 collision profile window_ms=4516 frames=2 calls body_collection=0 body_solve=0 body_position=0 body_refine=0 body_velocity=0 addon_prepare_query=0 addon_coherent_solve=0 addon_visible_solve=0 room_sphere=0 room_sweep=0 room_single=0
2026-09-19 21:33:22.639 collision profile window_ms=4516 frames=2 counts body_contacts=0 body_passes=0 body_jacobians=0 body_predictions=0 addon_contacts=0 addon_passes=0 addon_gradients=0 room_nodes=0 room_triangles=0
2026-09-19 21:33:25.870 performance profile body-update person=Person02 system=breasts update_rate_hz=-1 published_hz=0.4 sample_ms=7766
2026-09-19 21:33:25.872 performance profile body-update person=Person02 system=butt update_rate_hz=-1 published_hz=0.4 sample_ms=7766
2026-09-19 21:33:25.873 performance profile body-update person=Person03 system=butt update_rate_hz=-1 published_hz=0.3 sample_ms=7032
2026-09-19 21:33:25.874 performance profile window_ms=3250 frames=1 avg_ms total=51.964 housekeeping=8.732 bindings=23.539 diagnostics=0.005 colliders=3.542 axes=7.670 penis=1.848 penis_ownership=0.000 penis_gravity=0.000 penis_collision=0.000 penis_setup=0.000 penis_orientation=0.000 penis_translation=0.000 penis_solver=0.000 testicles=1.788 testicle_active=1.786 breasts=2.398 breasts_active=2.392 butt=2.320 butt_active=2.320 addons=0.108 addon_activation=0.105 addon_drive=0.000 addon_guard=0.000 addon_parent_pivot=0.000 addon_parent_translation=0.000 addon_parent_rotation=0.000 addon_gravity=0.000 addon_rotation_binding=0.000 addon_validation=0.000 addon_solver=0.000 addon_output=0.000 addon_cache=0.011 late=0.045 late_testicles=0.001 late_breasts=0.031 late_butt=0.014 traverse=0.000 addon_collision_body=0.000 addon_collision_self=0.000 addon_collision_addons=0.000 max_ms total=51.964 colliders=3.542 addons=0.108 calls late=1 traverse=0 body_collision=0 self_collision=0 addons_collision=0
2026-09-19 21:33:25.874 performance profile engine operation=symbols avg_ms=0.000000 max_call_ms=0.000000 calls_per_frame=0.00 window_ms=3250 frames=1 nested=1
2026-09-19 21:33:25.875 performance profile engine operation=find_object avg_ms=15.516700 max_call_ms=0.183300 calls_per_frame=69997.00 window_ms=3250 frames=1 nested=1
2026-09-19 21:33:25.875 performance profile engine operation=script_find avg_ms=0.000000 max_call_ms=0.000000 calls_per_frame=0.00 window_ms=3250 frames=1 nested=1
2026-09-19 21:33:25.875 performance profile engine operation=axis_lookup avg_ms=20.158300 max_call_ms=2.336300 calls_per_frame=111.00 window_ms=3250 frames=1 nested=1
2026-09-19 21:33:25.875 performance profile engine operation=pivot_query avg_ms=0.008800 max_call_ms=0.001400 calls_per_frame=17.00 window_ms=3250 frames=1 nested=1
2026-09-19 21:33:25.876 collision profile window_ms=3250 frames=1 avg_ms body_collection=0.000000 body_solve=0.000000 body_position=0.000000 body_refine=0.000000 body_velocity=0.000000 addon_prepare_query=0.000000 addon_coherent_solve=0.000000 addon_visible_solve=0.000000 room_sphere=0.000000 room_sweep=0.000000 room_single=0.000000
2026-09-19 21:33:25.876 collision profile window_ms=3250 frames=1 max_call_ms body_collection=0.000000 body_solve=0.000000 body_position=0.000000 body_refine=0.000000 body_velocity=0.000000 addon_prepare_query=0.000000 addon_coherent_solve=0.000000 addon_visible_solve=0.000000 room_sphere=0.000000 room_sweep=0.000000 room_single=0.000000
2026-09-19 21:33:25.876 collision profile window_ms=3250 frames=1 calls body_collection=0 body_solve=0 body_position=0 body_refine=0 body_velocity=0 addon_prepare_query=0 addon_coherent_solve=0 addon_visible_solve=0 room_sphere=0 room_sweep=0 room_single=0
2026-09-19 21:33:25.876 collision profile window_ms=3250 frames=1 counts body_contacts=0 body_passes=0 body_jacobians=0 body_predictions=0 addon_contacts=0 addon_passes=0 addon_gradients=0 room_nodes=0 room_triangles=0
2026-09-19 21:33:29.127 performance profile body-update person=Person01 system=butt update_rate_hz=-1 published_hz=0.3 sample_ms=6484
2026-09-19 21:33:29.129 performance profile window_ms=3234 frames=1 avg_ms total=65.746 housekeeping=24.122 bindings=23.325 diagnostics=0.003 colliders=3.526 axes=6.972 penis=1.847 penis_ownership=0.000 penis_gravity=0.000 penis_collision=0.000 penis_setup=0.000 penis_orientation=0.000 penis_translation=0.000 penis_solver=0.000 testicles=1.748 testicle_active=1.748 breasts=1.803 breasts_active=1.799 butt=2.302 butt_active=2.301 addons=0.089 addon_activation=0.086 addon_drive=0.000 addon_guard=0.000 addon_parent_pivot=0.000 addon_parent_translation=0.000 addon_parent_rotation=0.000 addon_gravity=0.000 addon_rotation_binding=0.000 addon_validation=0.000 addon_solver=0.000 addon_output=0.000 addon_cache=0.007 late=0.082 late_testicles=0.001 late_breasts=0.065 late_butt=0.015 traverse=0.000 addon_collision_body=0.000 addon_collision_self=0.000 addon_collision_addons=0.000 max_ms total=65.746 colliders=3.526 addons=0.089 calls late=1 traverse=0 body_collision=0 self_collision=0 addons_collision=0
2026-09-19 21:33:29.129 performance profile engine operation=symbols avg_ms=0.000000 max_call_ms=0.000000 calls_per_frame=0.00 window_ms=3234 frames=1 nested=1
2026-09-19 21:33:29.129 performance profile engine operation=find_object avg_ms=14.812600 max_call_ms=0.036000 calls_per_frame=69997.00 window_ms=3234 frames=1 nested=1
2026-09-19 21:33:29.129 performance profile engine operation=script_find avg_ms=0.000000 max_call_ms=0.000000 calls_per_frame=0.00 window_ms=3234 frames=1 nested=1
2026-09-19 21:33:29.129 performance profile engine operation=axis_lookup avg_ms=19.277100 max_call_ms=1.809400 calls_per_frame=111.00 window_ms=3234 frames=1 nested=1
2026-09-19 21:33:29.129 performance profile engine operation=pivot_query avg_ms=0.013400 max_call_ms=0.005300 calls_per_frame=17.00 window_ms=3234 frames=1 nested=1
2026-09-19 21:33:29.129 collision profile window_ms=3234 frames=1 avg_ms body_collection=0.000000 body_solve=0.000000 body_position=0.000000 body_refine=0.000000 body_velocity=0.000000 addon_prepare_query=0.000000 addon_coherent_solve=0.000000 addon_visible_solve=0.000000 room_sphere=0.000000 room_sweep=0.000000 room_single=0.000000
2026-09-19 21:33:29.131 collision profile window_ms=3234 frames=1 max_call_ms body_collection=0.000000 body_solve=0.000000 body_position=0.000000 body_refine=0.000000 body_velocity=0.000000 addon_prepare_query=0.000000 addon_coherent_solve=0.000000 addon_visible_solve=0.000000 room_sphere=0.000000 room_sweep=0.000000 room_single=0.000000
2026-09-19 21:33:29.131 collision profile window_ms=3234 frames=1 calls body_collection=0 body_solve=0 body_position=0 body_refine=0 body_velocity=0 addon_prepare_query=0 addon_coherent_solve=0 addon_visible_solve=0 room_sphere=0 room_sweep=0 room_single=0
2026-09-19 21:33:29.131 collision profile window_ms=3234 frames=1 counts body_contacts=0 body_passes=0 body_jacobians=0 body_predictions=0 addon_contacts=0 addon_passes=0 addon_gradients=0 room_nodes=0 room_triangles=0
2026-09-19 21:33:30.287 performance profile window_ms=1172 frames=1 avg_ms total=57.958 housekeeping=23.543 bindings=23.373 diagnostics=0.004 colliders=3.551 axes=0.007 penis=1.794 penis_ownership=0.000 penis_gravity=0.000 penis_collision=0.000 penis_setup=0.000 penis_orientation=0.000 penis_translation=0.000 penis_solver=0.000 testicles=1.809 testicle_active=1.808 breasts=1.870 breasts_active=1.866 butt=1.910 butt_active=1.909 addons=0.088 addon_activation=0.086 addon_drive=0.000 addon_guard=0.000 addon_parent_pivot=0.000 addon_parent_translation=0.000 addon_parent_rotation=0.000 addon_gravity=0.000 addon_rotation_binding=0.000 addon_validation=0.000 addon_solver=0.000 addon_output=0.000 addon_cache=0.007 late=0.050 late_testicles=0.001 late_breasts=0.035 late_butt=0.014 traverse=0.000 addon_collision_body=0.000 addon_collision_self=0.000 addon_collision_addons=0.000 max_ms total=57.958 colliders=3.551 addons=0.088 calls late=1 traverse=0 body_collision=0 self_collision=0 addons_collision=0
2026-09-19 21:33:30.287 performance profile engine operation=symbols avg_ms=0.000000 max_call_ms=0.000000 calls_per_frame=0.00 window_ms=1172 frames=1 nested=1
2026-09-19 21:33:30.287 performance profile engine operation=find_object avg_ms=9.647800 max_call_ms=0.014100 calls_per_frame=44581.00 window_ms=1172 frames=1 nested=1
2026-09-19 21:33:30.287 performance profile engine operation=script_find avg_ms=0.000000 max_call_ms=0.000000 calls_per_frame=0.00 window_ms=1172 frames=1 nested=1
2026-09-19 21:33:30.287 performance profile engine operation=axis_lookup avg_ms=12.495700 max_call_ms=1.818000 calls_per_frame=99.00 window_ms=1172 frames=1 nested=1
2026-09-19 21:33:30.288 performance profile engine operation=pivot_query avg_ms=0.005800 max_call_ms=0.001300 calls_per_frame=17.00 window_ms=1172 frames=1 nested=1
2026-09-19 21:33:30.288 collision profile window_ms=1172 frames=1 avg_ms body_collection=0.000000 body_solve=0.000000 body_position=0.000000 body_refine=0.000000 body_velocity=0.000000 addon_prepare_query=0.000000 addon_coherent_solve=0.000000 addon_visible_solve=0.000000 room_sphere=0.000000 room_sweep=0.000000 room_single=0.000000
2026-09-19 21:33:30.288 collision profile window_ms=1172 frames=1 max_call_ms body_collection=0.000000 body_solve=0.000000 body_position=0.000000 body_refine=0.000000 body_velocity=0.000000 addon_prepare_query=0.000000 addon_coherent_solve=0.000000 addon_visible_solve=0.000000 room_sphere=0.000000 room_sweep=0.000000 room_single=0.000000
2026-09-19 21:33:30.288 collision profile window_ms=1172 frames=1 calls body_collection=0 body_solve=0 body_position=0 body_refine=0 body_velocity=0 addon_prepare_query=0 addon_coherent_solve=0 addon_visible_solve=0 room_sphere=0 room_sweep=0 room_single=0
2026-09-19 21:33:30.288 collision profile window_ms=1172 frames=1 counts body_contacts=0 body_passes=0 body_jacobians=0 body_predictions=0 addon_contacts=0 addon_passes=0 addon_gradients=0 room_nodes=0 room_triangles=0
2026-09-19 21:33:31.242 performance profile body-update person=Person02 system=breasts update_rate_hz=-1 published_hz=0.6 sample_ms=5375
2026-09-19 21:33:31.244 performance profile body-update person=Person02 system=butt update_rate_hz=-1 published_hz=0.6 sample_ms=5375
2026-09-19 21:33:31.244 performance profile body-update person=Person03 system=butt update_rate_hz=-1 published_hz=0.6 sample_ms=5375
2026-09-19 21:33:31.298 performance profile window_ms=1047 frames=2 avg_ms total=35.836 housekeeping=12.560 bindings=10.814 diagnostics=0.004 colliders=3.651 axes=3.491 penis=0.987 penis_ownership=0.000 penis_gravity=0.000 penis_collision=0.000 penis_setup=0.000 penis_orientation=0.000 penis_translation=0.000 penis_solver=0.000 testicles=0.929 testicle_active=0.928 breasts=1.234 breasts_active=1.227 butt=1.184 butt_active=1.183 addons=0.970 addon_activation=0.967 addon_drive=0.000 addon_guard=0.000 addon_parent_pivot=0.000 addon_parent_translation=0.000 addon_parent_rotation=0.000 addon_gravity=0.000 addon_rotation_binding=0.000 addon_validation=0.000 addon_solver=0.000 addon_output=0.000 addon_cache=0.010 late=0.081 late_testicles=0.001 late_breasts=0.064 late_butt=0.016 traverse=0.000 addon_collision_body=0.000 addon_collision_self=0.000 addon_collision_addons=0.000 max_ms total=45.947 colliders=3.686 addons=1.832 calls late=2 traverse=0 body_collision=0 self_collision=0 addons_collision=0
2026-09-19 21:33:31.298 performance profile engine operation=symbols avg_ms=0.000000 max_call_ms=0.000000 calls_per_frame=0.00 window_ms=1047 frames=2 nested=1
2026-09-19 21:33:31.298 performance profile engine operation=find_object avg_ms=8.964250 max_call_ms=0.077200 calls_per_frame=41389.50 window_ms=1047 frames=2 nested=1
2026-09-19 21:33:31.299 performance profile engine operation=script_find avg_ms=0.000000 max_call_ms=0.000000 calls_per_frame=0.00 window_ms=1047 frames=2 nested=1
2026-09-19 21:33:31.299 performance profile engine operation=axis_lookup avg_ms=11.586800 max_call_ms=1.857000 calls_per_frame=86.50 window_ms=1047 frames=2 nested=1
2026-09-19 21:33:31.299 performance profile engine operation=pivot_query avg_ms=0.007500 max_call_ms=0.001900 calls_per_frame=17.00 window_ms=1047 frames=2 nested=1
2026-09-19 21:33:31.299 collision profile window_ms=1047 frames=2 avg_ms body_collection=0.000000 body_solve=0.000000 body_position=0.000000 body_refine=0.000000 body_velocity=0.000000 addon_prepare_query=0.000000 addon_coherent_solve=0.000000 addon_visible_solve=0.000000 room_sphere=0.000000 room_sweep=0.000000 room_single=0.000000
2026-09-19 21:33:31.299 collision profile window_ms=1047 frames=2 max_call_ms body_collection=0.000000 body_solve=0.000000 body_position=0.000000 body_refine=0.000000 body_velocity=0.000000 addon_prepare_query=0.000000 addon_coherent_solve=0.000000 addon_visible_solve=0.000000 room_sphere=0.000000 room_sweep=0.000000 room_single=0.000000
2026-09-19 21:33:31.299 collision profile window_ms=1047 frames=2 calls body_collection=0 body_solve=0 body_position=0 body_refine=0 body_velocity=0 addon_prepare_query=0 addon_coherent_solve=0 addon_visible_solve=0 room_sphere=0 room_sweep=0 room_single=0
2026-09-19 21:33:31.299 collision profile window_ms=1047 frames=2 counts body_contacts=0 body_passes=0 body_jacobians=0 body_predictions=0 addon_contacts=0 addon_passes=0 addon_gradients=0 room_nodes=0 room_triangles=0
2026-09-19 21:33:36.575 PoseEdit file handoff fade-wait exec="native-queue" note="retain outgoing physics until the native fade readiness gate"
2026-09-19 21:33:36.576 PoseEdit file handoff end exec="native-queue" result=0x00000000 editpose=1155ac80 pending_reset=1 note="physics waits for the native pending-reset flag to clear before binding the resulting pose"
2026-09-19 21:33:36.915 PoseEdit file handoff begin exec="native-fade-ready" editpose=1155ac80 note="returned current tracks to TK17 before native pose replacement; discarded old snapshots"
2026-09-19 21:33:44.905 PoseEdit file handoff begin exec="native-reset" editpose=1155ac80 note="returned current tracks to TK17 before native pose replacement; discarded old snapshots"
2026-09-19 21:33:44.906 PoseEdit file handoff rotation-trace phase=native-reset-before person=1 joint=1 track=1155d9f4 target=34853d60 member=0x02fff04a keys=73254170 count=0 keys_read=0 first_frame=0 first=(0.000000,0.000000,0.000000) last_frame=0 last=(0.000000,0.000000,0.000000) output_raw=3daf6240 output_offset=0x6c output_read=1 output=(0.000000,0.000000,0.000000)
2026-09-19 21:33:44.906 PoseEdit file handoff rotation-trace phase=native-reset-before person=1 joint=2 track=1155e264 target=34862620 member=0x01fff04e keys=73254170 count=0 keys_read=0 first_frame=0 first=(0.000000,0.000000,0.000000) last_frame=0 last=(0.000000,0.000000,0.000000) output_raw=4092cfa0 output_offset=0x6c output_read=1 output=(0.000000,0.000000,0.000000)
2026-09-19 21:33:44.906 PoseEdit file handoff rotation-trace phase=native-reset-before person=1 joint=3 track=1155e2b4 target=34862580 member=0x01fff04e keys=73254170 count=0 keys_read=0 first_frame=0 first=(0.000000,0.000000,0.000000) last_frame=0 last=(0.000000,0.000000,0.000000) output_raw=4092e340 output_offset=0x6c output_read=1 output=(0.000000,0.000000,0.000000)
2026-09-19 21:33:44.906 PoseEdit file handoff rotation-trace phase=native-reset-before person=2 joint=1 track=1156f974 target=4ade8800 member=0x02fff04a keys=73254170 count=0 keys_read=0 first_frame=0 first=(0.000000,0.000000,0.000000) last_frame=0 last=(0.000000,0.000000,0.000000) output_raw=49debc40 output_offset=0x6c output_read=1 output=(0.000000,0.000000,-47.500000)
2026-09-19 21:33:44.906 PoseEdit file handoff rotation-trace phase=native-reset-before person=2 joint=2 track=115701e4 target=37697060 member=0x01fff04e keys=73254170 count=0 keys_read=0 first_frame=0 first=(0.000000,0.000000,0.000000) last_frame=0 last=(0.000000,0.000000,0.000000) output_raw=49deb820 output_offset=0x6c output_read=1 output=(0.000000,0.000000,-17.160000)
2026-09-19 21:33:44.906 PoseEdit file handoff rotation-trace phase=native-reset-before person=2 joint=3 track=11570234 target=37696e80 member=0x01fff04e keys=73254170 count=0 keys_read=0 first_frame=0 first=(0.000000,0.000000,0.000000) last_frame=0 last=(0.000000,0.000000,0.000000) output_raw=49deae40 output_offset=0x6c output_read=1 output=(0.000000,0.000000,-6.988000)
2026-09-19 21:33:44.907 PoseEdit file handoff rotation-trace phase=native-reset-before person=3 joint=1 track=115818f4 target=376a1280 member=0x02fff04a keys=73254170 count=0 keys_read=0 first_frame=0 first=(0.000000,0.000000,0.000000) last_frame=0 last=(0.000000,0.000000,0.000000) output_raw=4cb305e0 output_offset=0x6c output_read=1 output=(0.000000,0.000000,0.000000)
2026-09-19 21:33:44.907 PoseEdit file handoff rotation-trace phase=native-reset-before person=3 joint=2 track=11582164 target=3769c6a0 member=0x01fff04e keys=73254170 count=0 keys_read=0 first_frame=0 first=(0.000000,0.000000,0.000000) last_frame=0 last=(0.000000,0.000000,0.000000) output_raw=4cb30480 output_offset=0x6c output_read=1 output=(0.000000,0.000000,0.000000)
2026-09-19 21:33:44.907 PoseEdit file handoff rotation-trace phase=native-reset-before person=3 joint=3 track=115821b4 target=3769c640 member=0x01fff04e keys=73254170 count=0 keys_read=0 first_frame=0 first=(0.000000,0.000000,0.000000) last_frame=0 last=(0.000000,0.000000,0.000000) output_raw=4cb31f20 output_offset=0x6c output_read=1 output=(0.000000,0.000000,0.000000)
2026-09-19 21:33:44.945 PoseEdit file handoff rotation-trace phase=native-reset-after person=1 joint=1 track=1155d9f4 target=34853d60 member=0x02fff04a keys=73254170 count=0 keys_read=0 first_frame=0 first=(0.000000,0.000000,0.000000) last_frame=0 last=(0.000000,0.000000,0.000000) output_raw=3daf6240 output_offset=0x6c output_read=1 output=(0.000000,0.000000,0.000000)
2026-09-19 21:33:44.946 PoseEdit file handoff rotation-trace phase=native-reset-after person=1 joint=2 track=1155e264 target=34862620 member=0x01fff04e keys=73254170 count=0 keys_read=0 first_frame=0 first=(0.000000,0.000000,0.000000) last_frame=0 last=(0.000000,0.000000,0.000000) output_raw=4092cfa0 output_offset=0x6c output_read=1 output=(0.000000,0.000000,0.000000)
2026-09-19 21:33:44.946 PoseEdit file handoff rotation-trace phase=native-reset-after person=1 joint=3 track=1155e2b4 target=34862580 member=0x01fff04e keys=73254170 count=0 keys_read=0 first_frame=0 first=(0.000000,0.000000,0.000000) last_frame=0 last=(0.000000,0.000000,0.000000) output_raw=4092e340 output_offset=0x6c output_read=1 output=(0.000000,0.000000,0.000000)
2026-09-19 21:33:44.946 PoseEdit file handoff rotation-trace phase=native-reset-after person=2 joint=1 track=1156f974 target=4ade8800 member=0x02fff04a keys=10fe0040 count=1 keys_read=1 first_frame=0 first=(0.000000,0.000000,-47.500000) last_frame=0 last=(0.000000,0.000000,-47.500000) output_raw=49debc40 output_offset=0x6c output_read=1 output=(0.000000,0.000000,-47.500000)
2026-09-19 21:33:44.946 PoseEdit file handoff rotation-trace phase=native-reset-after person=2 joint=2 track=115701e4 target=37697060 member=0x01fff04e keys=10fda580 count=1 keys_read=1 first_frame=0 first=(0.000000,0.000000,0.000000) last_frame=0 last=(0.000000,0.000000,0.000000) output_raw=49deb820 output_offset=0x6c output_read=1 output=(0.000000,0.000000,-17.160000)
2026-09-19 21:33:44.947 PoseEdit file handoff rotation-trace phase=native-reset-after person=2 joint=3 track=11570234 target=37696e80 member=0x01fff04e keys=10fd9cc0 count=1 keys_read=1 first_frame=0 first=(0.000000,0.000000,0.000000) last_frame=0 last=(0.000000,0.000000,0.000000) output_raw=49deae40 output_offset=0x6c output_read=1 output=(0.000000,0.000000,-6.988000)
2026-09-19 21:33:44.947 PoseEdit file handoff rotation-trace phase=native-reset-after person=3 joint=1 track=115818f4 target=376a1280 member=0x02fff04a keys=73254170 count=0 keys_read=0 first_frame=0 first=(0.000000,0.000000,0.000000) last_frame=0 last=(0.000000,0.000000,0.000000) output_raw=4cb305e0 output_offset=0x6c output_read=1 output=(0.000000,0.000000,0.000000)
2026-09-19 21:33:44.947 PoseEdit file handoff rotation-trace phase=native-reset-after person=3 joint=2 track=11582164 target=3769c6a0 member=0x01fff04e keys=73254170 count=0 keys_read=0 first_frame=0 first=(0.000000,0.000000,0.000000) last_frame=0 last=(0.000000,0.000000,0.000000) output_raw=4cb30480 output_offset=0x6c output_read=1 output=(0.000000,0.000000,0.000000)
2026-09-19 21:33:44.947 PoseEdit file handoff rotation-trace phase=native-reset-after person=3 joint=3 track=115821b4 target=3769c640 member=0x01fff04e keys=73254170 count=0 keys_read=0 first_frame=0 first=(0.000000,0.000000,0.000000) last_frame=0 last=(0.000000,0.000000,0.000000) output_raw=4cb31f20 output_offset=0x6c output_read=1 output=(0.000000,0.000000,0.000000)
2026-09-19 21:33:44.950 PoseEdit file handoff end exec="native-reset" result=0x00000000 editpose=1155ac80 pending_reset=1 note="physics waits for the native pending-reset flag to clear before binding the resulting pose"
2026-09-19 21:33:45.239 genital physics state person=Person02 physics_paused=1 reason=clothing-hidden
2026-09-19 21:33:45.249 performance profile window_ms=13875 frames=1 avg_ms total=89.894 housekeeping=57.299 bindings=24.434 diagnostics=0.005 colliders=0.282 axes=0.001 penis=1.981 penis_ownership=0.000 penis_gravity=0.000 penis_collision=0.000 penis_setup=0.000 penis_orientation=0.000 penis_translation=0.000 penis_solver=0.000 testicles=1.899 testicle_active=1.898 breasts=1.933 breasts_active=1.924 butt=1.936 butt_active=1.935 addons=0.117 addon_activation=0.114 addon_drive=0.000 addon_guard=0.000 addon_parent_pivot=0.000 addon_parent_translation=0.000 addon_parent_rotation=0.000 addon_gravity=0.000 addon_rotation_binding=0.000 addon_validation=0.000 addon_solver=0.000 addon_output=0.000 addon_cache=0.007 late=0.101 late_testicles=0.015 late_breasts=0.073 late_butt=0.007 traverse=0.000 addon_collision_body=0.000 addon_collision_self=0.000 addon_collision_addons=0.000 max_ms total=89.894 colliders=0.282 addons=0.117 calls late=15 traverse=0 body_collision=0 self_collision=0 addons_collision=0
2026-09-19 21:33:45.249 performance profile engine operation=symbols avg_ms=0.000000 max_call_ms=0.000000 calls_per_frame=0.00 window_ms=13875 frames=1 nested=1
2026-09-19 21:33:45.249 performance profile engine operation=find_object avg_ms=22.115000 max_call_ms=0.026700 calls_per_frame=101842.00 window_ms=13875 frames=1 nested=1
2026-09-19 21:33:45.250 performance profile engine operation=script_find avg_ms=0.000000 max_call_ms=0.000000 calls_per_frame=0.00 window_ms=13875 frames=1 nested=1
2026-09-19 21:33:45.250 performance profile engine operation=axis_lookup avg_ms=28.885600 max_call_ms=2.050400 calls_per_frame=95.00 window_ms=13875 frames=1 nested=1
2026-09-19 21:33:45.250 performance profile engine operation=pivot_query avg_ms=0.024600 max_call_ms=0.001700 calls_per_frame=85.00 window_ms=13875 frames=1 nested=1
2026-09-19 21:33:45.250 collision profile window_ms=13875 frames=1 avg_ms body_collection=0.000000 body_solve=0.000000 body_position=0.000000 body_refine=0.000000 body_velocity=0.000000 addon_prepare_query=0.000000 addon_coherent_solve=0.000000 addon_visible_solve=0.000000 room_sphere=0.000000 room_sweep=0.000000 room_single=0.000000
2026-09-19 21:33:45.251 collision profile window_ms=13875 frames=1 max_call_ms body_collection=0.000000 body_solve=0.000000 body_position=0.000000 body_refine=0.000000 body_velocity=0.000000 addon_prepare_query=0.000000 addon_coherent_solve=0.000000 addon_visible_solve=0.000000 room_sphere=0.000000 room_sweep=0.000000 room_single=0.000000
2026-09-19 21:33:45.251 collision profile window_ms=13875 frames=1 calls body_collection=0 body_solve=0 body_position=0 body_refine=0 body_velocity=0 addon_prepare_query=0 addon_coherent_solve=0 addon_visible_solve=0 room_sphere=0 room_sweep=0 room_single=0
2026-09-19 21:33:45.251 collision profile window_ms=13875 frames=1 counts body_contacts=0 body_passes=0 body_jacobians=0 body_predictions=0 addon_contacts=0 addon_passes=0 addon_gradients=0 room_nodes=0 room_triangles=0
2026-09-19 21:33:46.183 performance profile window_ms=1000 frames=65 avg_ms total=2.040 housekeeping=0.038 bindings=0.433 diagnostics=0.004 colliders=0.190 axes=0.001 penis=0.283 penis_ownership=0.000 penis_gravity=0.000 penis_collision=0.000 penis_setup=0.000 penis_orientation=0.000 penis_translation=0.000 penis_solver=0.000 testicles=0.272 testicle_active=0.271 breasts=0.369 breasts_active=0.364 butt=0.352 butt_active=0.351 addons=0.085 addon_activation=0.082 addon_drive=0.000 addon_guard=0.000 addon_parent_pivot=0.000 addon_parent_translation=0.000 addon_parent_rotation=0.000 addon_gravity=0.000 addon_rotation_binding=0.000 addon_validation=0.000 addon_solver=0.000 addon_output=0.000 addon_cache=0.012 late=0.028 late_testicles=0.001 late_breasts=0.025 late_butt=0.002 traverse=0.000 addon_collision_body=0.000 addon_collision_self=0.000 addon_collision_addons=0.000 max_ms total=23.602 colliders=0.389 addons=0.202 calls late=65 traverse=0 body_collision=0 self_collision=0 addons_collision=0
2026-09-19 21:33:46.183 performance profile engine operation=symbols avg_ms=0.000000 max_call_ms=0.000000 calls_per_frame=0.00 window_ms=1000 frames=65 nested=1
2026-09-19 21:33:46.183 performance profile engine operation=find_object avg_ms=0.885269 max_call_ms=0.061100 calls_per_frame=3796.65 window_ms=1000 frames=65 nested=1
2026-09-19 21:33:46.183 performance profile engine operation=script_find avg_ms=0.000000 max_call_ms=0.000000 calls_per_frame=0.00 window_ms=1000 frames=65 nested=1
2026-09-19 21:33:46.184 performance profile engine operation=axis_lookup avg_ms=1.117192 max_call_ms=2.067600 calls_per_frame=32.82 window_ms=1000 frames=65 nested=1
2026-09-19 21:33:46.184 performance profile engine operation=pivot_query avg_ms=0.027451 max_call_ms=0.005500 calls_per_frame=88.88 window_ms=1000 frames=65 nested=1
2026-09-19 21:33:46.184 collision profile window_ms=1000 frames=65 avg_ms body_collection=0.000000 body_solve=0.000000 body_position=0.000000 body_refine=0.000000 body_velocity=0.000000 addon_prepare_query=0.000000 addon_coherent_solve=0.000000 addon_visible_solve=0.000000 room_sphere=0.000000 room_sweep=0.000000 room_single=0.000000
2026-09-19 21:33:46.184 collision profile window_ms=1000 frames=65 max_call_ms body_collection=0.000000 body_solve=0.000000 body_position=0.000000 body_refine=0.000000 body_velocity=0.000000 addon_prepare_query=0.000000 addon_coherent_solve=0.000000 addon_visible_solve=0.000000 room_sphere=0.000000 room_sweep=0.000000 room_single=0.000000
2026-09-19 21:33:46.184 collision profile window_ms=1000 frames=65 calls body_collection=0 body_solve=0 body_position=0 body_refine=0 body_velocity=0 addon_prepare_query=0 addon_coherent_solve=0 addon_visible_solve=0 room_sphere=0 room_sweep=0 room_single=0
2026-09-19 21:33:46.184 collision profile window_ms=1000 frames=65 counts body_contacts=0 body_passes=0 body_jacobians=0 body_predictions=0 addon_contacts=0 addon_passes=0 addon_gradients=0 room_nodes=0 room_triangles=0
2026-09-19 21:33:47.181 performance profile window_ms=1000 frames=73 avg_ms total=1.990 housekeeping=0.030 bindings=0.383 diagnostics=0.003 colliders=0.171 axes=0.124 penis=0.245 penis_ownership=0.000 penis_gravity=0.000 penis_collision=0.000 penis_setup=0.000 penis_orientation=0.000 penis_translation=0.000 penis_solver=0.000 testicles=0.241 testicle_active=0.240 breasts=0.333 breasts_active=0.328 butt=0.322 butt_active=0.322 addons=0.125 addon_activation=0.121 addon_drive=0.001 addon_guard=0.000 addon_parent_pivot=0.000 addon_parent_translation=0.000 addon_parent_rotation=0.000 addon_gravity=0.000 addon_rotation_binding=0.000 addon_validation=0.000 addon_solver=0.000 addon_output=0.000 addon_cache=0.011 late=0.028 late_testicles=0.001 late_breasts=0.024 late_butt=0.003 traverse=0.000 addon_collision_body=0.000 addon_collision_self=0.000 addon_collision_addons=0.000 max_ms total=23.367 colliders=0.320 addons=2.115 calls late=73 traverse=0 body_collision=0 self_collision=0 addons_collision=0
2026-09-19 21:33:47.182 performance profile engine operation=symbols avg_ms=0.000000 max_call_ms=0.000000 calls_per_frame=0.00 window_ms=1000 frames=73 nested=1
2026-09-19 21:33:47.182 performance profile engine operation=find_object avg_ms=0.902930 max_call_ms=0.047500 calls_per_frame=3850.88 window_ms=1000 frames=73 nested=1
2026-09-19 21:33:47.182 performance profile engine operation=script_find avg_ms=0.000000 max_call_ms=0.000000 calls_per_frame=0.00 window_ms=1000 frames=73 nested=1
2026-09-19 21:33:47.183 performance profile engine operation=axis_lookup avg_ms=1.141063 max_call_ms=2.689600 calls_per_frame=34.27 window_ms=1000 frames=73 nested=1
2026-09-19 21:33:47.183 performance profile engine operation=pivot_query avg_ms=0.024096 max_call_ms=0.003600 calls_per_frame=89.00 window_ms=1000 frames=73 nested=1
2026-09-19 21:33:47.183 collision profile window_ms=1000 frames=73 avg_ms body_collection=0.000000 body_solve=0.000000 body_position=0.000000 body_refine=0.000000 body_velocity=0.000000 addon_prepare_query=0.000000 addon_coherent_solve=0.000000 addon_visible_solve=0.000000 room_sphere=0.000000 room_sweep=0.000000 room_single=0.000000
2026-09-19 21:33:47.183 collision profile window_ms=1000 frames=73 max_call_ms body_collection=0.000000 body_solve=0.000000 body_position=0.000000 body_refine=0.000000 body_velocity=0.000000 addon_prepare_query=0.000000 addon_coherent_solve=0.000000 addon_visible_solve=0.000000 room_sphere=0.000000 room_sweep=0.000000 room_single=0.000000
2026-09-19 21:33:47.183 collision profile window_ms=1000 frames=73 calls body_collection=0 body_solve=0 body_position=0 body_refine=0 body_velocity=0 addon_prepare_query=0 addon_coherent_solve=0 addon_visible_solve=0 room_sphere=0 room_sweep=0 room_single=0
2026-09-19 21:33:47.184 collision profile window_ms=1000 frames=73 counts body_contacts=0 body_passes=0 body_jacobians=0 body_predictions=0 addon_contacts=0 addon_passes=0 addon_gradients=0 room_nodes=0 room_triangles=0
2026-09-19 21:33:47.216 addon physics active owner="Person02" chain="NcEarring2L_Part1" targets=2 sidecar="C:\Users\ErolB\Desktop\Games\TK17\The Klub 17\Addons\Accessory.[NC].NcEarring2 - Heart Earring\Scenes\Shared\Cloth\NcEarring2L.physx.ini"
2026-09-19 21:33:47.219 addon physics active owner="Person02" chain="NcEarring2R_Part1" targets=2 sidecar="C:\Users\ErolB\Desktop\Games\TK17\The Klub 17\Addons\Accessory.[NC].NcEarring2 - Heart Earring\Scenes\Shared\Cloth\NcEarring2R.physx.ini"
2026-09-19 21:33:48.173 performance profile window_ms=1000 frames=68 avg_ms total=2.257 housekeeping=0.042 bindings=0.408 diagnostics=0.004 colliders=0.193 axes=0.002 penis=0.270 penis_ownership=0.000 penis_gravity=0.000 penis_collision=0.000 penis_setup=0.000 penis_orientation=0.000 penis_translation=0.000 penis_solver=0.000 testicles=0.259 testicle_active=0.258 breasts=0.355 breasts_active=0.349 butt=0.338 butt_active=0.337 addons=0.377 addon_activation=0.137 addon_drive=0.113 addon_guard=0.001 addon_parent_pivot=0.002 addon_parent_translation=0.003 addon_parent_rotation=0.003 addon_gravity=0.002 addon_rotation_binding=0.000 addon_validation=0.101 addon_solver=0.124 addon_output=0.110 addon_cache=0.010 late=0.032 late_testicles=0.001 late_breasts=0.028 late_butt=0.003 traverse=0.000 addon_collision_body=0.000 addon_collision_self=0.000 addon_collision_addons=0.000 max_ms total=23.179 colliders=0.401 addons=4.529 calls late=68 traverse=0 body_collision=0 self_collision=0 addons_collision=0
2026-09-19 21:33:48.173 performance profile engine operation=symbols avg_ms=0.000000 max_call_ms=0.000000 calls_per_frame=0.00 window_ms=1000 frames=68 nested=1
2026-09-19 21:33:48.174 performance profile engine operation=find_object avg_ms=0.875957 max_call_ms=0.078600 calls_per_frame=3732.72 window_ms=1000 frames=68 nested=1
2026-09-19 21:33:48.174 performance profile engine operation=script_find avg_ms=0.000000 max_call_ms=0.000000 calls_per_frame=0.00 window_ms=1000 frames=68 nested=1
2026-09-19 21:33:48.174 performance profile engine operation=axis_lookup avg_ms=1.098443 max_call_ms=2.155900 calls_per_frame=34.97 window_ms=1000 frames=68 nested=1
2026-09-19 21:33:48.174 performance profile engine operation=pivot_query avg_ms=0.029091 max_call_ms=0.013600 calls_per_frame=89.00 window_ms=1000 frames=68 nested=1
2026-09-19 21:33:48.174 collision profile window_ms=1000 frames=68 avg_ms body_collection=0.000000 body_solve=0.000000 body_position=0.000000 body_refine=0.000000 body_velocity=0.000000 addon_prepare_query=0.000000 addon_coherent_solve=0.000000 addon_visible_solve=0.000000 room_sphere=0.000000 room_sweep=0.000000 room_single=0.000000
2026-09-19 21:33:48.174 collision profile window_ms=1000 frames=68 max_call_ms body_collection=0.000000 body_solve=0.000000 body_position=0.000000 body_refine=0.000000 body_velocity=0.000000 addon_prepare_query=0.000000 addon_coherent_solve=0.000000 addon_visible_solve=0.000000 room_sphere=0.000000 room_sweep=0.000000 room_single=0.000000
2026-09-19 21:33:48.175 collision profile window_ms=1000 frames=68 calls body_collection=0 body_solve=0 body_position=0 body_refine=0 body_velocity=0 addon_prepare_query=0 addon_coherent_solve=0 addon_visible_solve=0 room_sphere=0 room_sweep=0 room_single=0
2026-09-19 21:33:48.175 collision profile window_ms=1000 frames=68 counts body_contacts=0 body_passes=0 body_jacobians=0 body_predictions=0 addon_contacts=0 addon_passes=0 addon_gradients=0 room_nodes=0 room_triangles=0
2026-09-19 21:33:49.179 performance profile window_ms=1000 frames=71 avg_ms total=2.319 housekeeping=0.034 bindings=0.388 diagnostics=0.004 colliders=0.178 axes=0.107 penis=0.259 penis_ownership=0.000 penis_gravity=0.000 penis_collision=0.000 penis_setup=0.000 penis_orientation=0.000 penis_translation=0.000 penis_solver=0.000 testicles=0.250 testicle_active=0.249 breasts=0.341 breasts_active=0.336 butt=0.329 butt_active=0.329 addons=0.419 addon_activation=0.123 addon_drive=0.093 addon_guard=0.001 addon_parent_pivot=0.000 addon_parent_translation=0.002 addon_parent_rotation=0.002 addon_gravity=0.001 addon_rotation_binding=0.000 addon_validation=0.085 addon_solver=0.200 addon_output=0.198 addon_cache=0.010 late=0.029 late_testicles=0.001 late_breasts=0.026 late_butt=0.003 traverse=0.000 addon_collision_body=0.000 addon_collision_self=0.000 addon_collision_addons=0.000 max_ms total=23.814 colliders=0.545 addons=2.183 calls late=71 traverse=0 body_collision=0 self_collision=0 addons_collision=0
2026-09-19 21:33:49.179 performance profile engine operation=symbols avg_ms=0.000000 max_call_ms=0.000000 calls_per_frame=0.00 window_ms=1000 frames=71 nested=1
2026-09-19 21:33:49.179 performance profile engine operation=find_object avg_ms=0.917768 max_call_ms=0.128100 calls_per_frame=3958.65 window_ms=1000 frames=71 nested=1
2026-09-19 21:33:49.179 performance profile engine operation=script_find avg_ms=0.000000 max_call_ms=0.000000 calls_per_frame=0.00 window_ms=1000 frames=71 nested=1
2026-09-19 21:33:49.179 performance profile engine operation=axis_lookup avg_ms=1.161175 max_call_ms=2.048200 calls_per_frame=34.79 window_ms=1000 frames=71 nested=1
2026-09-19 21:33:49.179 performance profile engine operation=pivot_query avg_ms=0.025241 max_call_ms=0.012700 calls_per_frame=89.00 window_ms=1000 frames=71 nested=1
2026-09-19 21:33:49.181 collision profile window_ms=1000 frames=71 avg_ms body_collection=0.000000 body_solve=0.000000 body_position=0.000000 body_refine=0.000000 body_velocity=0.000000 addon_prepare_query=0.000000 addon_coherent_solve=0.000000 addon_visible_solve=0.000000 room_sphere=0.000000 room_sweep=0.000000 room_single=0.000000
2026-09-19 21:33:49.181 collision profile window_ms=1000 frames=71 max_call_ms body_collection=0.000000 body_solve=0.000000 body_position=0.000000 body_refine=0.000000 body_velocity=0.000000 addon_prepare_query=0.000000 addon_coherent_solve=0.000000 addon_visible_solve=0.000000 room_sphere=0.000000 room_sweep=0.000000 room_single=0.000000
2026-09-19 21:33:49.181 collision profile window_ms=1000 frames=71 calls body_collection=0 body_solve=0 body_position=0 body_refine=0 body_velocity=0 addon_prepare_query=0 addon_coherent_solve=0 addon_visible_solve=0 room_sphere=0 room_sweep=0 room_single=0
2026-09-19 21:33:49.181 collision profile window_ms=1000 frames=71 counts body_contacts=0 body_passes=0 body_jacobians=0 body_predictions=0 addon_contacts=0 addon_passes=0 addon_gradients=0 room_nodes=0 room_triangles=0
2026-09-19 21:33:50.176 performance profile window_ms=1000 frames=71 avg_ms total=2.274 housekeeping=0.033 bindings=0.390 diagnostics=0.004 colliders=0.182 axes=0.057 penis=0.259 penis_ownership=0.000 penis_gravity=0.000 penis_collision=0.000 penis_setup=0.000 penis_orientation=0.000 penis_translation=0.000 penis_solver=0.000 testicles=0.251 testicle_active=0.250 breasts=0.342 breasts_active=0.337 butt=0.327 butt_active=0.327 addons=0.418 addon_activation=0.126 addon_drive=0.088 addon_guard=0.001 addon_parent_pivot=0.000 addon_parent_translation=0.002 addon_parent_rotation=0.002 addon_gravity=0.001 addon_rotation_binding=0.000 addon_validation=0.080 addon_solver=0.200 addon_output=0.198 addon_cache=0.010 late=0.029 late_testicles=0.001 late_breasts=0.025 late_butt=0.003 traverse=0.000 addon_collision_body=0.000 addon_collision_self=0.000 addon_collision_addons=0.000 max_ms total=22.979 colliders=0.373 addons=2.188 calls late=71 traverse=0 body_collision=0 self_collision=0 addons_collision=0
2026-09-19 21:33:50.176 performance profile engine operation=symbols avg_ms=0.000000 max_call_ms=0.000000 calls_per_frame=0.00 window_ms=1000 frames=71 nested=1
2026-09-19 21:33:50.176 performance profile engine operation=find_object avg_ms=0.877272 max_call_ms=0.073800 calls_per_frame=3767.63 window_ms=1000 frames=71 nested=1
2026-09-19 21:33:50.176 performance profile engine operation=script_find avg_ms=0.000000 max_call_ms=0.000000 calls_per_frame=0.00 window_ms=1000 frames=71 nested=1
2026-09-19 21:33:50.176 performance profile engine operation=axis_lookup avg_ms=1.111004 max_call_ms=2.066000 calls_per_frame=34.82 window_ms=1000 frames=71 nested=1
2026-09-19 21:33:50.177 performance profile engine operation=pivot_query avg_ms=0.025982 max_call_ms=0.013900 calls_per_frame=89.00 window_ms=1000 frames=71 nested=1
2026-09-19 21:33:50.177 collision profile window_ms=1000 frames=71 avg_ms body_collection=0.000000 body_solve=0.000000 body_position=0.000000 body_refine=0.000000 body_velocity=0.000000 addon_prepare_query=0.000000 addon_coherent_solve=0.000000 addon_visible_solve=0.000000 room_sphere=0.000000 room_sweep=0.000000 room_single=0.000000
2026-09-19 21:33:50.177 collision profile window_ms=1000 frames=71 max_call_ms body_collection=0.000000 body_solve=0.000000 body_position=0.000000 body_refine=0.000000 body_velocity=0.000000 addon_prepare_query=0.000000 addon_coherent_solve=0.000000 addon_visible_solve=0.000000 room_sphere=0.000000 room_sweep=0.000000 room_single=0.000000
2026-09-19 21:33:50.177 collision profile window_ms=1000 frames=71 calls body_collection=0 body_solve=0 body_position=0 body_refine=0 body_velocity=0 addon_prepare_query=0 addon_coherent_solve=0 addon_visible_solve=0 room_sphere=0 room_sweep=0 room_single=0
2026-09-19 21:33:50.177 collision profile window_ms=1000 frames=71 counts body_contacts=0 body_passes=0 body_jacobians=0 body_predictions=0 addon_contacts=0 addon_passes=0 addon_gradients=0 room_nodes=0 room_triangles=0
2026-09-19 21:33:50.313 performance profile body-update person=Person02 system=breasts update_rate_hz=-1 published_hz=70.8 sample_ms=5000
2026-09-19 21:33:50.315 performance profile body-update person=Person02 system=butt update_rate_hz=-1 published_hz=70.8 sample_ms=5000
2026-09-19 21:33:51.173 performance profile window_ms=1000 frames=70 avg_ms total=2.333 housekeeping=0.034 bindings=0.402 diagnostics=0.004 colliders=0.184 axes=0.060 penis=0.260 penis_ownership=0.000 penis_gravity=0.000 penis_collision=0.000 penis_setup=0.000 penis_orientation=0.000 penis_translation=0.000 penis_solver=0.000 testicles=0.257 testicle_active=0.256 breasts=0.356 breasts_active=0.351 butt=0.339 butt_active=0.338 addons=0.426 addon_activation=0.127 addon_drive=0.090 addon_guard=0.001 addon_parent_pivot=0.000 addon_parent_translation=0.002 addon_parent_rotation=0.002 addon_gravity=0.001 addon_rotation_binding=0.000 addon_validation=0.083 addon_solver=0.205 addon_output=0.203 addon_cache=0.011 late=0.030 late_testicles=0.001 late_breasts=0.026 late_butt=0.003 traverse=0.000 addon_collision_body=0.000 addon_collision_self=0.000 addon_collision_addons=0.000 max_ms total=23.473 colliders=0.517 addons=2.328 calls late=70 traverse=0 body_collision=0 self_collision=0 addons_collision=0
2026-09-19 21:33:51.173 performance profile engine operation=symbols avg_ms=0.000000 max_call_ms=0.000000 calls_per_frame=0.00 window_ms=1000 frames=70 nested=1
2026-09-19 21:33:51.173 performance profile engine operation=find_object avg_ms=0.894843 max_call_ms=0.090000 calls_per_frame=3820.87 window_ms=1000 frames=70 nested=1
2026-09-19 21:33:51.174 performance profile engine operation=script_find avg_ms=0.000000 max_call_ms=0.000000 calls_per_frame=0.00 window_ms=1000 frames=70 nested=1
2026-09-19 21:33:51.174 performance profile engine operation=axis_lookup avg_ms=1.132493 max_call_ms=2.183700 calls_per_frame=34.83 window_ms=1000 frames=70 nested=1
2026-09-19 21:33:51.174 performance profile engine operation=pivot_query avg_ms=0.027067 max_call_ms=0.008700 calls_per_frame=89.00 window_ms=1000 frames=70 nested=1
2026-09-19 21:33:51.174 collision profile window_ms=1000 frames=70 avg_ms body_collection=0.000000 body_solve=0.000000 body_position=0.000000 body_refine=0.000000 body_velocity=0.000000 addon_prepare_query=0.000000 addon_coherent_solve=0.000000 addon_visible_solve=0.000000 room_sphere=0.000000 room_sweep=0.000000 room_single=0.000000
2026-09-19 21:33:51.174 collision profile window_ms=1000 frames=70 max_call_ms body_collection=0.000000 body_solve=0.000000 body_position=0.000000 body_refine=0.000000 body_velocity=0.000000 addon_prepare_query=0.000000 addon_coherent_solve=0.000000 addon_visible_solve=0.000000 room_sphere=0.000000 room_sweep=0.000000 room_single=0.000000
2026-09-19 21:33:51.174 collision profile window_ms=1000 frames=70 calls body_collection=0 body_solve=0 body_position=0 body_refine=0 body_velocity=0 addon_prepare_query=0 addon_coherent_solve=0 addon_visible_solve=0 room_sphere=0 room_sweep=0 room_single=0
2026-09-19 21:33:51.175 collision profile window_ms=1000 frames=70 counts body_contacts=0 body_passes=0 body_jacobians=0 body_predictions=0 addon_contacts=0 addon_passes=0 addon_gradients=0 room_nodes=0 room_triangles=0
2026-09-19 21:33:52.177 performance profile window_ms=1000 frames=71 avg_ms total=2.283 housekeeping=0.033 bindings=0.387 diagnostics=0.003 colliders=0.181 axes=0.055 penis=0.253 penis_ownership=0.000 penis_gravity=0.000 penis_collision=0.000 penis_setup=0.000 penis_orientation=0.000 penis_translation=0.000 penis_solver=0.000 testicles=0.249 testicle_active=0.248 breasts=0.349 breasts_active=0.344 butt=0.333 butt_active=0.333 addons=0.427 addon_activation=0.121 addon_drive=0.102 addon_guard=0.001 addon_parent_pivot=0.000 addon_parent_translation=0.002 addon_parent_rotation=0.002 addon_gravity=0.001 addon_rotation_binding=0.000 addon_validation=0.094 addon_solver=0.201 addon_output=0.199 addon_cache=0.012 late=0.029 late_testicles=0.001 late_breasts=0.026 late_butt=0.002 traverse=0.000 addon_collision_body=0.000 addon_collision_self=0.000 addon_collision_addons=0.000 max_ms total=22.889 colliders=0.406 addons=2.321 calls late=71 traverse=0 body_collision=0 self_collision=0 addons_collision=0
2026-09-19 21:33:52.178 performance profile engine operation=symbols avg_ms=0.000000 max_call_ms=0.000000 calls_per_frame=0.00 window_ms=1000 frames=71 nested=1
2026-09-19 21:33:52.178 performance profile engine operation=find_object avg_ms=0.876437 max_call_ms=0.038400 calls_per_frame=3767.52 window_ms=1000 frames=71 nested=1
2026-09-19 21:33:52.178 performance profile engine operation=script_find avg_ms=0.000000 max_call_ms=0.000000 calls_per_frame=0.00 window_ms=1000 frames=71 nested=1
2026-09-19 21:33:52.178 performance profile engine operation=axis_lookup avg_ms=1.106552 max_call_ms=2.041100 calls_per_frame=34.70 window_ms=1000 frames=71 nested=1
2026-09-19 21:33:52.178 performance profile engine operation=pivot_query avg_ms=0.025965 max_call_ms=0.004200 calls_per_frame=89.00 window_ms=1000 frames=71 nested=1
2026-09-19 21:33:52.178 collision profile window_ms=1000 frames=71 avg_ms body_collection=0.000000 body_solve=0.000000 body_position=0.000000 body_refine=0.000000 body_velocity=0.000000 addon_prepare_query=0.000000 addon_coherent_solve=0.000000 addon_visible_solve=0.000000 room_sphere=0.000000 room_sweep=0.000000 room_single=0.000000
2026-09-19 21:33:52.179 collision profile window_ms=1000 frames=71 max_call_ms body_collection=0.000000 body_solve=0.000000 body_position=0.000000 body_refine=0.000000 body_velocity=0.000000 addon_prepare_query=0.000000 addon_coherent_solve=0.000000 addon_visible_solve=0.000000 room_sphere=0.000000 room_sweep=0.000000 room_single=0.000000
2026-09-19 21:33:52.179 collision profile window_ms=1000 frames=71 calls body_collection=0 body_solve=0 body_position=0 body_refine=0 body_velocity=0 addon_prepare_query=0 addon_coherent_solve=0 addon_visible_solve=0 room_sphere=0 room_sweep=0 room_single=0
2026-09-19 21:33:52.179 collision profile window_ms=1000 frames=71 counts body_contacts=0 body_passes=0 body_jacobians=0 body_predictions=0 addon_contacts=0 addon_passes=0 addon_gradients=0 room_nodes=0 room_triangles=0
2026-09-19 21:33:53.171 performance profile window_ms=1000 frames=71 avg_ms total=2.271 housekeeping=0.033 bindings=0.386 diagnostics=0.003 colliders=0.176 axes=0.055 penis=0.252 penis_ownership=0.000 penis_gravity=0.000 penis_collision=0.000 penis_setup=0.000 penis_orientation=0.000 penis_translation=0.000 penis_solver=0.000 testicles=0.249 testicle_active=0.248 breasts=0.346 breasts_active=0.341 butt=0.327 butt_active=0.326 addons=0.432 addon_activation=0.126 addon_drive=0.097 addon_guard=0.001 addon_parent_pivot=0.000 addon_parent_translation=0.002 addon_parent_rotation=0.002 addon_gravity=0.001 addon_rotation_binding=0.000 addon_validation=0.090 addon_solver=0.206 addon_output=0.204 addon_cache=0.010 late=0.031 late_testicles=0.001 late_breasts=0.028 late_butt=0.003 traverse=0.000 addon_collision_body=0.000 addon_collision_self=0.000 addon_collision_addons=0.000 max_ms total=23.202 colliders=0.381 addons=2.226 calls late=71 traverse=0 body_collision=0 self_collision=0 addons_collision=0
2026-09-19 21:33:53.171 performance profile engine operation=symbols avg_ms=0.000000 max_call_ms=0.000000 calls_per_frame=0.00 window_ms=1000 frames=71 nested=1
2026-09-19 21:33:53.172 performance profile engine operation=find_object avg_ms=0.870317 max_call_ms=0.038400 calls_per_frame=3767.66 window_ms=1000 frames=71 nested=1
2026-09-19 21:33:53.172 performance profile engine operation=script_find avg_ms=0.000000 max_call_ms=0.000000 calls_per_frame=0.00 window_ms=1000 frames=71 nested=1
2026-09-19 21:33:53.172 performance profile engine operation=axis_lookup avg_ms=1.101735 max_call_ms=2.119500 calls_per_frame=34.85 window_ms=1000 frames=71 nested=1
2026-09-19 21:33:53.172 performance profile engine operation=pivot_query avg_ms=0.025376 max_call_ms=0.010300 calls_per_frame=89.00 window_ms=1000 frames=71 nested=1
2026-09-19 21:33:53.173 collision profile window_ms=1000 frames=71 avg_ms body_collection=0.000000 body_solve=0.000000 body_position=0.000000 body_refine=0.000000 body_velocity=0.000000 addon_prepare_query=0.000000 addon_coherent_solve=0.000000 addon_visible_solve=0.000000 room_sphere=0.000000 room_sweep=0.000000 room_single=0.000000
2026-09-19 21:33:53.173 collision profile window_ms=1000 frames=71 max_call_ms body_collection=0.000000 body_solve=0.000000 body_position=0.000000 body_refine=0.000000 body_velocity=0.000000 addon_prepare_query=0.000000 addon_coherent_solve=0.000000 addon_visible_solve=0.000000 room_sphere=0.000000 room_sweep=0.000000 room_single=0.000000
2026-09-19 21:33:53.173 collision profile window_ms=1000 frames=71 calls body_collection=0 body_solve=0 body_position=0 body_refine=0 body_velocity=0 addon_prepare_query=0 addon_coherent_solve=0 addon_visible_solve=0 room_sphere=0 room_sweep=0 room_single=0
2026-09-19 21:33:53.173 collision profile window_ms=1000 frames=71 counts body_contacts=0 body_passes=0 body_jacobians=0 body_predictions=0 addon_contacts=0 addon_passes=0 addon_gradients=0 room_nodes=0 room_triangles=0
2026-09-19 21:33:54.177 performance profile window_ms=1000 frames=70 avg_ms total=2.326 housekeeping=0.033 bindings=0.396 diagnostics=0.004 colliders=0.182 axes=0.055 penis=0.262 penis_ownership=0.000 penis_gravity=0.000 penis_collision=0.000 penis_setup=0.000 penis_orientation=0.000 penis_translation=0.000 penis_solver=0.000 testicles=0.254 testicle_active=0.253 breasts=0.357 breasts_active=0.352 butt=0.336 butt_active=0.335 addons=0.436 addon_activation=0.129 addon_drive=0.096 addon_guard=0.001 addon_parent_pivot=0.000 addon_parent_translation=0.002 addon_parent_rotation=0.002 addon_gravity=0.001 addon_rotation_binding=0.000 addon_validation=0.088 addon_solver=0.208 addon_output=0.206 addon_cache=0.010 late=0.031 late_testicles=0.001 late_breasts=0.028 late_butt=0.003 traverse=0.000 addon_collision_body=0.000 addon_collision_self=0.000 addon_collision_addons=0.000 max_ms total=23.282 colliders=0.369 addons=2.267 calls late=70 traverse=0 body_collision=0 self_collision=0 addons_collision=0
2026-09-19 21:33:54.177 performance profile engine operation=symbols avg_ms=0.000000 max_call_ms=0.000000 calls_per_frame=0.00 window_ms=1000 frames=70 nested=1
2026-09-19 21:33:54.178 performance profile engine operation=find_object avg_ms=0.891373 max_call_ms=0.040700 calls_per_frame=3820.84 window_ms=1000 frames=70 nested=1
2026-09-19 21:33:54.178 performance profile engine operation=script_find avg_ms=0.000000 max_call_ms=0.000000 calls_per_frame=0.00 window_ms=1000 frames=70 nested=1
2026-09-19 21:33:54.178 performance profile engine operation=axis_lookup avg_ms=1.129613 max_call_ms=2.085500 calls_per_frame=34.80 window_ms=1000 frames=70 nested=1
2026-09-19 21:33:54.178 performance profile engine operation=pivot_query avg_ms=0.026723 max_call_ms=0.006100 calls_per_frame=89.00 window_ms=1000 frames=70 nested=1
2026-09-19 21:33:54.178 collision profile window_ms=1000 frames=70 avg_ms body_collection=0.000000 body_solve=0.000000 body_position=0.000000 body_refine=0.000000 body_velocity=0.000000 addon_prepare_query=0.000000 addon_coherent_solve=0.000000 addon_visible_solve=0.000000 room_sphere=0.000000 room_sweep=0.000000 room_single=0.000000
2026-09-19 21:33:54.178 collision profile window_ms=1000 frames=70 max_call_ms body_collection=0.000000 body_solve=0.000000 body_position=0.000000 body_refine=0.000000 body_velocity=0.000000 addon_prepare_query=0.000000 addon_coherent_solve=0.000000 addon_visible_solve=0.000000 room_sphere=0.000000 room_sweep=0.000000 room_single=0.000000
2026-09-19 21:33:54.179 collision profile window_ms=1000 frames=70 calls body_collection=0 body_solve=0 body_position=0 body_refine=0 body_velocity=0 addon_prepare_query=0 addon_coherent_solve=0 addon_visible_solve=0 room_sphere=0 room_sweep=0 room_single=0
2026-09-19 21:33:54.179 collision profile window_ms=1000 frames=70 counts body_contacts=0 body_passes=0 body_jacobians=0 body_predictions=0 addon_contacts=0 addon_passes=0 addon_gradients=0 room_nodes=0 room_triangles=0
2026-09-19 21:33:55.182 performance profile window_ms=1000 frames=71 avg_ms total=2.315 housekeeping=0.036 bindings=0.392 diagnostics=0.004 colliders=0.189 axes=0.054 penis=0.259 penis_ownership=0.000 penis_gravity=0.000 penis_collision=0.000 penis_setup=0.000 penis_orientation=0.000 penis_translation=0.000 penis_solver=0.000 testicles=0.249 testicle_active=0.247 breasts=0.348 breasts_active=0.343 butt=0.332 butt_active=0.331 addons=0.441 addon_activation=0.129 addon_drive=0.093 addon_guard=0.001 addon_parent_pivot=0.000 addon_parent_translation=0.003 addon_parent_rotation=0.002 addon_gravity=0.001 addon_rotation_binding=0.000 addon_validation=0.084 addon_solver=0.217 addon_output=0.215 addon_cache=0.010 late=0.031 late_testicles=0.001 late_breasts=0.027 late_butt=0.004 traverse=0.000 addon_collision_body=0.000 addon_collision_self=0.000 addon_collision_addons=0.000 max_ms total=23.269 colliders=0.335 addons=2.249 calls late=71 traverse=0 body_collision=0 self_collision=0 addons_collision=0
2026-09-19 21:33:55.182 performance profile engine operation=symbols avg_ms=0.000000 max_call_ms=0.000000 calls_per_frame=0.00 window_ms=1000 frames=71 nested=1
2026-09-19 21:33:55.182 performance profile engine operation=find_object avg_ms=0.878903 max_call_ms=0.041800 calls_per_frame=3767.63 window_ms=1000 frames=71 nested=1
2026-09-19 21:33:55.183 performance profile engine operation=script_find avg_ms=0.000000 max_call_ms=0.000000 calls_per_frame=0.00 window_ms=1000 frames=71 nested=1
2026-09-19 21:33:55.183 performance profile engine operation=axis_lookup avg_ms=1.110066 max_call_ms=2.095000 calls_per_frame=34.82 window_ms=1000 frames=71 nested=1
2026-09-19 21:33:55.183 performance profile engine operation=pivot_query avg_ms=0.028287 max_call_ms=0.016400 calls_per_frame=89.00 window_ms=1000 frames=71 nested=1
2026-09-19 21:33:55.183 collision profile window_ms=1000 frames=71 avg_ms body_collection=0.000000 body_solve=0.000000 body_position=0.000000 body_refine=0.000000 body_velocity=0.000000 addon_prepare_query=0.000000 addon_coherent_solve=0.000000 addon_visible_solve=0.000000 room_sphere=0.000000 room_sweep=0.000000 room_single=0.000000
2026-09-19 21:33:55.184 collision profile window_ms=1000 frames=71 max_call_ms body_collection=0.000000 body_solve=0.000000 body_position=0.000000 body_refine=0.000000 body_velocity=0.000000 addon_prepare_query=0.000000 addon_coherent_solve=0.000000 addon_visible_solve=0.000000 room_sphere=0.000000 room_sweep=0.000000 room_single=0.000000
2026-09-19 21:33:55.184 collision profile window_ms=1000 frames=71 calls body_collection=0 body_solve=0 body_position=0 body_refine=0 body_velocity=0 addon_prepare_query=0 addon_coherent_solve=0 addon_visible_solve=0 room_sphere=0 room_sweep=0 room_single=0
2026-09-19 21:33:55.184 collision profile window_ms=1000 frames=71 counts body_contacts=0 body_passes=0 body_jacobians=0 body_predictions=0 addon_contacts=0 addon_passes=0 addon_gradients=0 room_nodes=0 room_triangles=0
2026-09-19 21:33:55.315 performance profile body-update person=Person02 system=breasts update_rate_hz=-1 published_hz=70.6 sample_ms=5000
2026-09-19 21:33:55.317 performance profile body-update person=Person02 system=butt update_rate_hz=-1 published_hz=70.6 sample_ms=5000
2026-09-19 21:33:56.175 performance profile window_ms=1000 frames=68 avg_ms total=2.473 housekeeping=0.037 bindings=0.412 diagnostics=0.005 colliders=0.200 axes=0.114 penis=0.276 penis_ownership=0.000 penis_gravity=0.000 penis_collision=0.000 penis_setup=0.000 penis_orientation=0.000 penis_translation=0.000 penis_solver=0.000 testicles=0.262 testicle_active=0.261 breasts=0.367 breasts_active=0.361 butt=0.348 butt_active=0.348 addons=0.440 addon_activation=0.129 addon_drive=0.100 addon_guard=0.001 addon_parent_pivot=0.000 addon_parent_translation=0.002 addon_parent_rotation=0.002 addon_gravity=0.001 addon_rotation_binding=0.000 addon_validation=0.093 addon_solver=0.207 addon_output=0.205 addon_cache=0.011 late=0.031 late_testicles=0.001 late_breasts=0.027 late_butt=0.003 traverse=0.000 addon_collision_body=0.000 addon_collision_self=0.000 addon_collision_addons=0.000 max_ms total=23.438 colliders=0.510 addons=2.333 calls late=68 traverse=0 body_collision=0 self_collision=0 addons_collision=0
2026-09-19 21:33:56.177 performance profile engine operation=symbols avg_ms=0.000000 max_call_ms=0.000000 calls_per_frame=0.00 window_ms=1000 frames=68 nested=1
2026-09-19 21:33:56.177 performance profile engine operation=find_object avg_ms=0.969044 max_call_ms=0.109800 calls_per_frame=4131.54 window_ms=1000 frames=68 nested=1
2026-09-19 21:33:56.177 performance profile engine operation=script_find avg_ms=0.000000 max_call_ms=0.000000 calls_per_frame=0.00 window_ms=1000 frames=68 nested=1
2026-09-19 21:33:56.177 performance profile engine operation=axis_lookup avg_ms=1.225168 max_call_ms=2.160600 calls_per_frame=34.88 window_ms=1000 frames=68 nested=1
2026-09-19 21:33:56.177 performance profile engine operation=pivot_query avg_ms=0.032856 max_call_ms=0.258200 calls_per_frame=89.00 window_ms=1000 frames=68 nested=1
2026-09-19 21:33:56.177 collision profile window_ms=1000 frames=68 avg_ms body_collection=0.000000 body_solve=0.000000 body_position=0.000000 body_refine=0.000000 body_velocity=0.000000 addon_prepare_query=0.000000 addon_coherent_solve=0.000000 addon_visible_solve=0.000000 room_sphere=0.000000 room_sweep=0.000000 room_single=0.000000
2026-09-19 21:33:56.178 collision profile window_ms=1000 frames=68 max_call_ms body_collection=0.000000 body_solve=0.000000 body_position=0.000000 body_refine=0.000000 body_velocity=0.000000 addon_prepare_query=0.000000 addon_coherent_solve=0.000000 addon_visible_solve=0.000000 room_sphere=0.000000 room_sweep=0.000000 room_single=0.000000
2026-09-19 21:33:56.178 collision profile window_ms=1000 frames=68 calls body_collection=0 body_solve=0 body_position=0 body_refine=0 body_velocity=0 addon_prepare_query=0 addon_coherent_solve=0 addon_visible_solve=0 room_sphere=0 room_sweep=0 room_single=0
2026-09-19 21:33:56.178 collision profile window_ms=1000 frames=68 counts body_contacts=0 body_passes=0 body_jacobians=0 body_predictions=0 addon_contacts=0 addon_passes=0 addon_gradients=0 room_nodes=0 room_triangles=0
2026-09-19 21:33:57.172 performance profile window_ms=1000 frames=69 avg_ms total=2.390 housekeeping=0.035 bindings=0.406 diagnostics=0.004 colliders=0.187 axes=0.058 penis=0.263 penis_ownership=0.000 penis_gravity=0.000 penis_collision=0.000 penis_setup=0.000 penis_orientation=0.000 penis_translation=0.000 penis_solver=0.000 testicles=0.258 testicle_active=0.257 breasts=0.364 breasts_active=0.358 butt=0.343 butt_active=0.342 addons=0.462 addon_activation=0.132 addon_drive=0.107 addon_guard=0.001 addon_parent_pivot=0.000 addon_parent_translation=0.002 addon_parent_rotation=0.002 addon_gravity=0.001 addon_rotation_binding=0.000 addon_validation=0.099 addon_solver=0.220 addon_output=0.218 addon_cache=0.010 late=0.033 late_testicles=0.001 late_breasts=0.030 late_butt=0.003 traverse=0.000 addon_collision_body=0.000 addon_collision_self=0.000 addon_collision_addons=0.000 max_ms total=23.707 colliders=0.376 addons=2.313 calls late=69 traverse=0 body_collision=0 self_collision=0 addons_collision=0
2026-09-19 21:33:57.172 performance profile engine operation=symbols avg_ms=0.000000 max_call_ms=0.000000 calls_per_frame=0.00 window_ms=1000 frames=69 nested=1
2026-09-19 21:33:57.172 performance profile engine operation=find_object avg_ms=0.907178 max_call_ms=0.063200 calls_per_frame=3875.65 window_ms=1000 frames=69 nested=1
2026-09-19 21:33:57.172 performance profile engine operation=script_find avg_ms=0.000000 max_call_ms=0.000000 calls_per_frame=0.00 window_ms=1000 frames=69 nested=1
2026-09-19 21:33:57.172 performance profile engine operation=axis_lookup avg_ms=1.149342 max_call_ms=2.093200 calls_per_frame=34.84 window_ms=1000 frames=69 nested=1
2026-09-19 21:33:57.173 performance profile engine operation=pivot_query avg_ms=0.027923 max_call_ms=0.016500 calls_per_frame=89.00 window_ms=1000 frames=69 nested=1
2026-09-19 21:33:57.173 collision profile window_ms=1000 frames=69 avg_ms body_collection=0.000000 body_solve=0.000000 body_position=0.000000 body_refine=0.000000 body_velocity=0.000000 addon_prepare_query=0.000000 addon_coherent_solve=0.000000 addon_visible_solve=0.000000 room_sphere=0.000000 room_sweep=0.000000 room_single=0.000000
2026-09-19 21:33:57.173 collision profile window_ms=1000 frames=69 max_call_ms body_collection=0.000000 body_solve=0.000000 body_position=0.000000 body_refine=0.000000 body_velocity=0.000000 addon_prepare_query=0.000000 addon_coherent_solve=0.000000 addon_visible_solve=0.000000 room_sphere=0.000000 room_sweep=0.000000 room_single=0.000000
2026-09-19 21:33:57.173 collision profile window_ms=1000 frames=69 calls body_collection=0 body_solve=0 body_position=0 body_refine=0 body_velocity=0 addon_prepare_query=0 addon_coherent_solve=0 addon_visible_solve=0 room_sphere=0 room_sweep=0 room_single=0
2026-09-19 21:33:57.173 collision profile window_ms=1000 frames=69 counts body_contacts=0 body_passes=0 body_jacobians=0 body_predictions=0 addon_contacts=0 addon_passes=0 addon_gradients=0 room_nodes=0 room_triangles=0
2026-09-19 21:33:58.177 performance profile window_ms=1000 frames=68 avg_ms total=2.399 housekeeping=0.035 bindings=0.403 diagnostics=0.004 colliders=0.187 axes=0.059 penis=0.271 penis_ownership=0.000 penis_gravity=0.000 penis_collision=0.000 penis_setup=0.000 penis_orientation=0.000 penis_translation=0.000 penis_solver=0.000 testicles=0.259 testicle_active=0.258 breasts=0.358 breasts_active=0.353 butt=0.341 butt_active=0.340 addons=0.472 addon_activation=0.157 addon_drive=0.105 addon_guard=0.001 addon_parent_pivot=0.000 addon_parent_translation=0.002 addon_parent_rotation=0.002 addon_gravity=0.001 addon_rotation_binding=0.000 addon_validation=0.098 addon_solver=0.207 addon_output=0.204 addon_cache=0.010 late=0.032 late_testicles=0.001 late_breasts=0.028 late_butt=0.003 traverse=0.000 addon_collision_body=0.000 addon_collision_self=0.000 addon_collision_addons=0.000 max_ms total=22.986 colliders=0.371 addons=4.127 calls late=68 traverse=0 body_collision=0 self_collision=0 addons_collision=0
2026-09-19 21:33:58.177 performance profile engine operation=symbols avg_ms=0.000000 max_call_ms=0.000000 calls_per_frame=0.00 window_ms=1000 frames=68 nested=1
2026-09-19 21:33:58.179 performance profile engine operation=find_object avg_ms=0.934490 max_call_ms=0.038500 calls_per_frame=4031.84 window_ms=1000 frames=68 nested=1
2026-09-19 21:33:58.179 performance profile engine operation=script_find avg_ms=0.000000 max_call_ms=0.000000 calls_per_frame=0.00 window_ms=1000 frames=68 nested=1
2026-09-19 21:33:58.179 performance profile engine operation=axis_lookup avg_ms=1.186049 max_call_ms=2.092600 calls_per_frame=34.91 window_ms=1000 frames=68 nested=1
2026-09-19 21:33:58.179 performance profile engine operation=pivot_query avg_ms=0.027678 max_call_ms=0.010000 calls_per_frame=89.00 window_ms=1000 frames=68 nested=1
2026-09-19 21:33:58.179 collision profile window_ms=1000 frames=68 avg_ms body_collection=0.000000 body_solve=0.000000 body_position=0.000000 body_refine=0.000000 body_velocity=0.000000 addon_prepare_query=0.000000 addon_coherent_solve=0.000000 addon_visible_solve=0.000000 room_sphere=0.000000 room_sweep=0.000000 room_single=0.000000
2026-09-19 21:33:58.180 collision profile window_ms=1000 frames=68 max_call_ms body_collection=0.000000 body_solve=0.000000 body_position=0.000000 body_refine=0.000000 body_velocity=0.000000 addon_prepare_query=0.000000 addon_coherent_solve=0.000000 addon_visible_solve=0.000000 room_sphere=0.000000 room_sweep=0.000000 room_single=0.000000
2026-09-19 21:33:58.180 collision profile window_ms=1000 frames=68 calls body_collection=0 body_solve=0 body_position=0 body_refine=0 body_velocity=0 addon_prepare_query=0 addon_coherent_solve=0 addon_visible_solve=0 room_sphere=0 room_sweep=0 room_single=0
2026-09-19 21:33:58.180 collision profile window_ms=1000 frames=68 counts body_contacts=0 body_passes=0 body_jacobians=0 body_predictions=0 addon_contacts=0 addon_passes=0 addon_gradients=0 room_nodes=0 room_triangles=0
2026-09-19 21:33:59.178 performance profile window_ms=1000 frames=71 avg_ms total=2.323 housekeeping=0.034 bindings=0.398 diagnostics=0.003 colliders=0.178 axes=0.054 penis=0.259 penis_ownership=0.000 penis_gravity=0.000 penis_collision=0.000 penis_setup=0.000 penis_orientation=0.000 penis_translation=0.000 penis_solver=0.000 testicles=0.248 testicle_active=0.247 breasts=0.343 breasts_active=0.338 butt=0.334 butt_active=0.334 addons=0.461 addon_activation=0.155 addon_drive=0.101 addon_guard=0.001 addon_parent_pivot=0.000 addon_parent_translation=0.002 addon_parent_rotation=0.002 addon_gravity=0.001 addon_rotation_binding=0.000 addon_validation=0.093 addon_solver=0.201 addon_output=0.199 addon_cache=0.010 late=0.031 late_testicles=0.001 late_breasts=0.027 late_butt=0.003 traverse=0.000 addon_collision_body=0.000 addon_collision_self=0.000 addon_collision_addons=0.000 max_ms total=23.797 colliders=0.340 addons=2.214 calls late=71 traverse=0 body_collision=0 self_collision=0 addons_collision=0
2026-09-19 21:33:59.179 performance profile engine operation=symbols avg_ms=0.000000 max_call_ms=0.000000 calls_per_frame=0.00 window_ms=1000 frames=71 nested=1
2026-09-19 21:33:59.179 performance profile engine operation=find_object avg_ms=0.898059 max_call_ms=0.075600 calls_per_frame=3863.21 window_ms=1000 frames=71 nested=1
2026-09-19 21:33:59.179 performance profile engine operation=script_find avg_ms=0.000000 max_call_ms=0.000000 calls_per_frame=0.00 window_ms=1000 frames=71 nested=1
2026-09-19 21:33:59.179 performance profile engine operation=axis_lookup avg_ms=1.135654 max_call_ms=2.252900 calls_per_frame=34.87 window_ms=1000 frames=71 nested=1
2026-09-19 21:33:59.179 performance profile engine operation=pivot_query avg_ms=0.025813 max_call_ms=0.022000 calls_per_frame=89.00 window_ms=1000 frames=71 nested=1
2026-09-19 21:33:59.179 collision profile window_ms=1000 frames=71 avg_ms body_collection=0.000000 body_solve=0.000000 body_position=0.000000 body_refine=0.000000 body_velocity=0.000000 addon_prepare_query=0.000000 addon_coherent_solve=0.000000 addon_visible_solve=0.000000 room_sphere=0.000000 room_sweep=0.000000 room_single=0.000000
2026-09-19 21:33:59.179 collision profile window_ms=1000 frames=71 max_call_ms body_collection=0.000000 body_solve=0.000000 body_position=0.000000 body_refine=0.000000 body_velocity=0.000000 addon_prepare_query=0.000000 addon_coherent_solve=0.000000 addon_visible_solve=0.000000 room_sphere=0.000000 room_sweep=0.000000 room_single=0.000000
2026-09-19 21:33:59.181 collision profile window_ms=1000 frames=71 calls body_collection=0 body_solve=0 body_position=0 body_refine=0 body_velocity=0 addon_prepare_query=0 addon_coherent_solve=0 addon_visible_solve=0 room_sphere=0 room_sweep=0 room_single=0
2026-09-19 21:33:59.181 collision profile window_ms=1000 frames=71 counts body_contacts=0 body_passes=0 body_jacobians=0 body_predictions=0 addon_contacts=0 addon_passes=0 addon_gradients=0 room_nodes=0 room_triangles=0
2026-09-19 21:34:00.176 performance profile window_ms=1000 frames=70 avg_ms total=2.343 housekeeping=0.035 bindings=0.395 diagnostics=0.004 colliders=0.183 axes=0.056 penis=0.258 penis_ownership=0.000 penis_gravity=0.000 penis_collision=0.000 penis_setup=0.000 penis_orientation=0.000 penis_translation=0.000 penis_solver=0.000 testicles=0.261 testicle_active=0.260 breasts=0.350 breasts_active=0.344 butt=0.339 butt_active=0.339 addons=0.453 addon_activation=0.155 addon_drive=0.103 addon_guard=0.001 addon_parent_pivot=0.000 addon_parent_translation=0.002 addon_parent_rotation=0.002 addon_gravity=0.001 addon_rotation_binding=0.000 addon_validation=0.096 addon_solver=0.192 addon_output=0.190 addon_cache=0.010 late=0.030 late_testicles=0.001 late_breasts=0.027 late_butt=0.003 traverse=0.000 addon_collision_body=0.000 addon_collision_self=0.000 addon_collision_addons=0.000 max_ms total=23.220 colliders=0.362 addons=2.557 calls late=70 traverse=0 body_collision=0 self_collision=0 addons_collision=0
2026-09-19 21:34:00.176 performance profile engine operation=symbols avg_ms=0.000000 max_call_ms=0.000000 calls_per_frame=0.00 window_ms=1000 frames=70 nested=1
2026-09-19 21:34:00.176 performance profile engine operation=find_object avg_ms=0.916443 max_call_ms=0.097200 calls_per_frame=3917.79 window_ms=1000 frames=70 nested=1
2026-09-19 21:34:00.176 performance profile engine operation=script_find avg_ms=0.000000 max_call_ms=0.000000 calls_per_frame=0.00 window_ms=1000 frames=70 nested=1
2026-09-19 21:34:00.177 performance profile engine operation=axis_lookup avg_ms=1.159597 max_call_ms=2.285300 calls_per_frame=34.86 window_ms=1000 frames=70 nested=1
2026-09-19 21:34:00.177 performance profile engine operation=pivot_query avg_ms=0.026424 max_call_ms=0.003600 calls_per_frame=89.00 window_ms=1000 frames=70 nested=1
2026-09-19 21:34:00.177 collision profile window_ms=1000 frames=70 avg_ms body_collection=0.000000 body_solve=0.000000 body_position=0.000000 body_refine=0.000000 body_velocity=0.000000 addon_prepare_query=0.000000 addon_coherent_solve=0.000000 addon_visible_solve=0.000000 room_sphere=0.000000 room_sweep=0.000000 room_single=0.000000
2026-09-19 21:34:00.177 collision profile window_ms=1000 frames=70 max_call_ms body_collection=0.000000 body_solve=0.000000 body_position=0.000000 body_refine=0.000000 body_velocity=0.000000 addon_prepare_query=0.000000 addon_coherent_solve=0.000000 addon_visible_solve=0.000000 room_sphere=0.000000 room_sweep=0.000000 room_single=0.000000
2026-09-19 21:34:00.177 collision profile window_ms=1000 frames=70 calls body_collection=0 body_solve=0 body_position=0 body_refine=0 body_velocity=0 addon_prepare_query=0 addon_coherent_solve=0 addon_visible_solve=0 room_sphere=0 room_sweep=0 room_single=0
2026-09-19 21:34:00.178 collision profile window_ms=1000 frames=70 counts body_contacts=0 body_passes=0 body_jacobians=0 body_predictions=0 addon_contacts=0 addon_passes=0 addon_gradients=0 room_nodes=0 room_triangles=0
2026-09-19 21:34:00.319 performance profile body-update person=Person02 system=breasts update_rate_hz=-1 published_hz=69.0 sample_ms=5016
2026-09-19 21:34:00.320 performance profile body-update person=Person02 system=butt update_rate_hz=-1 published_hz=69.0 sample_ms=5016
2026-09-19 21:34:01.179 performance profile window_ms=1000 frames=72 avg_ms total=2.300 housekeeping=0.035 bindings=0.394 diagnostics=0.004 colliders=0.189 axes=0.055 penis=0.250 penis_ownership=0.000 penis_gravity=0.000 penis_collision=0.000 penis_setup=0.000 penis_orientation=0.000 penis_translation=0.000 penis_solver=0.000 testicles=0.245 testicle_active=0.244 breasts=0.349 breasts_active=0.344 butt=0.331 butt_active=0.331 addons=0.437 addon_activation=0.151 addon_drive=0.093 addon_guard=0.001 addon_parent_pivot=0.000 addon_parent_translation=0.002 addon_parent_rotation=0.002 addon_gravity=0.001 addon_rotation_binding=0.000 addon_validation=0.086 addon_solver=0.190 addon_output=0.188 addon_cache=0.010 late=0.029 late_testicles=0.001 late_breasts=0.026 late_butt=0.002 traverse=0.000 addon_collision_body=0.000 addon_collision_self=0.000 addon_collision_addons=0.000 max_ms total=23.630 colliders=0.391 addons=2.394 calls late=72 traverse=0 body_collision=0 self_collision=0 addons_collision=0
2026-09-19 21:34:01.179 performance profile engine operation=symbols avg_ms=0.000000 max_call_ms=0.000000 calls_per_frame=0.00 window_ms=1000 frames=72 nested=1
2026-09-19 21:34:01.180 performance profile engine operation=find_object avg_ms=0.886007 max_call_ms=0.042000 calls_per_frame=3810.04 window_ms=1000 frames=72 nested=1
2026-09-19 21:34:01.180 performance profile engine operation=script_find avg_ms=0.000000 max_call_ms=0.000000 calls_per_frame=0.00 window_ms=1000 frames=72 nested=1
2026-09-19 21:34:01.180 performance profile engine operation=axis_lookup avg_ms=1.118117 max_call_ms=1.982300 calls_per_frame=34.78 window_ms=1000 frames=72 nested=1
2026-09-19 21:34:01.180 performance profile engine operation=pivot_query avg_ms=0.027354 max_call_ms=0.021700 calls_per_frame=89.00 window_ms=1000 frames=72 nested=1
2026-09-19 21:34:01.180 collision profile window_ms=1000 frames=72 avg_ms body_collection=0.000000 body_solve=0.000000 body_position=0.000000 body_refine=0.000000 body_velocity=0.000000 addon_prepare_query=0.000000 addon_coherent_solve=0.000000 addon_visible_solve=0.000000 room_sphere=0.000000 room_sweep=0.000000 room_single=0.000000
2026-09-19 21:34:01.181 collision profile window_ms=1000 frames=72 max_call_ms body_collection=0.000000 body_solve=0.000000 body_position=0.000000 body_refine=0.000000 body_velocity=0.000000 addon_prepare_query=0.000000 addon_coherent_solve=0.000000 addon_visible_solve=0.000000 room_sphere=0.000000 room_sweep=0.000000 room_single=0.000000
2026-09-19 21:34:01.181 collision profile window_ms=1000 frames=72 calls body_collection=0 body_solve=0 body_position=0 body_refine=0 body_velocity=0 addon_prepare_query=0 addon_coherent_solve=0 addon_visible_solve=0 room_sphere=0 room_sweep=0 room_single=0
2026-09-19 21:34:01.181 collision profile window_ms=1000 frames=72 counts body_contacts=0 body_passes=0 body_jacobians=0 body_predictions=0 addon_contacts=0 addon_passes=0 addon_gradients=0 room_nodes=0 room_triangles=0
2026-09-19 21:34:02.178 performance profile window_ms=1000 frames=71 avg_ms total=2.329 housekeeping=0.035 bindings=0.393 diagnostics=0.004 colliders=0.182 axes=0.056 penis=0.264 penis_ownership=0.000 penis_gravity=0.000 penis_collision=0.000 penis_setup=0.000 penis_orientation=0.000 penis_translation=0.000 penis_solver=0.000 testicles=0.250 testicle_active=0.249 breasts=0.349 breasts_active=0.343 butt=0.333 butt_active=0.332 addons=0.454 addon_activation=0.152 addon_drive=0.095 addon_guard=0.001 addon_parent_pivot=0.000 addon_parent_translation=0.002 addon_parent_rotation=0.002 addon_gravity=0.001 addon_rotation_binding=0.000 addon_validation=0.087 addon_solver=0.204 addon_output=0.201 addon_cache=0.010 late=0.031 late_testicles=0.001 late_breasts=0.027 late_butt=0.003 traverse=0.000 addon_collision_body=0.000 addon_collision_self=0.000 addon_collision_addons=0.000 max_ms total=23.233 colliders=0.329 addons=2.373 calls late=71 traverse=0 body_collision=0 self_collision=0 addons_collision=0
2026-09-19 21:34:02.178 performance profile engine operation=symbols avg_ms=0.000000 max_call_ms=0.000000 calls_per_frame=0.00 window_ms=1000 frames=71 nested=1
2026-09-19 21:34:02.179 performance profile engine operation=find_object avg_ms=0.903507 max_call_ms=0.036400 calls_per_frame=3863.13 window_ms=1000 frames=71 nested=1
2026-09-19 21:34:02.179 performance profile engine operation=script_find avg_ms=0.000000 max_call_ms=0.000000 calls_per_frame=0.00 window_ms=1000 frames=71 nested=1
2026-09-19 21:34:02.179 performance profile engine operation=axis_lookup avg_ms=1.148096 max_call_ms=2.140400 calls_per_frame=34.79 window_ms=1000 frames=71 nested=1
2026-09-19 21:34:02.179 performance profile engine operation=pivot_query avg_ms=0.025493 max_call_ms=0.005000 calls_per_frame=89.00 window_ms=1000 frames=71 nested=1
2026-09-19 21:34:02.179 collision profile window_ms=1000 frames=71 avg_ms body_collection=0.000000 body_solve=0.000000 body_position=0.000000 body_refine=0.000000 body_velocity=0.000000 addon_prepare_query=0.000000 addon_coherent_solve=0.000000 addon_visible_solve=0.000000 room_sphere=0.000000 room_sweep=0.000000 room_single=0.000000
2026-09-19 21:34:02.179 collision profile window_ms=1000 frames=71 max_call_ms body_collection=0.000000 body_solve=0.000000 body_position=0.000000 body_refine=0.000000 body_velocity=0.000000 addon_prepare_query=0.000000 addon_coherent_solve=0.000000 addon_visible_solve=0.000000 room_sphere=0.000000 room_sweep=0.000000 room_single=0.000000
2026-09-19 21:34:02.179 collision profile window_ms=1000 frames=71 calls body_collection=0 body_solve=0 body_position=0 body_refine=0 body_velocity=0 addon_prepare_query=0 addon_coherent_solve=0 addon_visible_solve=0 room_sphere=0 room_sweep=0 room_single=0
2026-09-19 21:34:02.179 collision profile window_ms=1000 frames=71 counts body_contacts=0 body_passes=0 body_jacobians=0 body_predictions=0 addon_contacts=0 addon_passes=0 addon_gradients=0 room_nodes=0 room_triangles=0
2026-09-19 21:34:03.180 performance profile window_ms=1000 frames=71 avg_ms total=2.300 housekeeping=0.033 bindings=0.389 diagnostics=0.004 colliders=0.178 axes=0.055 penis=0.255 penis_ownership=0.000 penis_gravity=0.000 penis_collision=0.000 penis_setup=0.000 penis_orientation=0.000 penis_translation=0.000 penis_solver=0.000 testicles=0.246 testicle_active=0.245 breasts=0.341 breasts_active=0.336 butt=0.331 butt_active=0.330 addons=0.457 addon_activation=0.155 addon_drive=0.100 addon_guard=0.001 addon_parent_pivot=0.000 addon_parent_translation=0.002 addon_parent_rotation=0.002 addon_gravity=0.001 addon_rotation_binding=0.000 addon_validation=0.092 addon_solver=0.199 addon_output=0.197 addon_cache=0.010 late=0.033 late_testicles=0.001 late_breasts=0.028 late_butt=0.003 traverse=0.000 addon_collision_body=0.000 addon_collision_self=0.000 addon_collision_addons=0.000 max_ms total=23.194 colliders=0.399 addons=2.412 calls late=71 traverse=0 body_collision=0 self_collision=0 addons_collision=0
2026-09-19 21:34:03.180 performance profile engine operation=symbols avg_ms=0.000000 max_call_ms=0.000000 calls_per_frame=0.00 window_ms=1000 frames=71 nested=1
2026-09-19 21:34:03.180 performance profile engine operation=find_object avg_ms=0.894386 max_call_ms=0.036000 calls_per_frame=3863.24 window_ms=1000 frames=71 nested=1
2026-09-19 21:34:03.180 performance profile engine operation=script_find avg_ms=0.000000 max_call_ms=0.000000 calls_per_frame=0.00 window_ms=1000 frames=71 nested=1
2026-09-19 21:34:03.180 performance profile engine operation=axis_lookup avg_ms=1.129404 max_call_ms=2.017400 calls_per_frame=34.90 window_ms=1000 frames=71 nested=1
2026-09-19 21:34:03.181 performance profile engine operation=pivot_query avg_ms=0.025142 max_call_ms=0.005800 calls_per_frame=89.00 window_ms=1000 frames=71 nested=1
2026-09-19 21:34:03.181 collision profile window_ms=1000 frames=71 avg_ms body_collection=0.000000 body_solve=0.000000 body_position=0.000000 body_refine=0.000000 body_velocity=0.000000 addon_prepare_query=0.000000 addon_coherent_solve=0.000000 addon_visible_solve=0.000000 room_sphere=0.000000 room_sweep=0.000000 room_single=0.000000
2026-09-19 21:34:03.182 collision profile window_ms=1000 frames=71 max_call_ms body_collection=0.000000 body_solve=0.000000 body_position=0.000000 body_refine=0.000000 body_velocity=0.000000 addon_prepare_query=0.000000 addon_coherent_solve=0.000000 addon_visible_solve=0.000000 room_sphere=0.000000 room_sweep=0.000000 room_single=0.000000
2026-09-19 21:34:03.182 collision profile window_ms=1000 frames=71 calls body_collection=0 body_solve=0 body_position=0 body_refine=0 body_velocity=0 addon_prepare_query=0 addon_coherent_solve=0 addon_visible_solve=0 room_sphere=0 room_sweep=0 room_single=0
2026-09-19 21:34:03.182 collision profile window_ms=1000 frames=71 counts body_contacts=0 body_passes=0 body_jacobians=0 body_predictions=0 addon_contacts=0 addon_passes=0 addon_gradients=0 room_nodes=0 room_triangles=0
2026-09-19 21:34:04.172 performance profile window_ms=1000 frames=68 avg_ms total=2.446 housekeeping=0.035 bindings=0.408 diagnostics=0.004 colliders=0.181 axes=0.113 penis=0.268 penis_ownership=0.000 penis_gravity=0.000 penis_collision=0.000 penis_setup=0.000 penis_orientation=0.000 penis_translation=0.000 penis_solver=0.000 testicles=0.263 testicle_active=0.262 breasts=0.354 breasts_active=0.349 butt=0.342 butt_active=0.341 addons=0.468 addon_activation=0.159 addon_drive=0.099 addon_guard=0.001 addon_parent_pivot=0.000 addon_parent_translation=0.002 addon_parent_rotation=0.002 addon_gravity=0.001 addon_rotation_binding=0.000 addon_validation=0.091 addon_solver=0.206 addon_output=0.204 addon_cache=0.011 late=0.030 late_testicles=0.001 late_breasts=0.026 late_butt=0.003 traverse=0.000 addon_collision_body=0.000 addon_collision_self=0.000 addon_collision_addons=0.000 max_ms total=23.253 colliders=0.382 addons=2.298 calls late=68 traverse=0 body_collision=0 self_collision=0 addons_collision=0
2026-09-19 21:34:04.172 performance profile engine operation=symbols avg_ms=0.000000 max_call_ms=0.000000 calls_per_frame=0.00 window_ms=1000 frames=68 nested=1
2026-09-19 21:34:04.172 performance profile engine operation=find_object avg_ms=0.975296 max_call_ms=0.027200 calls_per_frame=4231.34 window_ms=1000 frames=68 nested=1
2026-09-19 21:34:04.172 performance profile engine operation=script_find avg_ms=0.000000 max_call_ms=0.000000 calls_per_frame=0.00 window_ms=1000 frames=68 nested=1
2026-09-19 21:34:04.172 performance profile engine operation=axis_lookup avg_ms=1.237687 max_call_ms=2.050800 calls_per_frame=34.94 window_ms=1000 frames=68 nested=1
2026-09-19 21:34:04.173 performance profile engine operation=pivot_query avg_ms=0.026106 max_call_ms=0.006000 calls_per_frame=89.00 window_ms=1000 frames=68 nested=1
2026-09-19 21:34:04.173 collision profile window_ms=1000 frames=68 avg_ms body_collection=0.000000 body_solve=0.000000 body_position=0.000000 body_refine=0.000000 body_velocity=0.000000 addon_prepare_query=0.000000 addon_coherent_solve=0.000000 addon_visible_solve=0.000000 room_sphere=0.000000 room_sweep=0.000000 room_single=0.000000
2026-09-19 21:34:04.173 collision profile window_ms=1000 frames=68 max_call_ms body_collection=0.000000 body_solve=0.000000 body_position=0.000000 body_refine=0.000000 body_velocity=0.000000 addon_prepare_query=0.000000 addon_coherent_solve=0.000000 addon_visible_solve=0.000000 room_sphere=0.000000 room_sweep=0.000000 room_single=0.000000
2026-09-19 21:34:04.173 collision profile window_ms=1000 frames=68 calls body_collection=0 body_solve=0 body_position=0 body_refine=0 body_velocity=0 addon_prepare_query=0 addon_coherent_solve=0 addon_visible_solve=0 room_sphere=0 room_sweep=0 room_single=0
2026-09-19 21:34:04.173 collision profile window_ms=1000 frames=68 counts body_contacts=0 body_passes=0 body_jacobians=0 body_predictions=0 addon_contacts=0 addon_passes=0 addon_gradients=0 room_nodes=0 room_triangles=0
2026-09-19 21:34:05.179 performance profile window_ms=1000 frames=68 avg_ms total=2.473 housekeeping=0.038 bindings=0.409 diagnostics=0.004 colliders=0.205 axes=0.002 penis=0.289 penis_ownership=0.000 penis_gravity=0.000 penis_collision=0.000 penis_setup=0.000 penis_orientation=0.000 penis_translation=0.000 penis_solver=0.000 testicles=0.273 testicle_active=0.272 breasts=0.384 breasts_active=0.378 butt=0.357 butt_active=0.357 addons=0.498 addon_activation=0.162 addon_drive=0.108 addon_guard=0.001 addon_parent_pivot=0.000 addon_parent_translation=0.002 addon_parent_rotation=0.002 addon_gravity=0.001 addon_rotation_binding=0.000 addon_validation=0.100 addon_solver=0.226 addon_output=0.223 addon_cache=0.011 late=0.032 late_testicles=0.001 late_breasts=0.027 late_butt=0.003 traverse=0.000 addon_collision_body=0.000 addon_collision_self=0.000 addon_collision_addons=0.000 max_ms total=23.240 colliders=0.504 addons=2.474 calls late=68 traverse=0 body_collision=0 self_collision=0 addons_collision=0
2026-09-19 21:34:05.179 performance profile engine operation=symbols avg_ms=0.000000 max_call_ms=0.000000 calls_per_frame=0.00 window_ms=1000 frames=68 nested=1
2026-09-19 21:34:05.179 performance profile engine operation=find_object avg_ms=0.938724 max_call_ms=0.032500 calls_per_frame=3832.34 window_ms=1000 frames=68 nested=1
2026-09-19 21:34:05.179 performance profile engine operation=script_find avg_ms=0.000000 max_call_ms=0.000000 calls_per_frame=0.00 window_ms=1000 frames=68 nested=1
2026-09-19 21:34:05.179 performance profile engine operation=axis_lookup avg_ms=1.194107 max_call_ms=3.133400 calls_per_frame=34.88 window_ms=1000 frames=68 nested=1
2026-09-19 21:34:05.179 performance profile engine operation=pivot_query avg_ms=0.031984 max_call_ms=0.008600 calls_per_frame=89.00 window_ms=1000 frames=68 nested=1
2026-09-19 21:34:05.181 collision profile window_ms=1000 frames=68 avg_ms body_collection=0.000000 body_solve=0.000000 body_position=0.000000 body_refine=0.000000 body_velocity=0.000000 addon_prepare_query=0.000000 addon_coherent_solve=0.000000 addon_visible_solve=0.000000 room_sphere=0.000000 room_sweep=0.000000 room_single=0.000000
2026-09-19 21:34:05.181 collision profile window_ms=1000 frames=68 max_call_ms body_collection=0.000000 body_solve=0.000000 body_position=0.000000 body_refine=0.000000 body_velocity=0.000000 addon_prepare_query=0.000000 addon_coherent_solve=0.000000 addon_visible_solve=0.000000 room_sphere=0.000000 room_sweep=0.000000 room_single=0.000000
2026-09-19 21:34:05.181 collision profile window_ms=1000 frames=68 calls body_collection=0 body_solve=0 body_position=0 body_refine=0 body_velocity=0 addon_prepare_query=0 addon_coherent_solve=0 addon_visible_solve=0 room_sphere=0 room_sweep=0 room_single=0
2026-09-19 21:34:05.181 collision profile window_ms=1000 frames=68 counts body_contacts=0 body_passes=0 body_jacobians=0 body_predictions=0 addon_contacts=0 addon_passes=0 addon_gradients=0 room_nodes=0 room_triangles=0
2026-09-19 21:34:05.335 performance profile body-update person=Person02 system=breasts update_rate_hz=-1 published_hz=70.0 sample_ms=5015
2026-09-19 21:34:05.335 performance profile body-update person=Person02 system=butt update_rate_hz=-1 published_hz=70.0 sample_ms=5015
2026-09-19 21:34:06.170 performance profile window_ms=1000 frames=68 avg_ms total=2.474 housekeeping=0.037 bindings=0.406 diagnostics=0.004 colliders=0.189 axes=0.115 penis=0.266 penis_ownership=0.000 penis_gravity=0.000 penis_collision=0.000 penis_setup=0.000 penis_orientation=0.000 penis_translation=0.000 penis_solver=0.000 testicles=0.260 testicle_active=0.259 breasts=0.362 breasts_active=0.356 butt=0.345 butt_active=0.345 addons=0.477 addon_activation=0.159 addon_drive=0.108 addon_guard=0.001 addon_parent_pivot=0.000 addon_parent_translation=0.002 addon_parent_rotation=0.002 addon_gravity=0.001 addon_rotation_binding=0.000 addon_validation=0.100 addon_solver=0.207 addon_output=0.205 addon_cache=0.011 late=0.032 late_testicles=0.001 late_breasts=0.028 late_butt=0.003 traverse=0.000 addon_collision_body=0.000 addon_collision_self=0.000 addon_collision_addons=0.000 max_ms total=23.493 colliders=0.411 addons=2.572 calls late=68 traverse=0 body_collision=0 self_collision=0 addons_collision=0
2026-09-19 21:34:06.171 performance profile engine operation=symbols avg_ms=0.000000 max_call_ms=0.000000 calls_per_frame=0.00 window_ms=1000 frames=68 nested=1
2026-09-19 21:34:06.171 performance profile engine operation=find_object avg_ms=0.978712 max_call_ms=0.092600 calls_per_frame=4231.34 window_ms=1000 frames=68 nested=1
2026-09-19 21:34:06.171 performance profile engine operation=script_find avg_ms=0.000000 max_call_ms=0.000000 calls_per_frame=0.00 window_ms=1000 frames=68 nested=1
2026-09-19 21:34:06.171 performance profile engine operation=axis_lookup avg_ms=1.238949 max_call_ms=2.051200 calls_per_frame=34.94 window_ms=1000 frames=68 nested=1
2026-09-19 21:34:06.171 performance profile engine operation=pivot_query avg_ms=0.027179 max_call_ms=0.023600 calls_per_frame=89.00 window_ms=1000 frames=68 nested=1
2026-09-19 21:34:06.171 collision profile window_ms=1000 frames=68 avg_ms body_collection=0.000000 body_solve=0.000000 body_position=0.000000 body_refine=0.000000 body_velocity=0.000000 addon_prepare_query=0.000000 addon_coherent_solve=0.000000 addon_visible_solve=0.000000 room_sphere=0.000000 room_sweep=0.000000 room_single=0.000000
2026-09-19 21:34:06.172 collision profile window_ms=1000 frames=68 max_call_ms body_collection=0.000000 body_solve=0.000000 body_position=0.000000 body_refine=0.000000 body_velocity=0.000000 addon_prepare_query=0.000000 addon_coherent_solve=0.000000 addon_visible_solve=0.000000 room_sphere=0.000000 room_sweep=0.000000 room_single=0.000000
2026-09-19 21:34:06.172 collision profile window_ms=1000 frames=68 calls body_collection=0 body_solve=0 body_position=0 body_refine=0 body_velocity=0 addon_prepare_query=0 addon_coherent_solve=0 addon_visible_solve=0 room_sphere=0 room_sweep=0 room_single=0
2026-09-19 21:34:06.172 collision profile window_ms=1000 frames=68 counts body_contacts=0 body_passes=0 body_jacobians=0 body_predictions=0 addon_contacts=0 addon_passes=0 addon_gradients=0 room_nodes=0 room_triangles=0
2026-09-19 21:34:07.169 performance profile window_ms=1000 frames=70 avg_ms total=2.301 housekeeping=0.034 bindings=0.392 diagnostics=0.004 colliders=0.181 axes=0.001 penis=0.266 penis_ownership=0.000 penis_gravity=0.000 penis_collision=0.000 penis_setup=0.000 penis_orientation=0.000 penis_translation=0.000 penis_solver=0.000 testicles=0.254 testicle_active=0.253 breasts=0.347 breasts_active=0.342 butt=0.338 butt_active=0.338 addons=0.475 addon_activation=0.159 addon_drive=0.101 addon_guard=0.001 addon_parent_pivot=0.000 addon_parent_translation=0.002 addon_parent_rotation=0.002 addon_gravity=0.001 addon_rotation_binding=0.000 addon_validation=0.093 addon_solver=0.211 addon_output=0.208 addon_cache=0.010 late=0.030 late_testicles=0.001 late_breasts=0.027 late_butt=0.003 traverse=0.000 addon_collision_body=0.000 addon_collision_self=0.000 addon_collision_addons=0.000 max_ms total=23.348 colliders=0.335 addons=2.417 calls late=70 traverse=0 body_collision=0 self_collision=0 addons_collision=0
2026-09-19 21:34:07.169 performance profile engine operation=symbols avg_ms=0.000000 max_call_ms=0.000000 calls_per_frame=0.00 window_ms=1000 frames=70 nested=1
2026-09-19 21:34:07.171 performance profile engine operation=find_object avg_ms=0.875557 max_call_ms=0.081700 calls_per_frame=3723.96 window_ms=1000 frames=70 nested=1
2026-09-19 21:34:07.171 performance profile engine operation=script_find avg_ms=0.000000 max_call_ms=0.000000 calls_per_frame=0.00 window_ms=1000 frames=70 nested=1
2026-09-19 21:34:07.171 performance profile engine operation=axis_lookup avg_ms=1.105583 max_call_ms=2.079300 calls_per_frame=34.80 window_ms=1000 frames=70 nested=1
2026-09-19 21:34:07.171 performance profile engine operation=pivot_query avg_ms=0.026729 max_call_ms=0.014100 calls_per_frame=89.00 window_ms=1000 frames=70 nested=1
2026-09-19 21:34:07.172 collision profile window_ms=1000 frames=70 avg_ms body_collection=0.000000 body_solve=0.000000 body_position=0.000000 body_refine=0.000000 body_velocity=0.000000 addon_prepare_query=0.000000 addon_coherent_solve=0.000000 addon_visible_solve=0.000000 room_sphere=0.000000 room_sweep=0.000000 room_single=0.000000
2026-09-19 21:34:07.172 collision profile window_ms=1000 frames=70 max_call_ms body_collection=0.000000 body_solve=0.000000 body_position=0.000000 body_refine=0.000000 body_velocity=0.000000 addon_prepare_query=0.000000 addon_coherent_solve=0.000000 addon_visible_solve=0.000000 room_sphere=0.000000 room_sweep=0.000000 room_single=0.000000
2026-09-19 21:34:07.172 collision profile window_ms=1000 frames=70 calls body_collection=0 body_solve=0 body_position=0 body_refine=0 body_velocity=0 addon_prepare_query=0 addon_coherent_solve=0 addon_visible_solve=0 room_sphere=0 room_sweep=0 room_single=0
2026-09-19 21:34:07.172 collision profile window_ms=1000 frames=70 counts body_contacts=0 body_passes=0 body_jacobians=0 body_predictions=0 addon_contacts=0 addon_passes=0 addon_gradients=0 room_nodes=0 room_triangles=0
2026-09-19 21:34:08.171 performance profile window_ms=1000 frames=68 avg_ms total=2.483 housekeeping=0.036 bindings=0.413 diagnostics=0.004 colliders=0.193 axes=0.115 penis=0.276 penis_ownership=0.000 penis_gravity=0.000 penis_collision=0.000 penis_setup=0.000 penis_orientation=0.000 penis_translation=0.000 penis_solver=0.000 testicles=0.261 testicle_active=0.260 breasts=0.356 breasts_active=0.350 butt=0.343 butt_active=0.343 addons=0.474 addon_activation=0.160 addon_drive=0.097 addon_guard=0.001 addon_parent_pivot=0.000 addon_parent_translation=0.002 addon_parent_rotation=0.002 addon_gravity=0.001 addon_rotation_binding=0.000 addon_validation=0.089 addon_solver=0.214 addon_output=0.212 addon_cache=0.011 late=0.032 late_testicles=0.001 late_breasts=0.028 late_butt=0.003 traverse=0.000 addon_collision_body=0.000 addon_collision_self=0.000 addon_collision_addons=0.000 max_ms total=23.886 colliders=0.479 addons=2.496 calls late=68 traverse=0 body_collision=0 self_collision=0 addons_collision=0
2026-09-19 21:34:08.171 performance profile engine operation=symbols avg_ms=0.000000 max_call_ms=0.000000 calls_per_frame=0.00 window_ms=1000 frames=68 nested=1
2026-09-19 21:34:08.172 performance profile engine operation=find_object avg_ms=0.994037 max_call_ms=0.289100 calls_per_frame=4231.37 window_ms=1000 frames=68 nested=1
2026-09-19 21:34:08.172 performance profile engine operation=script_find avg_ms=0.000000 max_call_ms=0.000000 calls_per_frame=0.00 window_ms=1000 frames=68 nested=1
2026-09-19 21:34:08.172 performance profile engine operation=axis_lookup avg_ms=1.255287 max_call_ms=2.363400 calls_per_frame=34.97 window_ms=1000 frames=68 nested=1
2026-09-19 21:34:08.172 performance profile engine operation=pivot_query avg_ms=0.026869 max_call_ms=0.006500 calls_per_frame=89.00 window_ms=1000 frames=68 nested=1
2026-09-19 21:34:08.172 collision profile window_ms=1000 frames=68 avg_ms body_collection=0.000000 body_solve=0.000000 body_position=0.000000 body_refine=0.000000 body_velocity=0.000000 addon_prepare_query=0.000000 addon_coherent_solve=0.000000 addon_visible_solve=0.000000 room_sphere=0.000000 room_sweep=0.000000 room_single=0.000000
2026-09-19 21:34:08.172 collision profile window_ms=1000 frames=68 max_call_ms body_collection=0.000000 body_solve=0.000000 body_position=0.000000 body_refine=0.000000 body_velocity=0.000000 addon_prepare_query=0.000000 addon_coherent_solve=0.000000 addon_visible_solve=0.000000 room_sphere=0.000000 room_sweep=0.000000 room_single=0.000000
2026-09-19 21:34:08.172 collision profile window_ms=1000 frames=68 calls body_collection=0 body_solve=0 body_position=0 body_refine=0 body_velocity=0 addon_prepare_query=0 addon_coherent_solve=0 addon_visible_solve=0 room_sphere=0 room_sweep=0 room_single=0
2026-09-19 21:34:08.173 collision profile window_ms=1000 frames=68 counts body_contacts=0 body_passes=0 body_jacobians=0 body_predictions=0 addon_contacts=0 addon_passes=0 addon_gradients=0 room_nodes=0 room_triangles=0
2026-09-19 21:34:09.174 performance profile window_ms=1000 frames=70 avg_ms total=2.304 housekeeping=0.036 bindings=0.405 diagnostics=0.004 colliders=0.177 axes=0.001 penis=0.268 penis_ownership=0.000 penis_gravity=0.000 penis_collision=0.000 penis_setup=0.000 penis_orientation=0.000 penis_translation=0.000 penis_solver=0.000 testicles=0.259 testicle_active=0.258 breasts=0.351 breasts_active=0.345 butt=0.335 butt_active=0.335 addons=0.458 addon_activation=0.158 addon_drive=0.093 addon_guard=0.001 addon_parent_pivot=0.000 addon_parent_translation=0.002 addon_parent_rotation=0.002 addon_gravity=0.001 addon_rotation_binding=0.000 addon_validation=0.086 addon_solver=0.204 addon_output=0.202 addon_cache=0.010 late=0.031 late_testicles=0.001 late_breasts=0.027 late_butt=0.003 traverse=0.000 addon_collision_body=0.000 addon_collision_self=0.000 addon_collision_addons=0.000 max_ms total=23.677 colliders=0.313 addons=2.664 calls late=70 traverse=0 body_collision=0 self_collision=0 addons_collision=0
2026-09-19 21:34:09.174 performance profile engine operation=symbols avg_ms=0.000000 max_call_ms=0.000000 calls_per_frame=0.00 window_ms=1000 frames=70 nested=1
2026-09-19 21:34:09.174 performance profile engine operation=find_object avg_ms=0.884269 max_call_ms=0.255800 calls_per_frame=3723.96 window_ms=1000 frames=70 nested=1
2026-09-19 21:34:09.174 performance profile engine operation=script_find avg_ms=0.000000 max_call_ms=0.000000 calls_per_frame=0.00 window_ms=1000 frames=70 nested=1
2026-09-19 21:34:09.175 performance profile engine operation=axis_lookup avg_ms=1.117410 max_call_ms=2.255200 calls_per_frame=34.80 window_ms=1000 frames=70 nested=1
2026-09-19 21:34:09.175 performance profile engine operation=pivot_query avg_ms=0.024813 max_call_ms=0.005900 calls_per_frame=89.00 window_ms=1000 frames=70 nested=1
2026-09-19 21:34:09.175 collision profile window_ms=1000 frames=70 avg_ms body_collection=0.000000 body_solve=0.000000 body_position=0.000000 body_refine=0.000000 body_velocity=0.000000 addon_prepare_query=0.000000 addon_coherent_solve=0.000000 addon_visible_solve=0.000000 room_sphere=0.000000 room_sweep=0.000000 room_single=0.000000
2026-09-19 21:34:09.175 collision profile window_ms=1000 frames=70 max_call_ms body_collection=0.000000 body_solve=0.000000 body_position=0.000000 body_refine=0.000000 body_velocity=0.000000 addon_prepare_query=0.000000 addon_coherent_solve=0.000000 addon_visible_solve=0.000000 room_sphere=0.000000 room_sweep=0.000000 room_single=0.000000
2026-09-19 21:34:09.175 collision profile window_ms=1000 frames=70 calls body_collection=0 body_solve=0 body_position=0 body_refine=0 body_velocity=0 addon_prepare_query=0 addon_coherent_solve=0 addon_visible_solve=0 room_sphere=0 room_sweep=0 room_single=0
2026-09-19 21:34:09.175 collision profile window_ms=1000 frames=70 counts body_contacts=0 body_passes=0 body_jacobians=0 body_predictions=0 addon_contacts=0 addon_passes=0 addon_gradients=0 room_nodes=0 room_triangles=0
2026-09-19 21:34:10.175 performance profile window_ms=1000 frames=64 avg_ms total=2.606 housekeeping=0.039 bindings=0.434 diagnostics=0.003 colliders=0.185 axes=0.121 penis=0.287 penis_ownership=0.000 penis_gravity=0.000 penis_collision=0.000 penis_setup=0.000 penis_orientation=0.000 penis_translation=0.000 penis_solver=0.000 testicles=0.274 testicle_active=0.273 breasts=0.379 breasts_active=0.373 butt=0.358 butt_active=0.358 addons=0.515 addon_activation=0.169 addon_drive=0.104 addon_guard=0.001 addon_parent_pivot=0.000 addon_parent_translation=0.002 addon_parent_rotation=0.002 addon_gravity=0.001 addon_rotation_binding=0.000 addon_validation=0.096 addon_solver=0.239 addon_output=0.236 addon_cache=0.010 late=0.031 late_testicles=0.001 late_breasts=0.026 late_butt=0.004 traverse=0.000 addon_collision_body=0.000 addon_collision_self=0.000 addon_collision_addons=0.000 max_ms total=23.547 colliders=0.349 addons=2.348 calls late=64 traverse=0 body_collision=0 self_collision=0 addons_collision=0
2026-09-19 21:34:10.175 performance profile engine operation=symbols avg_ms=0.000000 max_call_ms=0.000000 calls_per_frame=0.00 window_ms=1000 frames=64 nested=1
2026-09-19 21:34:10.176 performance profile engine operation=find_object avg_ms=1.036061 max_call_ms=0.041000 calls_per_frame=4493.39 window_ms=1000 frames=64 nested=1
2026-09-19 21:34:10.176 performance profile engine operation=script_find avg_ms=0.000000 max_call_ms=0.000000 calls_per_frame=0.00 window_ms=1000 frames=64 nested=1
2026-09-19 21:34:10.176 performance profile engine operation=axis_lookup avg_ms=1.317484 max_call_ms=2.189800 calls_per_frame=35.16 window_ms=1000 frames=64 nested=1
2026-09-19 21:34:10.176 performance profile engine operation=pivot_query avg_ms=0.026744 max_call_ms=0.011600 calls_per_frame=89.00 window_ms=1000 frames=64 nested=1
2026-09-19 21:34:10.176 collision profile window_ms=1000 frames=64 avg_ms body_collection=0.000000 body_solve=0.000000 body_position=0.000000 body_refine=0.000000 body_velocity=0.000000 addon_prepare_query=0.000000 addon_coherent_solve=0.000000 addon_visible_solve=0.000000 room_sphere=0.000000 room_sweep=0.000000 room_single=0.000000
2026-09-19 21:34:10.176 collision profile window_ms=1000 frames=64 max_call_ms body_collection=0.000000 body_solve=0.000000 body_position=0.000000 body_refine=0.000000 body_velocity=0.000000 addon_prepare_query=0.000000 addon_coherent_solve=0.000000 addon_visible_solve=0.000000 room_sphere=0.000000 room_sweep=0.000000 room_single=0.000000
2026-09-19 21:34:10.177 collision profile window_ms=1000 frames=64 calls body_collection=0 body_solve=0 body_position=0 body_refine=0 body_velocity=0 addon_prepare_query=0 addon_coherent_solve=0 addon_visible_solve=0 room_sphere=0 room_sweep=0 room_single=0
2026-09-19 21:34:10.177 collision profile window_ms=1000 frames=64 counts body_contacts=0 body_passes=0 body_jacobians=0 body_predictions=0 addon_contacts=0 addon_passes=0 addon_gradients=0 room_nodes=0 room_triangles=0
2026-09-19 21:34:10.339 performance profile body-update person=Person02 system=breasts update_rate_hz=-1 published_hz=68.2 sample_ms=5000
2026-09-19 21:34:10.339 performance profile body-update person=Person02 system=butt update_rate_hz=-1 published_hz=68.2 sample_ms=5000
2026-09-19 21:34:11.174 performance profile window_ms=1000 frames=58 avg_ms total=2.901 housekeeping=0.144 bindings=0.473 diagnostics=0.004 colliders=0.192 axes=0.133 penis=0.315 penis_ownership=0.000 penis_gravity=0.000 penis_collision=0.000 penis_setup=0.000 penis_orientation=0.000 penis_translation=0.000 penis_solver=0.000 testicles=0.304 testicle_active=0.303 breasts=0.410 breasts_active=0.405 butt=0.395 butt_active=0.395 addons=0.522 addon_activation=0.177 addon_drive=0.124 addon_guard=0.001 addon_parent_pivot=0.000 addon_parent_translation=0.002 addon_parent_rotation=0.002 addon_gravity=0.001 addon_rotation_binding=0.000 addon_validation=0.116 addon_solver=0.218 addon_output=0.216 addon_cache=0.009 late=0.033 late_testicles=0.001 late_breasts=0.029 late_butt=0.004 traverse=0.000 addon_collision_body=0.000 addon_collision_self=0.000 addon_collision_addons=0.000 max_ms total=23.602 colliders=0.367 addons=2.529 calls late=58 traverse=0 body_collision=0 self_collision=0 addons_collision=0
2026-09-19 21:34:11.175 performance profile engine operation=symbols avg_ms=0.000000 max_call_ms=0.000000 calls_per_frame=0.00 window_ms=1000 frames=58 nested=1
2026-09-19 21:34:11.175 performance profile engine operation=find_object avg_ms=1.137833 max_call_ms=0.026400 calls_per_frame=4953.93 window_ms=1000 frames=58 nested=1
2026-09-19 21:34:11.175 performance profile engine operation=script_find avg_ms=0.000000 max_call_ms=0.000000 calls_per_frame=0.00 window_ms=1000 frames=58 nested=1
2026-09-19 21:34:11.175 performance profile engine operation=axis_lookup avg_ms=1.451829 max_call_ms=2.156000 calls_per_frame=35.24 window_ms=1000 frames=58 nested=1
2026-09-19 21:34:11.176 performance profile engine operation=pivot_query avg_ms=0.029128 max_call_ms=0.014900 calls_per_frame=89.00 window_ms=1000 frames=58 nested=1
2026-09-19 21:34:11.176 collision profile window_ms=1000 frames=58 avg_ms body_collection=0.000000 body_solve=0.000000 body_position=0.000000 body_refine=0.000000 body_velocity=0.000000 addon_prepare_query=0.000000 addon_coherent_solve=0.000000 addon_visible_solve=0.000000 room_sphere=0.000000 room_sweep=0.000000 room_single=0.000000
2026-09-19 21:34:11.176 collision profile window_ms=1000 frames=58 max_call_ms body_collection=0.000000 body_solve=0.000000 body_position=0.000000 body_refine=0.000000 body_velocity=0.000000 addon_prepare_query=0.000000 addon_coherent_solve=0.000000 addon_visible_solve=0.000000 room_sphere=0.000000 room_sweep=0.000000 room_single=0.000000
2026-09-19 21:34:11.176 collision profile window_ms=1000 frames=58 calls body_collection=0 body_solve=0 body_position=0 body_refine=0 body_velocity=0 addon_prepare_query=0 addon_coherent_solve=0 addon_visible_solve=0 room_sphere=0 room_sweep=0 room_single=0
2026-09-19 21:34:11.176 collision profile window_ms=1000 frames=58 counts body_contacts=0 body_passes=0 body_jacobians=0 body_predictions=0 addon_contacts=0 addon_passes=0 addon_gradients=0 room_nodes=0 room_triangles=0
2026-09-19 21:34:12.175 performance profile window_ms=1000 frames=57 avg_ms total=2.738 housekeeping=0.172 bindings=0.467 diagnostics=0.004 colliders=0.188 axes=0.001 penis=0.317 penis_ownership=0.000 penis_gravity=0.000 penis_collision=0.000 penis_setup=0.000 penis_orientation=0.000 penis_translation=0.000 penis_solver=0.000 testicles=0.307 testicle_active=0.306 breasts=0.409 breasts_active=0.403 butt=0.386 butt_active=0.386 addons=0.476 addon_activation=0.138 addon_drive=0.119 addon_guard=0.001 addon_parent_pivot=0.000 addon_parent_translation=0.002 addon_parent_rotation=0.002 addon_gravity=0.001 addon_rotation_binding=0.000 addon_validation=0.111 addon_solver=0.216 addon_output=0.214 addon_cache=0.009 late=0.031 late_testicles=0.001 late_breasts=0.027 late_butt=0.003 traverse=0.000 addon_collision_body=0.000 addon_collision_self=0.000 addon_collision_addons=0.000 max_ms total=22.877 colliders=0.311 addons=3.007 calls late=57 traverse=0 body_collision=0 self_collision=0 addons_collision=0
2026-09-19 21:34:12.176 performance profile engine operation=symbols avg_ms=0.000000 max_call_ms=0.000000 calls_per_frame=0.00 window_ms=1000 frames=57 nested=1
2026-09-19 21:34:12.176 performance profile engine operation=find_object avg_ms=1.020863 max_call_ms=0.102200 calls_per_frame=4445.05 window_ms=1000 frames=57 nested=1
2026-09-19 21:34:12.176 performance profile engine operation=script_find avg_ms=0.000000 max_call_ms=0.000000 calls_per_frame=0.00 window_ms=1000 frames=57 nested=1
2026-09-19 21:34:12.177 performance profile engine operation=axis_lookup avg_ms=1.294779 max_call_ms=2.011100 calls_per_frame=35.09 window_ms=1000 frames=57 nested=1
2026-09-19 21:34:12.177 performance profile engine operation=pivot_query avg_ms=0.027193 max_call_ms=0.004300 calls_per_frame=89.00 window_ms=1000 frames=57 nested=1
2026-09-19 21:34:12.177 collision profile window_ms=1000 frames=57 avg_ms body_collection=0.000000 body_solve=0.000000 body_position=0.000000 body_refine=0.000000 body_velocity=0.000000 addon_prepare_query=0.000000 addon_coherent_solve=0.000000 addon_visible_solve=0.000000 room_sphere=0.000000 room_sweep=0.000000 room_single=0.000000
2026-09-19 21:34:12.177 collision profile window_ms=1000 frames=57 max_call_ms body_collection=0.000000 body_solve=0.000000 body_position=0.000000 body_refine=0.000000 body_velocity=0.000000 addon_prepare_query=0.000000 addon_coherent_solve=0.000000 addon_visible_solve=0.000000 room_sphere=0.000000 room_sweep=0.000000 room_single=0.000000
2026-09-19 21:34:12.177 collision profile window_ms=1000 frames=57 calls body_collection=0 body_solve=0 body_position=0 body_refine=0 body_velocity=0 addon_prepare_query=0 addon_coherent_solve=0 addon_visible_solve=0 room_sphere=0 room_sweep=0 room_single=0
2026-09-19 21:34:12.178 collision profile window_ms=1000 frames=57 counts body_contacts=0 body_passes=0 body_jacobians=0 body_predictions=0 addon_contacts=0 addon_passes=0 addon_gradients=0 room_nodes=0 room_triangles=0
2026-09-19 21:34:13.175 performance profile window_ms=1000 frames=48 avg_ms total=3.105 housekeeping=0.051 bindings=0.562 diagnostics=0.004 colliders=0.198 axes=0.193 penis=0.336 penis_ownership=0.000 penis_gravity=0.000 penis_collision=0.000 penis_setup=0.000 penis_orientation=0.000 penis_translation=0.000 penis_solver=0.000 testicles=0.324 testicle_active=0.323 breasts=0.433 breasts_active=0.428 butt=0.421 butt_active=0.421 addons=0.574 addon_activation=0.158 addon_drive=0.152 addon_guard=0.001 addon_parent_pivot=0.000 addon_parent_translation=0.003 addon_parent_rotation=0.002 addon_gravity=0.002 addon_rotation_binding=0.000 addon_validation=0.144 addon_solver=0.260 addon_output=0.258 addon_cache=0.009 late=0.033 late_testicles=0.001 late_breasts=0.029 late_butt=0.004 traverse=0.000 addon_collision_body=0.000 addon_collision_self=0.000 addon_collision_addons=0.000 max_ms total=23.745 colliders=0.336 addons=2.228 calls late=48 traverse=0 body_collision=0 self_collision=0 addons_collision=0
2026-09-19 21:34:13.175 performance profile engine operation=symbols avg_ms=0.000000 max_call_ms=0.000000 calls_per_frame=0.00 window_ms=1000 frames=48 nested=1
2026-09-19 21:34:13.176 performance profile engine operation=find_object avg_ms=1.234348 max_call_ms=0.082200 calls_per_frame=5271.04 window_ms=1000 frames=48 nested=1
2026-09-19 21:34:13.176 performance profile engine operation=script_find avg_ms=0.000000 max_call_ms=0.000000 calls_per_frame=0.00 window_ms=1000 frames=48 nested=1
2026-09-19 21:34:13.176 performance profile engine operation=axis_lookup avg_ms=1.572148 max_call_ms=2.729100 calls_per_frame=35.58 window_ms=1000 frames=48 nested=1
2026-09-19 21:34:13.176 performance profile engine operation=pivot_query avg_ms=0.029877 max_call_ms=0.017300 calls_per_frame=89.00 window_ms=1000 frames=48 nested=1
2026-09-19 21:34:13.176 collision profile window_ms=1000 frames=48 avg_ms body_collection=0.000000 body_solve=0.000000 body_position=0.000000 body_refine=0.000000 body_velocity=0.000000 addon_prepare_query=0.000000 addon_coherent_solve=0.000000 addon_visible_solve=0.000000 room_sphere=0.000000 room_sweep=0.000000 room_single=0.000000
2026-09-19 21:34:13.176 collision profile window_ms=1000 frames=48 max_call_ms body_collection=0.000000 body_solve=0.000000 body_position=0.000000 body_refine=0.000000 body_velocity=0.000000 addon_prepare_query=0.000000 addon_coherent_solve=0.000000 addon_visible_solve=0.000000 room_sphere=0.000000 room_sweep=0.000000 room_single=0.000000
2026-09-19 21:34:13.177 collision profile window_ms=1000 frames=48 calls body_collection=0 body_solve=0 body_position=0 body_refine=0 body_velocity=0 addon_prepare_query=0 addon_coherent_solve=0 addon_visible_solve=0 room_sphere=0 room_sweep=0 room_single=0
2026-09-19 21:34:13.177 collision profile window_ms=1000 frames=48 counts body_contacts=0 body_passes=0 body_jacobians=0 body_predictions=0 addon_contacts=0 addon_passes=0 addon_gradients=0 room_nodes=0 room_triangles=0
2026-09-19 21:34:14.179 performance profile window_ms=1000 frames=62 avg_ms total=2.515 housekeeping=0.045 bindings=0.447 diagnostics=0.004 colliders=0.196 axes=0.002 penis=0.295 penis_ownership=0.000 penis_gravity=0.000 penis_collision=0.000 penis_setup=0.000 penis_orientation=0.000 penis_translation=0.000 penis_solver=0.000 testicles=0.284 testicle_active=0.282 breasts=0.377 breasts_active=0.372 butt=0.366 butt_active=0.366 addons=0.490 addon_activation=0.146 addon_drive=0.119 addon_guard=0.001 addon_parent_pivot=0.000 addon_parent_translation=0.002 addon_parent_rotation=0.002 addon_gravity=0.001 addon_rotation_binding=0.000 addon_validation=0.111 addon_solver=0.222 addon_output=0.219 addon_cache=0.009 late=0.030 late_testicles=0.001 late_breasts=0.026 late_butt=0.003 traverse=0.000 addon_collision_body=0.000 addon_collision_self=0.000 addon_collision_addons=0.000 max_ms total=23.438 colliders=0.329 addons=2.693 calls late=62 traverse=0 body_collision=0 self_collision=0 addons_collision=0
2026-09-19 21:34:14.181 performance profile engine operation=symbols avg_ms=0.000000 max_call_ms=0.000000 calls_per_frame=0.00 window_ms=1000 frames=62 nested=1
2026-09-19 21:34:14.181 performance profile engine operation=find_object avg_ms=0.954702 max_call_ms=0.175400 calls_per_frame=4090.05 window_ms=1000 frames=62 nested=1
2026-09-19 21:34:14.181 performance profile engine operation=script_find avg_ms=0.000000 max_call_ms=0.000000 calls_per_frame=0.00 window_ms=1000 frames=62 nested=1
2026-09-19 21:34:14.181 performance profile engine operation=axis_lookup avg_ms=1.204452 max_call_ms=2.098000 calls_per_frame=35.16 window_ms=1000 frames=62 nested=1
2026-09-19 21:34:14.182 performance profile engine operation=pivot_query avg_ms=0.029913 max_call_ms=0.014800 calls_per_frame=89.00 window_ms=1000 frames=62 nested=1
2026-09-19 21:34:14.182 collision profile window_ms=1000 frames=62 avg_ms body_collection=0.000000 body_solve=0.000000 body_position=0.000000 body_refine=0.000000 body_velocity=0.000000 addon_prepare_query=0.000000 addon_coherent_solve=0.000000 addon_visible_solve=0.000000 room_sphere=0.000000 room_sweep=0.000000 room_single=0.000000
2026-09-19 21:34:14.182 collision profile window_ms=1000 frames=62 max_call_ms body_collection=0.000000 body_solve=0.000000 body_position=0.000000 body_refine=0.000000 body_velocity=0.000000 addon_prepare_query=0.000000 addon_coherent_solve=0.000000 addon_visible_solve=0.000000 room_sphere=0.000000 room_sweep=0.000000 room_single=0.000000
2026-09-19 21:34:14.182 collision profile window_ms=1000 frames=62 calls body_collection=0 body_solve=0 body_position=0 body_refine=0 body_velocity=0 addon_prepare_query=0 addon_coherent_solve=0 addon_visible_solve=0 room_sphere=0 room_sweep=0 room_single=0
2026-09-19 21:34:14.182 collision profile window_ms=1000 frames=62 counts body_contacts=0 body_passes=0 body_jacobians=0 body_predictions=0 addon_contacts=0 addon_passes=0 addon_gradients=0 room_nodes=0 room_triangles=0
2026-09-19 21:34:14.564 PoseEdit file handoff fade-wait exec="native-queue" note="retain outgoing physics until the native fade readiness gate"
2026-09-19 21:34:14.565 PoseEdit file handoff end exec="native-queue" result=0x00000000 editpose=1155ac80 pending_reset=1 note="physics waits for the native pending-reset flag to clear before binding the resulting pose"
2026-09-19 21:34:14.718 PoseEdit file handoff paired-output-restored system=breasts person=2 translation=(-0.073958,-0.000750,0.000000;0.073957,-0.000750,0.000000) note="removed simulation offsets before releasing the old pose"
2026-09-19 21:34:14.718 PoseEdit file handoff paired-output-restored system=butt person=2 translation=(-0.047842,-0.038221,0.077886;-0.047842,-0.038221,-0.078000) note="removed simulation offsets before releasing the old pose"
2026-09-19 21:34:14.718 PoseEdit file handoff begin exec="native-fade-ready" editpose=1155ac80 note="returned current tracks to TK17 before native pose replacement; discarded old snapshots"
2026-09-19 21:34:14.738 PoseEdit file handoff begin exec="native-reset" editpose=1155ac80 note="returned current tracks to TK17 before native pose replacement; discarded old snapshots"
2026-09-19 21:34:14.738 PoseEdit file handoff rotation-trace phase=native-reset-before person=1 joint=1 track=1155d9f4 target=34853d60 member=0x02fff04a keys=73254170 count=0 keys_read=0 first_frame=0 first=(0.000000,0.000000,0.000000) last_frame=0 last=(0.000000,0.000000,0.000000) output_raw=3daf6240 output_offset=0x6c output_read=1 output=(0.000000,0.000000,0.000000)
2026-09-19 21:34:14.739 PoseEdit file handoff rotation-trace phase=native-reset-before person=1 joint=2 track=1155e264 target=34862620 member=0x01fff04e keys=73254170 count=0 keys_read=0 first_frame=0 first=(0.000000,0.000000,0.000000) last_frame=0 last=(0.000000,0.000000,0.000000) output_raw=4092cfa0 output_offset=0x6c output_read=1 output=(0.000000,0.000000,0.000000)
2026-09-19 21:34:14.739 PoseEdit file handoff rotation-trace phase=native-reset-before person=1 joint=3 track=1155e2b4 target=34862580 member=0x01fff04e keys=73254170 count=0 keys_read=0 first_frame=0 first=(0.000000,0.000000,0.000000) last_frame=0 last=(0.000000,0.000000,0.000000) output_raw=4092e340 output_offset=0x6c output_read=1 output=(0.000000,0.000000,0.000000)
2026-09-19 21:34:14.739 PoseEdit file handoff rotation-trace phase=native-reset-before person=2 joint=1 track=1156f974 target=4ade8800 member=0x02fff04a keys=10fe0040 count=1 keys_read=1 first_frame=0 first=(0.000000,0.000000,-47.500000) last_frame=0 last=(0.000000,0.000000,-47.500000) output_raw=49debc40 output_offset=0x6c output_read=1 output=(0.000000,0.000000,-47.500000)
2026-09-19 21:34:14.739 PoseEdit file handoff rotation-trace phase=native-reset-before person=2 joint=2 track=115701e4 target=37697060 member=0x01fff04e keys=10fda580 count=1 keys_read=1 first_frame=0 first=(0.000000,0.000000,0.000000) last_frame=0 last=(0.000000,0.000000,0.000000) output_raw=49deb820 output_offset=0x6c output_read=1 output=(0.000000,0.000000,-17.160000)
2026-09-19 21:34:14.741 PoseEdit file handoff rotation-trace phase=native-reset-before person=2 joint=3 track=11570234 target=37696e80 member=0x01fff04e keys=10fd9cc0 count=1 keys_read=1 first_frame=0 first=(0.000000,0.000000,0.000000) last_frame=0 last=(0.000000,0.000000,0.000000) output_raw=49deae40 output_offset=0x6c output_read=1 output=(0.000000,0.000000,-6.988000)
2026-09-19 21:34:14.741 PoseEdit file handoff rotation-trace phase=native-reset-before person=3 joint=1 track=115818f4 target=376a1280 member=0x02fff04a keys=73254170 count=0 keys_read=0 first_frame=0 first=(0.000000,0.000000,0.000000) last_frame=0 last=(0.000000,0.000000,0.000000) output_raw=4cb305e0 output_offset=0x6c output_read=1 output=(0.000000,0.000000,0.000000)
2026-09-19 21:34:14.741 PoseEdit file handoff rotation-trace phase=native-reset-before person=3 joint=2 track=11582164 target=3769c6a0 member=0x01fff04e keys=73254170 count=0 keys_read=0 first_frame=0 first=(0.000000,0.000000,0.000000) last_frame=0 last=(0.000000,0.000000,0.000000) output_raw=4cb30480 output_offset=0x6c output_read=1 output=(0.000000,0.000000,0.000000)
2026-09-19 21:34:14.741 PoseEdit file handoff rotation-trace phase=native-reset-before person=3 joint=3 track=115821b4 target=3769c640 member=0x01fff04e keys=73254170 count=0 keys_read=0 first_frame=0 first=(0.000000,0.000000,0.000000) last_frame=0 last=(0.000000,0.000000,0.000000) output_raw=4cb31f20 output_offset=0x6c output_read=1 output=(0.000000,0.000000,0.000000)
2026-09-19 21:34:14.778 PoseEdit file handoff rotation-trace phase=native-reset-after person=1 joint=1 track=1155d9f4 target=34853d60 member=0x02fff04a keys=73254170 count=0 keys_read=0 first_frame=0 first=(0.000000,0.000000,0.000000) last_frame=0 last=(0.000000,0.000000,0.000000) output_raw=3daf6240 output_offset=0x6c output_read=1 output=(0.000000,0.000000,0.000000)
2026-09-19 21:34:14.778 PoseEdit file handoff rotation-trace phase=native-reset-after person=1 joint=2 track=1155e264 target=34862620 member=0x01fff04e keys=73254170 count=0 keys_read=0 first_frame=0 first=(0.000000,0.000000,0.000000) last_frame=0 last=(0.000000,0.000000,0.000000) output_raw=4092cfa0 output_offset=0x6c output_read=1 output=(0.000000,0.000000,0.000000)
2026-09-19 21:34:14.778 PoseEdit file handoff rotation-trace phase=native-reset-after person=1 joint=3 track=1155e2b4 target=34862580 member=0x01fff04e keys=73254170 count=0 keys_read=0 first_frame=0 first=(0.000000,0.000000,0.000000) last_frame=0 last=(0.000000,0.000000,0.000000) output_raw=4092e340 output_offset=0x6c output_read=1 output=(0.000000,0.000000,0.000000)
2026-09-19 21:34:14.779 PoseEdit file handoff rotation-trace phase=native-reset-after person=2 joint=1 track=1156f974 target=4ade8800 member=0x02fff04a keys=111f6d60 count=1 keys_read=1 first_frame=0 first=(0.000000,0.000000,-47.500000) last_frame=0 last=(0.000000,0.000000,-47.500000) output_raw=49debc40 output_offset=0x6c output_read=1 output=(0.000000,0.000000,-47.500000)
2026-09-19 21:34:14.779 PoseEdit file handoff rotation-trace phase=native-reset-after person=2 joint=2 track=115701e4 target=37697060 member=0x01fff04e keys=111f9060 count=1 keys_read=1 first_frame=0 first=(0.000000,0.000000,0.000000) last_frame=0 last=(0.000000,0.000000,0.000000) output_raw=49deb820 output_offset=0x6c output_read=1 output=(0.000000,0.000000,-17.160000)
2026-09-19 21:34:14.779 PoseEdit file handoff rotation-trace phase=native-reset-after person=2 joint=3 track=11570234 target=37696e80 member=0x01fff04e keys=111f8220 count=1 keys_read=1 first_frame=0 first=(0.000000,0.000000,0.000000) last_frame=0 last=(0.000000,0.000000,0.000000) output_raw=49deae40 output_offset=0x6c output_read=1 output=(0.000000,0.000000,-6.988000)
2026-09-19 21:34:14.779 PoseEdit file handoff rotation-trace phase=native-reset-after person=3 joint=1 track=115818f4 target=376a1280 member=0x02fff04a keys=73254170 count=0 keys_read=0 first_frame=0 first=(0.000000,0.000000,0.000000) last_frame=0 last=(0.000000,0.000000,0.000000) output_raw=4cb305e0 output_offset=0x6c output_read=1 output=(0.000000,0.000000,0.000000)
2026-09-19 21:34:14.779 PoseEdit file handoff rotation-trace phase=native-reset-after person=3 joint=2 track=11582164 target=3769c6a0 member=0x01fff04e keys=73254170 count=0 keys_read=0 first_frame=0 first=(0.000000,0.000000,0.000000) last_frame=0 last=(0.000000,0.000000,0.000000) output_raw=4cb30480 output_offset=0x6c output_read=1 output=(0.000000,0.000000,0.000000)
2026-09-19 21:34:14.779 PoseEdit file handoff rotation-trace phase=native-reset-after person=3 joint=3 track=115821b4 target=3769c640 member=0x01fff04e keys=73254170 count=0 keys_read=0 first_frame=0 first=(0.000000,0.000000,0.000000) last_frame=0 last=(0.000000,0.000000,0.000000) output_raw=4cb31f20 output_offset=0x6c output_read=1 output=(0.000000,0.000000,0.000000)
2026-09-19 21:34:14.782 PoseEdit file handoff end exec="native-reset" result=0x00000000 editpose=1155ac80 pending_reset=1 note="physics waits for the native pending-reset flag to clear before binding the resulting pose"
2026-09-19 21:34:15.173 performance profile window_ms=1000 frames=44 avg_ms total=3.049 housekeeping=0.052 bindings=0.583 diagnostics=0.004 colliders=0.195 axes=0.089 penis=0.375 penis_ownership=0.000 penis_gravity=0.000 penis_collision=0.000 penis_setup=0.000 penis_orientation=0.000 penis_translation=0.000 penis_solver=0.000 testicles=0.355 testicle_active=0.353 breasts=0.452 breasts_active=0.446 butt=0.443 butt_active=0.442 addons=0.492 addon_activation=0.145 addon_drive=0.140 addon_guard=0.001 addon_parent_pivot=0.000 addon_parent_translation=0.003 addon_parent_rotation=0.002 addon_gravity=0.001 addon_rotation_binding=0.000 addon_validation=0.132 addon_solver=0.204 addon_output=0.202 addon_cache=0.010 late=0.058 late_testicles=0.001 late_breasts=0.050 late_butt=0.006 traverse=0.000 addon_collision_body=0.000 addon_collision_self=0.000 addon_collision_addons=0.000 max_ms total=22.914 colliders=0.470 addons=2.225 calls late=56 traverse=0 body_collision=0 self_collision=0 addons_collision=0
2026-09-19 21:34:15.173 performance profile engine operation=symbols avg_ms=0.000000 max_call_ms=0.000000 calls_per_frame=0.00 window_ms=1000 frames=44 nested=1
2026-09-19 21:34:15.173 performance profile engine operation=find_object avg_ms=1.392841 max_call_ms=0.083000 calls_per_frame=6057.91 window_ms=1000 frames=44 nested=1
2026-09-19 21:34:15.174 performance profile engine operation=script_find avg_ms=0.000000 max_call_ms=0.000000 calls_per_frame=0.00 window_ms=1000 frames=44 nested=1
2026-09-19 21:34:15.174 performance profile engine operation=axis_lookup avg_ms=1.786245 max_call_ms=2.216900 calls_per_frame=38.70 window_ms=1000 frames=44 nested=1
2026-09-19 21:34:15.174 performance profile engine operation=pivot_query avg_ms=0.028491 max_call_ms=0.005200 calls_per_frame=88.64 window_ms=1000 frames=44 nested=1
2026-09-19 21:34:15.174 collision profile window_ms=1000 frames=44 avg_ms body_collection=0.000000 body_solve=0.000000 body_position=0.000000 body_refine=0.000000 body_velocity=0.000000 addon_prepare_query=0.000000 addon_coherent_solve=0.000000 addon_visible_solve=0.000000 room_sphere=0.000000 room_sweep=0.000000 room_single=0.000000
2026-09-19 21:34:15.175 collision profile window_ms=1000 frames=44 max_call_ms body_collection=0.000000 body_solve=0.000000 body_position=0.000000 body_refine=0.000000 body_velocity=0.000000 addon_prepare_query=0.000000 addon_coherent_solve=0.000000 addon_visible_solve=0.000000 room_sphere=0.000000 room_sweep=0.000000 room_single=0.000000
2026-09-19 21:34:15.175 collision profile window_ms=1000 frames=44 calls body_collection=0 body_solve=0 body_position=0 body_refine=0 body_velocity=0 addon_prepare_query=0 addon_coherent_solve=0 addon_visible_solve=0 room_sphere=0 room_sweep=0 room_single=0
2026-09-19 21:34:15.175 collision profile window_ms=1000 frames=44 counts body_contacts=0 body_passes=0 body_jacobians=0 body_predictions=0 addon_contacts=0 addon_passes=0 addon_gradients=0 room_nodes=0 room_triangles=0
2026-09-19 21:34:15.339 performance profile body-update person=Person02 system=breasts update_rate_hz=-1 published_hz=52.8 sample_ms=5000
2026-09-19 21:34:15.342 performance profile body-update person=Person02 system=butt update_rate_hz=-1 published_hz=52.8 sample_ms=5000
2026-09-19 21:34:16.179 performance profile window_ms=1000 frames=64 avg_ms total=2.565 housekeeping=0.161 bindings=0.432 diagnostics=0.004 colliders=0.188 axes=0.001 penis=0.292 penis_ownership=0.000 penis_gravity=0.000 penis_collision=0.000 penis_setup=0.000 penis_orientation=0.000 penis_translation=0.000 penis_solver=0.000 testicles=0.275 testicle_active=0.274 breasts=0.376 breasts_active=0.371 butt=0.359 butt_active=0.358 addons=0.466 addon_activation=0.136 addon_drive=0.108 addon_guard=0.001 addon_parent_pivot=0.000 addon_parent_translation=0.003 addon_parent_rotation=0.002 addon_gravity=0.001 addon_rotation_binding=0.000 addon_validation=0.100 addon_solver=0.219 addon_output=0.216 addon_cache=0.010 late=0.031 late_testicles=0.001 late_breasts=0.027 late_butt=0.003 traverse=0.000 addon_collision_body=0.000 addon_collision_self=0.000 addon_collision_addons=0.000 max_ms total=23.425 colliders=0.498 addons=3.326 calls late=64 traverse=0 body_collision=0 self_collision=0 addons_collision=0
2026-09-19 21:34:16.179 performance profile engine operation=symbols avg_ms=0.000000 max_call_ms=0.000000 calls_per_frame=0.00 window_ms=1000 frames=64 nested=1
2026-09-19 21:34:16.179 performance profile engine operation=find_object avg_ms=0.920859 max_call_ms=0.088100 calls_per_frame=3963.38 window_ms=1000 frames=64 nested=1
2026-09-19 21:34:16.179 performance profile engine operation=script_find avg_ms=0.000000 max_call_ms=0.000000 calls_per_frame=0.00 window_ms=1000 frames=64 nested=1
2026-09-19 21:34:16.180 performance profile engine operation=axis_lookup avg_ms=1.171248 max_call_ms=2.105200 calls_per_frame=34.97 window_ms=1000 frames=64 nested=1
2026-09-19 21:34:16.180 performance profile engine operation=pivot_query avg_ms=0.028033 max_call_ms=0.004200 calls_per_frame=89.00 window_ms=1000 frames=64 nested=1
2026-09-19 21:34:16.180 collision profile window_ms=1000 frames=64 avg_ms body_collection=0.000000 body_solve=0.000000 body_position=0.000000 body_refine=0.000000 body_velocity=0.000000 addon_prepare_query=0.000000 addon_coherent_solve=0.000000 addon_visible_solve=0.000000 room_sphere=0.000000 room_sweep=0.000000 room_single=0.000000
2026-09-19 21:34:16.180 collision profile window_ms=1000 frames=64 max_call_ms body_collection=0.000000 body_solve=0.000000 body_position=0.000000 body_refine=0.000000 body_velocity=0.000000 addon_prepare_query=0.000000 addon_coherent_solve=0.000000 addon_visible_solve=0.000000 room_sphere=0.000000 room_sweep=0.000000 room_single=0.000000
2026-09-19 21:34:16.180 collision profile window_ms=1000 frames=64 calls body_collection=0 body_solve=0 body_position=0 body_refine=0 body_velocity=0 addon_prepare_query=0 addon_coherent_solve=0 addon_visible_solve=0 room_sphere=0 room_sweep=0 room_single=0
2026-09-19 21:34:16.180 collision profile window_ms=1000 frames=64 counts body_contacts=0 body_passes=0 body_jacobians=0 body_predictions=0 addon_contacts=0 addon_passes=0 addon_gradients=0 room_nodes=0 room_triangles=0
2026-09-19 21:34:17.173 performance profile window_ms=1000 frames=60 avg_ms total=2.795 housekeeping=0.189 bindings=0.449 diagnostics=0.004 colliders=0.183 axes=0.138 penis=0.303 penis_ownership=0.000 penis_gravity=0.000 penis_collision=0.000 penis_setup=0.000 penis_orientation=0.000 penis_translation=0.000 penis_solver=0.000 testicles=0.292 testicle_active=0.291 breasts=0.379 breasts_active=0.374 butt=0.372 butt_active=0.372 addons=0.476 addon_activation=0.142 addon_drive=0.112 addon_guard=0.001 addon_parent_pivot=0.000 addon_parent_translation=0.003 addon_parent_rotation=0.002 addon_gravity=0.001 addon_rotation_binding=0.000 addon_validation=0.103 addon_solver=0.219 addon_output=0.217 addon_cache=0.010 late=0.032 late_testicles=0.001 late_breasts=0.027 late_butt=0.004 traverse=0.000 addon_collision_body=0.000 addon_collision_self=0.000 addon_collision_addons=0.000 max_ms total=23.218 colliders=0.417 addons=2.449 calls late=60 traverse=0 body_collision=0 self_collision=0 addons_collision=0
2026-09-19 21:34:17.173 performance profile engine operation=symbols avg_ms=0.000000 max_call_ms=0.000000 calls_per_frame=0.00 window_ms=1000 frames=60 nested=1
2026-09-19 21:34:17.173 performance profile engine operation=find_object avg_ms=1.073813 max_call_ms=0.087200 calls_per_frame=4677.15 window_ms=1000 frames=60 nested=1
2026-09-19 21:34:17.173 performance profile engine operation=script_find avg_ms=0.000000 max_call_ms=0.000000 calls_per_frame=0.00 window_ms=1000 frames=60 nested=1
2026-09-19 21:34:17.173 performance profile engine operation=axis_lookup avg_ms=1.371365 max_call_ms=2.344900 calls_per_frame=35.20 window_ms=1000 frames=60 nested=1
2026-09-19 21:34:17.173 performance profile engine operation=pivot_query avg_ms=0.025927 max_call_ms=0.014000 calls_per_frame=89.00 window_ms=1000 frames=60 nested=1
2026-09-19 21:34:17.173 collision profile window_ms=1000 frames=60 avg_ms body_collection=0.000000 body_solve=0.000000 body_position=0.000000 body_refine=0.000000 body_velocity=0.000000 addon_prepare_query=0.000000 addon_coherent_solve=0.000000 addon_visible_solve=0.000000 room_sphere=0.000000 room_sweep=0.000000 room_single=0.000000
2026-09-19 21:34:17.174 collision profile window_ms=1000 frames=60 max_call_ms body_collection=0.000000 body_solve=0.000000 body_position=0.000000 body_refine=0.000000 body_velocity=0.000000 addon_prepare_query=0.000000 addon_coherent_solve=0.000000 addon_visible_solve=0.000000 room_sphere=0.000000 room_sweep=0.000000 room_single=0.000000
2026-09-19 21:34:17.174 collision profile window_ms=1000 frames=60 calls body_collection=0 body_solve=0 body_position=0 body_refine=0 body_velocity=0 addon_prepare_query=0 addon_coherent_solve=0 addon_visible_solve=0 room_sphere=0 room_sweep=0 room_single=0
2026-09-19 21:34:17.174 collision profile window_ms=1000 frames=60 counts body_contacts=0 body_passes=0 body_jacobians=0 body_predictions=0 addon_contacts=0 addon_passes=0 addon_gradients=0 room_nodes=0 room_triangles=0
2026-09-19 21:34:18.177 performance profile window_ms=1000 frames=58 avg_ms total=2.977 housekeeping=0.314 bindings=0.479 diagnostics=0.004 colliders=0.191 axes=0.066 penis=0.309 penis_ownership=0.000 penis_gravity=0.000 penis_collision=0.000 penis_setup=0.000 penis_orientation=0.000 penis_translation=0.000 penis_solver=0.000 testicles=0.308 testicle_active=0.307 breasts=0.409 breasts_active=0.403 butt=0.394 butt_active=0.393 addons=0.492 addon_activation=0.148 addon_drive=0.120 addon_guard=0.001 addon_parent_pivot=0.000 addon_parent_translation=0.004 addon_parent_rotation=0.002 addon_gravity=0.001 addon_rotation_binding=0.000 addon_validation=0.110 addon_solver=0.221 addon_output=0.219 addon_cache=0.010 late=0.033 late_testicles=0.001 late_breasts=0.028 late_butt=0.003 traverse=0.000 addon_collision_body=0.000 addon_collision_self=0.000 addon_collision_addons=0.000 max_ms total=24.100 colliders=0.411 addons=2.535 calls late=58 traverse=0 body_collision=0 self_collision=0 addons_collision=0
2026-09-19 21:34:18.178 performance profile engine operation=symbols avg_ms=0.000000 max_call_ms=0.000000 calls_per_frame=0.00 window_ms=1000 frames=58 nested=1
2026-09-19 21:34:18.178 performance profile engine operation=find_object avg_ms=1.071019 max_call_ms=0.103000 calls_per_frame=4603.16 window_ms=1000 frames=58 nested=1
2026-09-19 21:34:18.178 performance profile engine operation=script_find avg_ms=0.000000 max_call_ms=0.000000 calls_per_frame=0.00 window_ms=1000 frames=58 nested=1
2026-09-19 21:34:18.178 performance profile engine operation=axis_lookup avg_ms=1.359840 max_call_ms=2.111000 calls_per_frame=35.24 window_ms=1000 frames=58 nested=1
2026-09-19 21:34:18.178 performance profile engine operation=pivot_query avg_ms=0.027416 max_call_ms=0.008400 calls_per_frame=89.00 window_ms=1000 frames=58 nested=1
2026-09-19 21:34:18.178 collision profile window_ms=1000 frames=58 avg_ms body_collection=0.000000 body_solve=0.000000 body_position=0.000000 body_refine=0.000000 body_velocity=0.000000 addon_prepare_query=0.000000 addon_coherent_solve=0.000000 addon_visible_solve=0.000000 room_sphere=0.000000 room_sweep=0.000000 room_single=0.000000
2026-09-19 21:34:18.179 collision profile window_ms=1000 frames=58 max_call_ms body_collection=0.000000 body_solve=0.000000 body_position=0.000000 body_refine=0.000000 body_velocity=0.000000 addon_prepare_query=0.000000 addon_coherent_solve=0.000000 addon_visible_solve=0.000000 room_sphere=0.000000 room_sweep=0.000000 room_single=0.000000
2026-09-19 21:34:18.179 collision profile window_ms=1000 frames=58 calls body_collection=0 body_solve=0 body_position=0 body_refine=0 body_velocity=0 addon_prepare_query=0 addon_coherent_solve=0 addon_visible_solve=0 room_sphere=0 room_sweep=0 room_single=0
2026-09-19 21:34:18.179 collision profile window_ms=1000 frames=58 counts body_contacts=0 body_passes=0 body_jacobians=0 body_predictions=0 addon_contacts=0 addon_passes=0 addon_gradients=0 room_nodes=0 room_triangles=0
2026-09-19 21:34:19.171 performance profile window_ms=1000 frames=62 avg_ms total=2.531 housekeeping=0.042 bindings=0.437 diagnostics=0.003 colliders=0.176 axes=0.061 penis=0.290 penis_ownership=0.000 penis_gravity=0.000 penis_collision=0.000 penis_setup=0.000 penis_orientation=0.000 penis_translation=0.000 penis_solver=0.000 testicles=0.285 testicle_active=0.284 breasts=0.381 breasts_active=0.376 butt=0.365 butt_active=0.365 addons=0.478 addon_activation=0.139 addon_drive=0.113 addon_guard=0.001 addon_parent_pivot=0.000 addon_parent_translation=0.003 addon_parent_rotation=0.002 addon_gravity=0.001 addon_rotation_binding=0.000 addon_validation=0.103 addon_solver=0.223 addon_output=0.221 addon_cache=0.011 late=0.029 late_testicles=0.001 late_breasts=0.025 late_butt=0.003 traverse=0.000 addon_collision_body=0.000 addon_collision_self=0.000 addon_collision_addons=0.000 max_ms total=23.250 colliders=0.347 addons=2.177 calls late=62 traverse=0 body_collision=0 self_collision=0 addons_collision=0
2026-09-19 21:34:19.172 performance profile engine operation=symbols avg_ms=0.000000 max_call_ms=0.000000 calls_per_frame=0.00 window_ms=1000 frames=62 nested=1
2026-09-19 21:34:19.172 performance profile engine operation=find_object avg_ms=0.994903 max_call_ms=0.147500 calls_per_frame=4308.76 window_ms=1000 frames=62 nested=1
2026-09-19 21:34:19.172 performance profile engine operation=script_find avg_ms=0.000000 max_call_ms=0.000000 calls_per_frame=0.00 window_ms=1000 frames=62 nested=1
2026-09-19 21:34:19.172 performance profile engine operation=axis_lookup avg_ms=1.260224 max_call_ms=2.088000 calls_per_frame=35.10 window_ms=1000 frames=62 nested=1
2026-09-19 21:34:19.172 performance profile engine operation=pivot_query avg_ms=0.024905 max_call_ms=0.017700 calls_per_frame=89.00 window_ms=1000 frames=62 nested=1
2026-09-19 21:34:19.173 collision profile window_ms=1000 frames=62 avg_ms body_collection=0.000000 body_solve=0.000000 body_position=0.000000 body_refine=0.000000 body_velocity=0.000000 addon_prepare_query=0.000000 addon_coherent_solve=0.000000 addon_visible_solve=0.000000 room_sphere=0.000000 room_sweep=0.000000 room_single=0.000000
2026-09-19 21:34:19.173 collision profile window_ms=1000 frames=62 max_call_ms body_collection=0.000000 body_solve=0.000000 body_position=0.000000 body_refine=0.000000 body_velocity=0.000000 addon_prepare_query=0.000000 addon_coherent_solve=0.000000 addon_visible_solve=0.000000 room_sphere=0.000000 room_sweep=0.000000 room_single=0.000000
2026-09-19 21:34:19.173 collision profile window_ms=1000 frames=62 calls body_collection=0 body_solve=0 body_position=0 body_refine=0 body_velocity=0 addon_prepare_query=0 addon_coherent_solve=0 addon_visible_solve=0 room_sphere=0 room_sweep=0 room_single=0
2026-09-19 21:34:19.173 collision profile window_ms=1000 frames=62 counts body_contacts=0 body_passes=0 body_jacobians=0 body_predictions=0 addon_contacts=0 addon_passes=0 addon_gradients=0 room_nodes=0 room_triangles=0
2026-09-19 21:34:20.171 performance profile window_ms=1000 frames=64 avg_ms total=2.589 housekeeping=0.144 bindings=0.422 diagnostics=0.004 colliders=0.188 axes=0.060 penis=0.286 penis_ownership=0.000 penis_gravity=0.000 penis_collision=0.000 penis_setup=0.000 penis_orientation=0.000 penis_translation=0.000 penis_solver=0.000 testicles=0.285 testicle_active=0.284 breasts=0.369 breasts_active=0.364 butt=0.355 butt_active=0.355 addons=0.464 addon_activation=0.137 addon_drive=0.106 addon_guard=0.001 addon_parent_pivot=0.000 addon_parent_translation=0.003 addon_parent_rotation=0.002 addon_gravity=0.001 addon_rotation_binding=0.000 addon_validation=0.098 addon_solver=0.218 addon_output=0.216 addon_cache=0.011 late=0.031 late_testicles=0.001 late_breasts=0.027 late_butt=0.003 traverse=0.000 addon_collision_body=0.000 addon_collision_self=0.000 addon_collision_addons=0.000 max_ms total=22.773 colliders=0.462 addons=2.336 calls late=64 traverse=0 body_collision=0 self_collision=0 addons_collision=0
2026-09-19 21:34:20.172 performance profile engine operation=symbols avg_ms=0.000000 max_call_ms=0.000000 calls_per_frame=0.00 window_ms=1000 frames=64 nested=1
2026-09-19 21:34:20.172 performance profile engine operation=find_object avg_ms=0.970116 max_call_ms=0.148100 calls_per_frame=4175.36 window_ms=1000 frames=64 nested=1
2026-09-19 21:34:20.172 performance profile engine operation=script_find avg_ms=0.000000 max_call_ms=0.000000 calls_per_frame=0.00 window_ms=1000 frames=64 nested=1
2026-09-19 21:34:20.172 performance profile engine operation=axis_lookup avg_ms=1.232797 max_call_ms=2.207000 calls_per_frame=35.03 window_ms=1000 frames=64 nested=1
2026-09-19 21:34:20.172 performance profile engine operation=pivot_query avg_ms=0.028261 max_call_ms=0.015500 calls_per_frame=89.00 window_ms=1000 frames=64 nested=1
2026-09-19 21:34:20.173 collision profile window_ms=1000 frames=64 avg_ms body_collection=0.000000 body_solve=0.000000 body_position=0.000000 body_refine=0.000000 body_velocity=0.000000 addon_prepare_query=0.000000 addon_coherent_solve=0.000000 addon_visible_solve=0.000000 room_sphere=0.000000 room_sweep=0.000000 room_single=0.000000
2026-09-19 21:34:20.173 collision profile window_ms=1000 frames=64 max_call_ms body_collection=0.000000 body_solve=0.000000 body_position=0.000000 body_refine=0.000000 body_velocity=0.000000 addon_prepare_query=0.000000 addon_coherent_solve=0.000000 addon_visible_solve=0.000000 room_sphere=0.000000 room_sweep=0.000000 room_single=0.000000
2026-09-19 21:34:20.173 collision profile window_ms=1000 frames=64 calls body_collection=0 body_solve=0 body_position=0 body_refine=0 body_velocity=0 addon_prepare_query=0 addon_coherent_solve=0 addon_visible_solve=0 room_sphere=0 room_sweep=0 room_single=0
2026-09-19 21:34:20.173 collision profile window_ms=1000 frames=64 counts body_contacts=0 body_passes=0 body_jacobians=0 body_predictions=0 addon_contacts=0 addon_passes=0 addon_gradients=0 room_nodes=0 room_triangles=0
2026-09-19 21:34:20.337 performance profile body-update person=Person02 system=breasts update_rate_hz=-1 published_hz=61.8 sample_ms=5000
2026-09-19 21:34:20.337 performance profile body-update person=Person02 system=butt update_rate_hz=-1 published_hz=61.8 sample_ms=5000
2026-09-19 21:34:21.178 performance profile window_ms=1000 frames=58 avg_ms total=2.636 housekeeping=0.043 bindings=0.457 diagnostics=0.003 colliders=0.174 axes=0.067 penis=0.318 penis_ownership=0.000 penis_gravity=0.000 penis_collision=0.000 penis_setup=0.000 penis_orientation=0.000 penis_translation=0.000 penis_solver=0.000 testicles=0.305 testicle_active=0.304 breasts=0.405 breasts_active=0.400 butt=0.382 butt_active=0.382 addons=0.470 addon_activation=0.138 addon_drive=0.119 addon_guard=0.001 addon_parent_pivot=0.000 addon_parent_translation=0.002 addon_parent_rotation=0.002 addon_gravity=0.001 addon_rotation_binding=0.000 addon_validation=0.112 addon_solver=0.209 addon_output=0.207 addon_cache=0.010 late=0.032 late_testicles=0.001 late_breasts=0.028 late_butt=0.004 traverse=0.000 addon_collision_body=0.000 addon_collision_self=0.000 addon_collision_addons=0.000 max_ms total=22.674 colliders=0.361 addons=2.475 calls late=58 traverse=0 body_collision=0 self_collision=0 addons_collision=0
2026-09-19 21:34:21.178 performance profile engine operation=symbols avg_ms=0.000000 max_call_ms=0.000000 calls_per_frame=0.00 window_ms=1000 frames=58 nested=1
2026-09-19 21:34:21.179 performance profile engine operation=find_object avg_ms=1.059776 max_call_ms=0.100900 calls_per_frame=4603.26 window_ms=1000 frames=58 nested=1
2026-09-19 21:34:21.179 performance profile engine operation=script_find avg_ms=0.000000 max_call_ms=0.000000 calls_per_frame=0.00 window_ms=1000 frames=58 nested=1
2026-09-19 21:34:21.179 performance profile engine operation=axis_lookup avg_ms=1.351291 max_call_ms=2.192100 calls_per_frame=35.34 window_ms=1000 frames=58 nested=1
2026-09-19 21:34:21.179 performance profile engine operation=pivot_query avg_ms=0.023797 max_call_ms=0.002400 calls_per_frame=89.00 window_ms=1000 frames=58 nested=1
2026-09-19 21:34:21.179 collision profile window_ms=1000 frames=58 avg_ms body_collection=0.000000 body_solve=0.000000 body_position=0.000000 body_refine=0.000000 body_velocity=0.000000 addon_prepare_query=0.000000 addon_coherent_solve=0.000000 addon_visible_solve=0.000000 room_sphere=0.000000 room_sweep=0.000000 room_single=0.000000
2026-09-19 21:34:21.179 collision profile window_ms=1000 frames=58 max_call_ms body_collection=0.000000 body_solve=0.000000 body_position=0.000000 body_refine=0.000000 body_velocity=0.000000 addon_prepare_query=0.000000 addon_coherent_solve=0.000000 addon_visible_solve=0.000000 room_sphere=0.000000 room_sweep=0.000000 room_single=0.000000
2026-09-19 21:34:21.180 collision profile window_ms=1000 frames=58 calls body_collection=0 body_solve=0 body_position=0 body_refine=0 body_velocity=0 addon_prepare_query=0 addon_coherent_solve=0 addon_visible_solve=0 room_sphere=0 room_sweep=0 room_single=0
2026-09-19 21:34:21.180 collision profile window_ms=1000 frames=58 counts body_contacts=0 body_passes=0 body_jacobians=0 body_predictions=0 addon_contacts=0 addon_passes=0 addon_gradients=0 room_nodes=0 room_triangles=0
2026-09-19 21:34:22.173 performance profile window_ms=1000 frames=69 avg_ms total=2.290 housekeeping=0.037 bindings=0.402 diagnostics=0.003 colliders=0.174 axes=0.060 penis=0.268 penis_ownership=0.000 penis_gravity=0.000 penis_collision=0.000 penis_setup=0.000 penis_orientation=0.000 penis_translation=0.000 penis_solver=0.000 testicles=0.255 testicle_active=0.254 breasts=0.344 breasts_active=0.339 butt=0.337 butt_active=0.336 addons=0.400 addon_activation=0.125 addon_drive=0.092 addon_guard=0.001 addon_parent_pivot=0.000 addon_parent_translation=0.002 addon_parent_rotation=0.002 addon_gravity=0.001 addon_rotation_binding=0.000 addon_validation=0.086 addon_solver=0.180 addon_output=0.178 addon_cache=0.010 late=0.031 late_testicles=0.001 late_breasts=0.027 late_butt=0.003 traverse=0.000 addon_collision_body=0.000 addon_collision_self=0.000 addon_collision_addons=0.000 max_ms total=23.032 colliders=0.357 addons=2.416 calls late=69 traverse=0 body_collision=0 self_collision=0 addons_collision=0
2026-09-19 21:34:22.173 performance profile engine operation=symbols avg_ms=0.000000 max_call_ms=0.000000 calls_per_frame=0.00 window_ms=1000 frames=69 nested=1
2026-09-19 21:34:22.173 performance profile engine operation=find_object avg_ms=0.905071 max_call_ms=0.163900 calls_per_frame=3875.57 window_ms=1000 frames=69 nested=1
2026-09-19 21:34:22.173 performance profile engine operation=script_find avg_ms=0.000000 max_call_ms=0.000000 calls_per_frame=0.00 window_ms=1000 frames=69 nested=1
2026-09-19 21:34:22.173 performance profile engine operation=axis_lookup avg_ms=1.146696 max_call_ms=2.111700 calls_per_frame=34.75 window_ms=1000 frames=69 nested=1
2026-09-19 21:34:22.173 performance profile engine operation=pivot_query avg_ms=0.024239 max_call_ms=0.013900 calls_per_frame=89.00 window_ms=1000 frames=69 nested=1
2026-09-19 21:34:22.173 collision profile window_ms=1000 frames=69 avg_ms body_collection=0.000000 body_solve=0.000000 body_position=0.000000 body_refine=0.000000 body_velocity=0.000000 addon_prepare_query=0.000000 addon_coherent_solve=0.000000 addon_visible_solve=0.000000 room_sphere=0.000000 room_sweep=0.000000 room_single=0.000000
2026-09-19 21:34:22.174 collision profile window_ms=1000 frames=69 max_call_ms body_collection=0.000000 body_solve=0.000000 body_position=0.000000 body_refine=0.000000 body_velocity=0.000000 addon_prepare_query=0.000000 addon_coherent_solve=0.000000 addon_visible_solve=0.000000 room_sphere=0.000000 room_sweep=0.000000 room_single=0.000000
2026-09-19 21:34:22.174 collision profile window_ms=1000 frames=69 calls body_collection=0 body_solve=0 body_position=0 body_refine=0 body_velocity=0 addon_prepare_query=0 addon_coherent_solve=0 addon_visible_solve=0 room_sphere=0 room_sweep=0 room_single=0
2026-09-19 21:34:22.174 collision profile window_ms=1000 frames=69 counts body_contacts=0 body_passes=0 body_jacobians=0 body_predictions=0 addon_contacts=0 addon_passes=0 addon_gradients=0 room_nodes=0 room_triangles=0
2026-09-19 21:34:23.178 performance profile window_ms=1000 frames=71 avg_ms total=2.257 housekeeping=0.034 bindings=0.396 diagnostics=0.003 colliders=0.177 axes=0.054 penis=0.253 penis_ownership=0.000 penis_gravity=0.000 penis_collision=0.000 penis_setup=0.000 penis_orientation=0.000 penis_translation=0.000 penis_solver=0.000 testicles=0.247 testicle_active=0.246 breasts=0.341 breasts_active=0.336 butt=0.331 butt_active=0.331 addons=0.409 addon_activation=0.127 addon_drive=0.092 addon_guard=0.001 addon_parent_pivot=0.000 addon_parent_translation=0.002 addon_parent_rotation=0.005 addon_gravity=0.001 addon_rotation_binding=0.000 addon_validation=0.081 addon_solver=0.188 addon_output=0.186 addon_cache=0.010 late=0.030 late_testicles=0.001 late_breasts=0.026 late_butt=0.003 traverse=0.000 addon_collision_body=0.000 addon_collision_self=0.000 addon_collision_addons=0.000 max_ms total=23.225 colliders=0.441 addons=2.259 calls late=71 traverse=0 body_collision=0 self_collision=0 addons_collision=0
2026-09-19 21:34:23.178 performance profile engine operation=symbols avg_ms=0.000000 max_call_ms=0.000000 calls_per_frame=0.00 window_ms=1000 frames=71 nested=1
2026-09-19 21:34:23.178 performance profile engine operation=find_object avg_ms=0.875399 max_call_ms=0.077100 calls_per_frame=3767.61 window_ms=1000 frames=71 nested=1
2026-09-19 21:34:23.179 performance profile engine operation=script_find avg_ms=0.000000 max_call_ms=0.000000 calls_per_frame=0.00 window_ms=1000 frames=71 nested=1
2026-09-19 21:34:23.179 performance profile engine operation=axis_lookup avg_ms=1.104580 max_call_ms=2.063300 calls_per_frame=34.79 window_ms=1000 frames=71 nested=1
2026-09-19 21:34:23.179 performance profile engine operation=pivot_query avg_ms=0.024373 max_call_ms=0.015200 calls_per_frame=89.00 window_ms=1000 frames=71 nested=1
2026-09-19 21:34:23.179 collision profile window_ms=1000 frames=71 avg_ms body_collection=0.000000 body_solve=0.000000 body_position=0.000000 body_refine=0.000000 body_velocity=0.000000 addon_prepare_query=0.000000 addon_coherent_solve=0.000000 addon_visible_solve=0.000000 room_sphere=0.000000 room_sweep=0.000000 room_single=0.000000
2026-09-19 21:34:23.180 collision profile window_ms=1000 frames=71 max_call_ms body_collection=0.000000 body_solve=0.000000 body_position=0.000000 body_refine=0.000000 body_velocity=0.000000 addon_prepare_query=0.000000 addon_coherent_solve=0.000000 addon_visible_solve=0.000000 room_sphere=0.000000 room_sweep=0.000000 room_single=0.000000
2026-09-19 21:34:23.180 collision profile window_ms=1000 frames=71 calls body_collection=0 body_solve=0 body_position=0 body_refine=0 body_velocity=0 addon_prepare_query=0 addon_coherent_solve=0 addon_visible_solve=0 room_sphere=0 room_sweep=0 room_single=0
2026-09-19 21:34:23.180 collision profile window_ms=1000 frames=71 counts body_contacts=0 body_passes=0 body_jacobians=0 body_predictions=0 addon_contacts=0 addon_passes=0 addon_gradients=0 room_nodes=0 room_triangles=0
2026-09-19 21:34:24.180 performance profile window_ms=1000 frames=68 avg_ms total=2.364 housekeeping=0.034 bindings=0.407 diagnostics=0.003 colliders=0.184 axes=0.057 penis=0.272 penis_ownership=0.000 penis_gravity=0.000 penis_collision=0.000 penis_setup=0.000 penis_orientation=0.000 penis_translation=0.000 penis_solver=0.000 testicles=0.260 testicle_active=0.259 breasts=0.355 breasts_active=0.350 butt=0.340 butt_active=0.340 addons=0.439 addon_activation=0.133 addon_drive=0.096 addon_guard=0.001 addon_parent_pivot=0.000 addon_parent_translation=0.003 addon_parent_rotation=0.002 addon_gravity=0.001 addon_rotation_binding=0.000 addon_validation=0.088 addon_solver=0.207 addon_output=0.204 addon_cache=0.011 late=0.031 late_testicles=0.001 late_breasts=0.027 late_butt=0.003 traverse=0.000 addon_collision_body=0.000 addon_collision_self=0.000 addon_collision_addons=0.000 max_ms total=23.148 colliders=0.466 addons=2.700 calls late=68 traverse=0 body_collision=0 self_collision=0 addons_collision=0
2026-09-19 21:34:24.181 performance profile engine operation=symbols avg_ms=0.000000 max_call_ms=0.000000 calls_per_frame=0.00 window_ms=1000 frames=68 nested=1
2026-09-19 21:34:24.181 performance profile engine operation=find_object avg_ms=0.922060 max_call_ms=0.154400 calls_per_frame=3932.13 window_ms=1000 frames=68 nested=1
2026-09-19 21:34:24.182 performance profile engine operation=script_find avg_ms=0.000000 max_call_ms=0.000000 calls_per_frame=0.00 window_ms=1000 frames=68 nested=1
2026-09-19 21:34:24.182 performance profile engine operation=axis_lookup avg_ms=1.162156 max_call_ms=2.185800 calls_per_frame=34.94 window_ms=1000 frames=68 nested=1
2026-09-19 21:34:24.182 performance profile engine operation=pivot_query avg_ms=0.025293 max_call_ms=0.002800 calls_per_frame=89.00 window_ms=1000 frames=68 nested=1
2026-09-19 21:34:24.182 collision profile window_ms=1000 frames=68 avg_ms body_collection=0.000000 body_solve=0.000000 body_position=0.000000 body_refine=0.000000 body_velocity=0.000000 addon_prepare_query=0.000000 addon_coherent_solve=0.000000 addon_visible_solve=0.000000 room_sphere=0.000000 room_sweep=0.000000 room_single=0.000000
2026-09-19 21:34:24.183 collision profile window_ms=1000 frames=68 max_call_ms body_collection=0.000000 body_solve=0.000000 body_position=0.000000 body_refine=0.000000 body_velocity=0.000000 addon_prepare_query=0.000000 addon_coherent_solve=0.000000 addon_visible_solve=0.000000 room_sphere=0.000000 room_sweep=0.000000 room_single=0.000000
2026-09-19 21:34:24.183 collision profile window_ms=1000 frames=68 calls body_collection=0 body_solve=0 body_position=0 body_refine=0 body_velocity=0 addon_prepare_query=0 addon_coherent_solve=0 addon_visible_solve=0 room_sphere=0 room_sweep=0 room_single=0
2026-09-19 21:34:24.183 collision profile window_ms=1000 frames=68 counts body_contacts=0 body_passes=0 body_jacobians=0 body_predictions=0 addon_contacts=0 addon_passes=0 addon_gradients=0 room_nodes=0 room_triangles=0
2026-09-19 21:34:25.176 performance profile window_ms=1000 frames=67 avg_ms total=2.449 housekeeping=0.039 bindings=0.412 diagnostics=0.003 colliders=0.180 axes=0.114 penis=0.273 penis_ownership=0.000 penis_gravity=0.000 penis_collision=0.000 penis_setup=0.000 penis_orientation=0.000 penis_translation=0.000 penis_solver=0.000 testicles=0.266 testicle_active=0.265 breasts=0.358 breasts_active=0.353 butt=0.343 butt_active=0.343 addons=0.448 addon_activation=0.160 addon_drive=0.095 addon_guard=0.001 addon_parent_pivot=0.000 addon_parent_translation=0.002 addon_parent_rotation=0.002 addon_gravity=0.001 addon_rotation_binding=0.000 addon_validation=0.088 addon_solver=0.191 addon_output=0.189 addon_cache=0.010 late=0.030 late_testicles=0.001 late_breasts=0.026 late_butt=0.003 traverse=0.000 addon_collision_body=0.000 addon_collision_self=0.000 addon_collision_addons=0.000 max_ms total=23.063 colliders=0.434 addons=2.514 calls late=67 traverse=0 body_collision=0 self_collision=0 addons_collision=0
2026-09-19 21:34:25.177 performance profile engine operation=symbols avg_ms=0.000000 max_call_ms=0.000000 calls_per_frame=0.00 window_ms=1000 frames=67 nested=1
2026-09-19 21:34:25.177 performance profile engine operation=find_object avg_ms=0.991527 max_call_ms=0.139400 calls_per_frame=4293.87 window_ms=1000 frames=67 nested=1
2026-09-19 21:34:25.177 performance profile engine operation=script_find avg_ms=0.000000 max_call_ms=0.000000 calls_per_frame=0.00 window_ms=1000 frames=67 nested=1
2026-09-19 21:34:25.177 performance profile engine operation=axis_lookup avg_ms=1.258525 max_call_ms=2.040700 calls_per_frame=34.94 window_ms=1000 frames=67 nested=1
2026-09-19 21:34:25.177 performance profile engine operation=pivot_query avg_ms=0.025607 max_call_ms=0.010100 calls_per_frame=89.00 window_ms=1000 frames=67 nested=1
2026-09-19 21:34:25.178 collision profile window_ms=1000 frames=67 avg_ms body_collection=0.000000 body_solve=0.000000 body_position=0.000000 body_refine=0.000000 body_velocity=0.000000 addon_prepare_query=0.000000 addon_coherent_solve=0.000000 addon_visible_solve=0.000000 room_sphere=0.000000 room_sweep=0.000000 room_single=0.000000
2026-09-19 21:34:25.178 collision profile window_ms=1000 frames=67 max_call_ms body_collection=0.000000 body_solve=0.000000 body_position=0.000000 body_refine=0.000000 body_velocity=0.000000 addon_prepare_query=0.000000 addon_coherent_solve=0.000000 addon_visible_solve=0.000000 room_sphere=0.000000 room_sweep=0.000000 room_single=0.000000
2026-09-19 21:34:25.178 collision profile window_ms=1000 frames=67 calls body_collection=0 body_solve=0 body_position=0 body_refine=0 body_velocity=0 addon_prepare_query=0 addon_coherent_solve=0 addon_visible_solve=0 room_sphere=0 room_sweep=0 room_single=0
2026-09-19 21:34:25.178 collision profile window_ms=1000 frames=67 counts body_contacts=0 body_passes=0 body_jacobians=0 body_predictions=0 addon_contacts=0 addon_passes=0 addon_gradients=0 room_nodes=0 room_triangles=0
2026-09-19 21:34:25.337 performance profile body-update person=Person02 system=breasts update_rate_hz=-1 published_hz=66.4 sample_ms=5000
2026-09-19 21:34:25.337 performance profile body-update person=Person02 system=butt update_rate_hz=-1 published_hz=66.4 sample_ms=5000
2026-09-19 21:34:26.179 performance profile window_ms=1000 frames=68 avg_ms total=2.394 housekeeping=0.036 bindings=0.409 diagnostics=0.003 colliders=0.181 axes=0.058 penis=0.267 penis_ownership=0.000 penis_gravity=0.000 penis_collision=0.000 penis_setup=0.000 penis_orientation=0.000 penis_translation=0.000 penis_solver=0.000 testicles=0.258 testicle_active=0.257 breasts=0.358 breasts_active=0.353 butt=0.341 butt_active=0.340 addons=0.471 addon_activation=0.159 addon_drive=0.102 addon_guard=0.001 addon_parent_pivot=0.000 addon_parent_translation=0.002 addon_parent_rotation=0.002 addon_gravity=0.001 addon_rotation_binding=0.000 addon_validation=0.094 addon_solver=0.207 addon_output=0.204 addon_cache=0.011 late=0.031 late_testicles=0.001 late_breasts=0.027 late_butt=0.003 traverse=0.000 addon_collision_body=0.000 addon_collision_self=0.000 addon_collision_addons=0.000 max_ms total=23.308 colliders=0.365 addons=2.492 calls late=68 traverse=0 body_collision=0 self_collision=0 addons_collision=0
2026-09-19 21:34:26.179 performance profile engine operation=symbols avg_ms=0.000000 max_call_ms=0.000000 calls_per_frame=0.00 window_ms=1000 frames=68 nested=1
2026-09-19 21:34:26.179 performance profile engine operation=find_object avg_ms=0.935429 max_call_ms=0.057100 calls_per_frame=4031.82 window_ms=1000 frames=68 nested=1
2026-09-19 21:34:26.179 performance profile engine operation=script_find avg_ms=0.000000 max_call_ms=0.000000 calls_per_frame=0.00 window_ms=1000 frames=68 nested=1
2026-09-19 21:34:26.179 performance profile engine operation=axis_lookup avg_ms=1.183860 max_call_ms=2.053700 calls_per_frame=34.90 window_ms=1000 frames=68 nested=1
2026-09-19 21:34:26.179 performance profile engine operation=pivot_query avg_ms=0.025729 max_call_ms=0.003700 calls_per_frame=89.00 window_ms=1000 frames=68 nested=1
2026-09-19 21:34:26.181 collision profile window_ms=1000 frames=68 avg_ms body_collection=0.000000 body_solve=0.000000 body_position=0.000000 body_refine=0.000000 body_velocity=0.000000 addon_prepare_query=0.000000 addon_coherent_solve=0.000000 addon_visible_solve=0.000000 room_sphere=0.000000 room_sweep=0.000000 room_single=0.000000
2026-09-19 21:34:26.181 collision profile window_ms=1000 frames=68 max_call_ms body_collection=0.000000 body_solve=0.000000 body_position=0.000000 body_refine=0.000000 body_velocity=0.000000 addon_prepare_query=0.000000 addon_coherent_solve=0.000000 addon_visible_solve=0.000000 room_sphere=0.000000 room_sweep=0.000000 room_single=0.000000
2026-09-19 21:34:26.181 collision profile window_ms=1000 frames=68 calls body_collection=0 body_solve=0 body_position=0 body_refine=0 body_velocity=0 addon_prepare_query=0 addon_coherent_solve=0 addon_visible_solve=0 room_sphere=0 room_sweep=0 room_single=0
2026-09-19 21:34:26.181 collision profile window_ms=1000 frames=68 counts body_contacts=0 body_passes=0 body_jacobians=0 body_predictions=0 addon_contacts=0 addon_passes=0 addon_gradients=0 room_nodes=0 room_triangles=0
2026-09-19 21:34:27.176 performance profile window_ms=1000 frames=68 avg_ms total=2.374 housekeeping=0.039 bindings=0.406 diagnostics=0.003 colliders=0.173 axes=0.059 penis=0.276 penis_ownership=0.000 penis_gravity=0.000 penis_collision=0.000 penis_setup=0.000 penis_orientation=0.000 penis_translation=0.000 penis_solver=0.000 testicles=0.259 testicle_active=0.258 breasts=0.353 breasts_active=0.349 butt=0.338 butt_active=0.337 addons=0.456 addon_activation=0.162 addon_drive=0.096 addon_guard=0.001 addon_parent_pivot=0.000 addon_parent_translation=0.002 addon_parent_rotation=0.002 addon_gravity=0.001 addon_rotation_binding=0.000 addon_validation=0.089 addon_solver=0.195 addon_output=0.193 addon_cache=0.010 late=0.030 late_testicles=0.001 late_breasts=0.026 late_butt=0.003 traverse=0.000 addon_collision_body=0.000 addon_collision_self=0.000 addon_collision_addons=0.000 max_ms total=23.248 colliders=0.325 addons=2.304 calls late=68 traverse=0 body_collision=0 self_collision=0 addons_collision=0
2026-09-19 21:34:27.176 performance profile engine operation=symbols avg_ms=0.000000 max_call_ms=0.000000 calls_per_frame=0.00 window_ms=1000 frames=68 nested=1
2026-09-19 21:34:27.176 performance profile engine operation=find_object avg_ms=0.937163 max_call_ms=0.160100 calls_per_frame=4031.88 window_ms=1000 frames=68 nested=1
2026-09-19 21:34:27.177 performance profile engine operation=script_find avg_ms=0.000000 max_call_ms=0.000000 calls_per_frame=0.00 window_ms=1000 frames=68 nested=1
2026-09-19 21:34:27.177 performance profile engine operation=axis_lookup avg_ms=1.191603 max_call_ms=2.212100 calls_per_frame=34.96 window_ms=1000 frames=68 nested=1
2026-09-19 21:34:27.177 performance profile engine operation=pivot_query avg_ms=0.024656 max_call_ms=0.004600 calls_per_frame=89.00 window_ms=1000 frames=68 nested=1
2026-09-19 21:34:27.177 collision profile window_ms=1000 frames=68 avg_ms body_collection=0.000000 body_solve=0.000000 body_position=0.000000 body_refine=0.000000 body_velocity=0.000000 addon_prepare_query=0.000000 addon_coherent_solve=0.000000 addon_visible_solve=0.000000 room_sphere=0.000000 room_sweep=0.000000 room_single=0.000000
2026-09-19 21:34:27.178 collision profile window_ms=1000 frames=68 max_call_ms body_collection=0.000000 body_solve=0.000000 body_position=0.000000 body_refine=0.000000 body_velocity=0.000000 addon_prepare_query=0.000000 addon_coherent_solve=0.000000 addon_visible_solve=0.000000 room_sphere=0.000000 room_sweep=0.000000 room_single=0.000000
2026-09-19 21:34:27.178 collision profile window_ms=1000 frames=68 calls body_collection=0 body_solve=0 body_position=0 body_refine=0 body_velocity=0 addon_prepare_query=0 addon_coherent_solve=0 addon_visible_solve=0 room_sphere=0 room_sweep=0 room_single=0
2026-09-19 21:34:27.178 collision profile window_ms=1000 frames=68 counts body_contacts=0 body_passes=0 body_jacobians=0 body_predictions=0 addon_contacts=0 addon_passes=0 addon_gradients=0 room_nodes=0 room_triangles=0
2026-09-19 21:34:28.177 performance profile window_ms=1000 frames=66 avg_ms total=2.466 housekeeping=0.038 bindings=0.421 diagnostics=0.004 colliders=0.183 axes=0.059 penis=0.283 penis_ownership=0.000 penis_gravity=0.000 penis_collision=0.000 penis_setup=0.000 penis_orientation=0.000 penis_translation=0.000 penis_solver=0.000 testicles=0.267 testicle_active=0.266 breasts=0.359 breasts_active=0.354 butt=0.348 butt_active=0.348 addons=0.493 addon_activation=0.165 addon_drive=0.114 addon_guard=0.001 addon_parent_pivot=0.000 addon_parent_translation=0.005 addon_parent_rotation=0.002 addon_gravity=0.001 addon_rotation_binding=0.000 addon_validation=0.104 addon_solver=0.210 addon_output=0.208 addon_cache=0.010 late=0.031 late_testicles=0.001 late_breasts=0.027 late_butt=0.003 traverse=0.000 addon_collision_body=0.000 addon_collision_self=0.000 addon_collision_addons=0.000 max_ms total=23.493 colliders=0.337 addons=2.468 calls late=66 traverse=0 body_collision=0 self_collision=0 addons_collision=0
2026-09-19 21:34:28.177 performance profile engine operation=symbols avg_ms=0.000000 max_call_ms=0.000000 calls_per_frame=0.00 window_ms=1000 frames=66 nested=1
2026-09-19 21:34:28.177 performance profile engine operation=find_object avg_ms=0.959515 max_call_ms=0.075400 calls_per_frame=4152.85 window_ms=1000 frames=66 nested=1
2026-09-19 21:34:28.178 performance profile engine operation=script_find avg_ms=0.000000 max_call_ms=0.000000 calls_per_frame=0.00 window_ms=1000 frames=66 nested=1
2026-09-19 21:34:28.178 performance profile engine operation=axis_lookup avg_ms=1.222817 max_call_ms=2.157500 calls_per_frame=35.02 window_ms=1000 frames=66 nested=1
2026-09-19 21:34:28.178 performance profile engine operation=pivot_query avg_ms=0.027197 max_call_ms=0.008800 calls_per_frame=89.00 window_ms=1000 frames=66 nested=1
2026-09-19 21:34:28.178 collision profile window_ms=1000 frames=66 avg_ms body_collection=0.000000 body_solve=0.000000 body_position=0.000000 body_refine=0.000000 body_velocity=0.000000 addon_prepare_query=0.000000 addon_coherent_solve=0.000000 addon_visible_solve=0.000000 room_sphere=0.000000 room_sweep=0.000000 room_single=0.000000
2026-09-19 21:34:28.178 collision profile window_ms=1000 frames=66 max_call_ms body_collection=0.000000 body_solve=0.000000 body_position=0.000000 body_refine=0.000000 body_velocity=0.000000 addon_prepare_query=0.000000 addon_coherent_solve=0.000000 addon_visible_solve=0.000000 room_sphere=0.000000 room_sweep=0.000000 room_single=0.000000
2026-09-19 21:34:28.179 collision profile window_ms=1000 frames=66 calls body_collection=0 body_solve=0 body_position=0 body_refine=0 body_velocity=0 addon_prepare_query=0 addon_coherent_solve=0 addon_visible_solve=0 room_sphere=0 room_sweep=0 room_single=0
2026-09-19 21:34:28.179 collision profile window_ms=1000 frames=66 counts body_contacts=0 body_passes=0 body_jacobians=0 body_predictions=0 addon_contacts=0 addon_passes=0 addon_gradients=0 room_nodes=0 room_triangles=0
2026-09-19 21:34:29.177 performance profile window_ms=1000 frames=65 avg_ms total=2.536 housekeeping=0.042 bindings=0.430 diagnostics=0.004 colliders=0.191 axes=0.062 penis=0.292 penis_ownership=0.000 penis_gravity=0.000 penis_collision=0.000 penis_setup=0.000 penis_orientation=0.000 penis_translation=0.000 penis_solver=0.000 testicles=0.274 testicle_active=0.273 breasts=0.379 breasts_active=0.373 butt=0.361 butt_active=0.361 addons=0.488 addon_activation=0.165 addon_drive=0.111 addon_guard=0.001 addon_parent_pivot=0.000 addon_parent_translation=0.003 addon_parent_rotation=0.002 addon_gravity=0.001 addon_rotation_binding=0.000 addon_validation=0.103 addon_solver=0.209 addon_output=0.207 addon_cache=0.012 late=0.034 late_testicles=0.001 late_breasts=0.030 late_butt=0.003 traverse=0.000 addon_collision_body=0.000 addon_collision_self=0.000 addon_collision_addons=0.000 max_ms total=23.125 colliders=0.413 addons=2.370 calls late=65 traverse=0 body_collision=0 self_collision=0 addons_collision=0
2026-09-19 21:34:29.178 performance profile engine operation=symbols avg_ms=0.000000 max_call_ms=0.000000 calls_per_frame=0.00 window_ms=1000 frames=65 nested=1
2026-09-19 21:34:29.178 performance profile engine operation=find_object avg_ms=0.994805 max_call_ms=0.122300 calls_per_frame=4216.11 window_ms=1000 frames=65 nested=1
2026-09-19 21:34:29.178 performance profile engine operation=script_find avg_ms=0.000000 max_call_ms=0.000000 calls_per_frame=0.00 window_ms=1000 frames=65 nested=1
2026-09-19 21:34:29.179 performance profile engine operation=axis_lookup avg_ms=1.263755 max_call_ms=2.127500 calls_per_frame=35.03 window_ms=1000 frames=65 nested=1
2026-09-19 21:34:29.179 performance profile engine operation=pivot_query avg_ms=0.028014 max_call_ms=0.005800 calls_per_frame=89.00 window_ms=1000 frames=65 nested=1
2026-09-19 21:34:29.179 collision profile window_ms=1000 frames=65 avg_ms body_collection=0.000000 body_solve=0.000000 body_position=0.000000 body_refine=0.000000 body_velocity=0.000000 addon_prepare_query=0.000000 addon_coherent_solve=0.000000 addon_visible_solve=0.000000 room_sphere=0.000000 room_sweep=0.000000 room_single=0.000000
2026-09-19 21:34:29.179 collision profile window_ms=1000 frames=65 max_call_ms body_collection=0.000000 body_solve=0.000000 body_position=0.000000 body_refine=0.000000 body_velocity=0.000000 addon_prepare_query=0.000000 addon_coherent_solve=0.000000 addon_visible_solve=0.000000 room_sphere=0.000000 room_sweep=0.000000 room_single=0.000000
2026-09-19 21:34:29.179 collision profile window_ms=1000 frames=65 calls body_collection=0 body_solve=0 body_position=0 body_refine=0 body_velocity=0 addon_prepare_query=0 addon_coherent_solve=0 addon_visible_solve=0 room_sphere=0 room_sweep=0 room_single=0
2026-09-19 21:34:29.179 collision profile window_ms=1000 frames=65 counts body_contacts=0 body_passes=0 body_jacobians=0 body_predictions=0 addon_contacts=0 addon_passes=0 addon_gradients=0 room_nodes=0 room_triangles=0
2026-09-19 21:34:30.170 performance profile window_ms=1000 frames=67 avg_ms total=2.424 housekeeping=0.041 bindings=0.408 diagnostics=0.003 colliders=0.181 axes=0.058 penis=0.279 penis_ownership=0.000 penis_gravity=0.000 penis_collision=0.000 penis_setup=0.000 penis_orientation=0.000 penis_translation=0.000 penis_solver=0.000 testicles=0.268 testicle_active=0.267 breasts=0.357 breasts_active=0.353 butt=0.350 butt_active=0.350 addons=0.469 addon_activation=0.158 addon_drive=0.106 addon_guard=0.001 addon_parent_pivot=0.000 addon_parent_translation=0.002 addon_parent_rotation=0.002 addon_gravity=0.001 addon_rotation_binding=0.000 addon_validation=0.099 addon_solver=0.201 addon_output=0.199 addon_cache=0.010 late=0.031 late_testicles=0.001 late_breasts=0.027 late_butt=0.003 traverse=0.000 addon_collision_body=0.000 addon_collision_self=0.000 addon_collision_addons=0.000 max_ms total=22.746 colliders=0.481 addons=2.329 calls late=67 traverse=0 body_collision=0 self_collision=0 addons_collision=0
2026-09-19 21:34:30.170 performance profile engine operation=symbols avg_ms=0.000000 max_call_ms=0.000000 calls_per_frame=0.00 window_ms=1000 frames=67 nested=1
2026-09-19 21:34:30.170 performance profile engine operation=find_object avg_ms=0.954424 max_call_ms=0.104400 calls_per_frame=4091.39 window_ms=1000 frames=67 nested=1
2026-09-19 21:34:30.171 performance profile engine operation=script_find avg_ms=0.000000 max_call_ms=0.000000 calls_per_frame=0.00 window_ms=1000 frames=67 nested=1
2026-09-19 21:34:30.171 performance profile engine operation=axis_lookup avg_ms=1.216936 max_call_ms=2.185300 calls_per_frame=34.91 window_ms=1000 frames=67 nested=1
2026-09-19 21:34:30.171 performance profile engine operation=pivot_query avg_ms=0.025469 max_call_ms=0.006600 calls_per_frame=89.00 window_ms=1000 frames=67 nested=1
2026-09-19 21:34:30.172 collision profile window_ms=1000 frames=67 avg_ms body_collection=0.000000 body_solve=0.000000 body_position=0.000000 body_refine=0.000000 body_velocity=0.000000 addon_prepare_query=0.000000 addon_coherent_solve=0.000000 addon_visible_solve=0.000000 room_sphere=0.000000 room_sweep=0.000000 room_single=0.000000
2026-09-19 21:34:30.172 collision profile window_ms=1000 frames=67 max_call_ms body_collection=0.000000 body_solve=0.000000 body_position=0.000000 body_refine=0.000000 body_velocity=0.000000 addon_prepare_query=0.000000 addon_coherent_solve=0.000000 addon_visible_solve=0.000000 room_sphere=0.000000 room_sweep=0.000000 room_single=0.000000
2026-09-19 21:34:30.172 collision profile window_ms=1000 frames=67 calls body_collection=0 body_solve=0 body_position=0 body_refine=0 body_velocity=0 addon_prepare_query=0 addon_coherent_solve=0 addon_visible_solve=0 room_sphere=0 room_sweep=0 room_single=0
2026-09-19 21:34:30.172 collision profile window_ms=1000 frames=67 counts body_contacts=0 body_passes=0 body_jacobians=0 body_predictions=0 addon_contacts=0 addon_passes=0 addon_gradients=0 room_nodes=0 room_triangles=0
2026-09-19 21:34:30.344 performance profile body-update person=Person02 system=breasts update_rate_hz=-1 published_hz=67.0 sample_ms=5000
2026-09-19 21:34:30.345 performance profile body-update person=Person02 system=butt update_rate_hz=-1 published_hz=67.0 sample_ms=5000
2026-09-19 21:34:31.174 performance profile window_ms=1000 frames=67 avg_ms total=2.478 housekeeping=0.037 bindings=0.419 diagnostics=0.003 colliders=0.180 axes=0.060 penis=0.274 penis_ownership=0.000 penis_gravity=0.000 penis_collision=0.000 penis_setup=0.000 penis_orientation=0.000 penis_translation=0.000 penis_solver=0.000 testicles=0.268 testicle_active=0.267 breasts=0.375 breasts_active=0.368 butt=0.359 butt_active=0.358 addons=0.491 addon_activation=0.167 addon_drive=0.101 addon_guard=0.001 addon_parent_pivot=0.000 addon_parent_translation=0.002 addon_parent_rotation=0.002 addon_gravity=0.001 addon_rotation_binding=0.000 addon_validation=0.093 addon_solver=0.220 addon_output=0.218 addon_cache=0.011 late=0.032 late_testicles=0.001 late_breasts=0.028 late_butt=0.003 traverse=0.000 addon_collision_body=0.000 addon_collision_self=0.000 addon_collision_addons=0.000 max_ms total=23.507 colliders=0.324 addons=2.396 calls late=67 traverse=0 body_collision=0 self_collision=0 addons_collision=0
2026-09-19 21:34:31.175 performance profile engine operation=symbols avg_ms=0.000000 max_call_ms=0.000000 calls_per_frame=0.00 window_ms=1000 frames=67 nested=1
2026-09-19 21:34:31.175 performance profile engine operation=find_object avg_ms=0.964397 max_call_ms=0.099100 calls_per_frame=4091.48 window_ms=1000 frames=67 nested=1
2026-09-19 21:34:31.175 performance profile engine operation=script_find avg_ms=0.000000 max_call_ms=0.000000 calls_per_frame=0.00 window_ms=1000 frames=67 nested=1
2026-09-19 21:34:31.175 performance profile engine operation=axis_lookup avg_ms=1.219554 max_call_ms=2.044300 calls_per_frame=35.00 window_ms=1000 frames=67 nested=1
2026-09-19 21:34:31.175 performance profile engine operation=pivot_query avg_ms=0.026170 max_call_ms=0.017500 calls_per_frame=89.00 window_ms=1000 frames=67 nested=1
2026-09-19 21:34:31.176 collision profile window_ms=1000 frames=67 avg_ms body_collection=0.000000 body_solve=0.000000 body_position=0.000000 body_refine=0.000000 body_velocity=0.000000 addon_prepare_query=0.000000 addon_coherent_solve=0.000000 addon_visible_solve=0.000000 room_sphere=0.000000 room_sweep=0.000000 room_single=0.000000
2026-09-19 21:34:31.176 collision profile window_ms=1000 frames=67 max_call_ms body_collection=0.000000 body_solve=0.000000 body_position=0.000000 body_refine=0.000000 body_velocity=0.000000 addon_prepare_query=0.000000 addon_coherent_solve=0.000000 addon_visible_solve=0.000000 room_sphere=0.000000 room_sweep=0.000000 room_single=0.000000
2026-09-19 21:34:31.176 collision profile window_ms=1000 frames=67 calls body_collection=0 body_solve=0 body_position=0 body_refine=0 body_velocity=0 addon_prepare_query=0 addon_coherent_solve=0 addon_visible_solve=0 room_sphere=0 room_sweep=0 room_single=0
2026-09-19 21:34:31.176 collision profile window_ms=1000 frames=67 counts body_contacts=0 body_passes=0 body_jacobians=0 body_predictions=0 addon_contacts=0 addon_passes=0 addon_gradients=0 room_nodes=0 room_triangles=0
2026-09-19 21:34:32.176 performance profile window_ms=1000 frames=67 avg_ms total=2.498 housekeeping=0.040 bindings=0.418 diagnostics=0.004 colliders=0.189 axes=0.115 penis=0.278 penis_ownership=0.000 penis_gravity=0.000 penis_collision=0.000 penis_setup=0.000 penis_orientation=0.000 penis_translation=0.000 penis_solver=0.000 testicles=0.266 testicle_active=0.265 breasts=0.356 breasts_active=0.351 butt=0.346 butt_active=0.346 addons=0.475 addon_activation=0.163 addon_drive=0.104 addon_guard=0.001 addon_parent_pivot=0.000 addon_parent_translation=0.002 addon_parent_rotation=0.002 addon_gravity=0.001 addon_rotation_binding=0.000 addon_validation=0.097 addon_solver=0.204 addon_output=0.202 addon_cache=0.011 late=0.033 late_testicles=0.001 late_breasts=0.028 late_butt=0.003 traverse=0.000 addon_collision_body=0.000 addon_collision_self=0.000 addon_collision_addons=0.000 max_ms total=23.329 colliders=0.386 addons=2.787 calls late=67 traverse=0 body_collision=0 self_collision=0 addons_collision=0
2026-09-19 21:34:32.176 performance profile engine operation=symbols avg_ms=0.000000 max_call_ms=0.000000 calls_per_frame=0.00 window_ms=1000 frames=67 nested=1
2026-09-19 21:34:32.176 performance profile engine operation=find_object avg_ms=0.998187 max_call_ms=0.152700 calls_per_frame=4293.93 window_ms=1000 frames=67 nested=1
2026-09-19 21:34:32.177 performance profile engine operation=script_find avg_ms=0.000000 max_call_ms=0.000000 calls_per_frame=0.00 window_ms=1000 frames=67 nested=1
2026-09-19 21:34:32.177 performance profile engine operation=axis_lookup avg_ms=1.268721 max_call_ms=2.382400 calls_per_frame=35.00 window_ms=1000 frames=67 nested=1
2026-09-19 21:34:32.177 performance profile engine operation=pivot_query avg_ms=0.028007 max_call_ms=0.007300 calls_per_frame=89.00 window_ms=1000 frames=67 nested=1
2026-09-19 21:34:32.177 collision profile window_ms=1000 frames=67 avg_ms body_collection=0.000000 body_solve=0.000000 body_position=0.000000 body_refine=0.000000 body_velocity=0.000000 addon_prepare_query=0.000000 addon_coherent_solve=0.000000 addon_visible_solve=0.000000 room_sphere=0.000000 room_sweep=0.000000 room_single=0.000000
2026-09-19 21:34:32.177 collision profile window_ms=1000 frames=67 max_call_ms body_collection=0.000000 body_solve=0.000000 body_position=0.000000 body_refine=0.000000 body_velocity=0.000000 addon_prepare_query=0.000000 addon_coherent_solve=0.000000 addon_visible_solve=0.000000 room_sphere=0.000000 room_sweep=0.000000 room_single=0.000000
2026-09-19 21:34:32.177 collision profile window_ms=1000 frames=67 calls body_collection=0 body_solve=0 body_position=0 body_refine=0 body_velocity=0 addon_prepare_query=0 addon_coherent_solve=0 addon_visible_solve=0 room_sphere=0 room_sweep=0 room_single=0
2026-09-19 21:34:32.178 collision profile window_ms=1000 frames=67 counts body_contacts=0 body_passes=0 body_jacobians=0 body_predictions=0 addon_contacts=0 addon_passes=0 addon_gradients=0 room_nodes=0 room_triangles=0
2026-09-19 21:34:33.180 performance profile window_ms=1000 frames=69 avg_ms total=2.363 housekeeping=0.039 bindings=0.406 diagnostics=0.003 colliders=0.186 axes=0.002 penis=0.270 penis_ownership=0.000 penis_gravity=0.000 penis_collision=0.000 penis_setup=0.000 penis_orientation=0.000 penis_translation=0.000 penis_solver=0.000 testicles=0.260 testicle_active=0.259 breasts=0.361 breasts_active=0.356 butt=0.342 butt_active=0.342 addons=0.482 addon_activation=0.157 addon_drive=0.103 addon_guard=0.001 addon_parent_pivot=0.000 addon_parent_translation=0.002 addon_parent_rotation=0.002 addon_gravity=0.001 addon_rotation_binding=0.000 addon_validation=0.095 addon_solver=0.219 addon_output=0.217 addon_cache=0.010 late=0.032 late_testicles=0.001 late_breasts=0.028 late_butt=0.003 traverse=0.000 addon_collision_body=0.000 addon_collision_self=0.000 addon_collision_addons=0.000 max_ms total=23.607 colliders=0.302 addons=3.013 calls late=69 traverse=0 body_collision=0 self_collision=0 addons_collision=0
2026-09-19 21:34:33.180 performance profile engine operation=symbols avg_ms=0.000000 max_call_ms=0.000000 calls_per_frame=0.00 window_ms=1000 frames=69 nested=1
2026-09-19 21:34:33.180 performance profile engine operation=find_object avg_ms=0.893339 max_call_ms=0.080400 calls_per_frame=3777.41 window_ms=1000 frames=69 nested=1
2026-09-19 21:34:33.181 performance profile engine operation=script_find avg_ms=0.000000 max_call_ms=0.000000 calls_per_frame=0.00 window_ms=1000 frames=69 nested=1
2026-09-19 21:34:33.181 performance profile engine operation=axis_lookup avg_ms=1.129623 max_call_ms=2.175900 calls_per_frame=34.88 window_ms=1000 frames=69 nested=1
2026-09-19 21:34:33.181 performance profile engine operation=pivot_query avg_ms=0.027522 max_call_ms=0.006200 calls_per_frame=89.00 window_ms=1000 frames=69 nested=1
2026-09-19 21:34:33.181 collision profile window_ms=1000 frames=69 avg_ms body_collection=0.000000 body_solve=0.000000 body_position=0.000000 body_refine=0.000000 body_velocity=0.000000 addon_prepare_query=0.000000 addon_coherent_solve=0.000000 addon_visible_solve=0.000000 room_sphere=0.000000 room_sweep=0.000000 room_single=0.000000
2026-09-19 21:34:33.181 collision profile window_ms=1000 frames=69 max_call_ms body_collection=0.000000 body_solve=0.000000 body_position=0.000000 body_refine=0.000000 body_velocity=0.000000 addon_prepare_query=0.000000 addon_coherent_solve=0.000000 addon_visible_solve=0.000000 room_sphere=0.000000 room_sweep=0.000000 room_single=0.000000
2026-09-19 21:34:33.182 collision profile window_ms=1000 frames=69 calls body_collection=0 body_solve=0 body_position=0 body_refine=0 body_velocity=0 addon_prepare_query=0 addon_coherent_solve=0 addon_visible_solve=0 room_sphere=0 room_sweep=0 room_single=0
2026-09-19 21:34:33.182 collision profile window_ms=1000 frames=69 counts body_contacts=0 body_passes=0 body_jacobians=0 body_predictions=0 addon_contacts=0 addon_passes=0 addon_gradients=0 room_nodes=0 room_triangles=0
2026-09-19 21:34:34.181 performance profile window_ms=1000 frames=68 avg_ms total=2.429 housekeeping=0.033 bindings=0.401 diagnostics=0.003 colliders=0.174 axes=0.113 penis=0.274 penis_ownership=0.000 penis_gravity=0.000 penis_collision=0.000 penis_setup=0.000 penis_orientation=0.000 penis_translation=0.000 penis_solver=0.000 testicles=0.267 testicle_active=0.266 breasts=0.350 breasts_active=0.346 butt=0.336 butt_active=0.335 addons=0.466 addon_activation=0.157 addon_drive=0.106 addon_guard=0.001 addon_parent_pivot=0.000 addon_parent_translation=0.002 addon_parent_rotation=0.002 addon_gravity=0.001 addon_rotation_binding=0.000 addon_validation=0.099 addon_solver=0.199 addon_output=0.197 addon_cache=0.010 late=0.031 late_testicles=0.001 late_breasts=0.027 late_butt=0.003 traverse=0.000 addon_collision_body=0.000 addon_collision_self=0.000 addon_collision_addons=0.000 max_ms total=23.160 colliders=0.367 addons=2.865 calls late=68 traverse=0 body_collision=0 self_collision=0 addons_collision=0
2026-09-19 21:34:34.181 performance profile engine operation=symbols avg_ms=0.000000 max_call_ms=0.000000 calls_per_frame=0.00 window_ms=1000 frames=68 nested=1
2026-09-19 21:34:34.182 performance profile engine operation=find_object avg_ms=0.979863 max_call_ms=0.085700 calls_per_frame=4231.35 window_ms=1000 frames=68 nested=1
2026-09-19 21:34:34.182 performance profile engine operation=script_find avg_ms=0.000000 max_call_ms=0.000000 calls_per_frame=0.00 window_ms=1000 frames=68 nested=1
2026-09-19 21:34:34.182 performance profile engine operation=axis_lookup avg_ms=1.251388 max_call_ms=2.349200 calls_per_frame=34.96 window_ms=1000 frames=68 nested=1
2026-09-19 21:34:34.182 performance profile engine operation=pivot_query avg_ms=0.024541 max_call_ms=0.007600 calls_per_frame=89.00 window_ms=1000 frames=68 nested=1
2026-09-19 21:34:34.182 collision profile window_ms=1000 frames=68 avg_ms body_collection=0.000000 body_solve=0.000000 body_position=0.000000 body_refine=0.000000 body_velocity=0.000000 addon_prepare_query=0.000000 addon_coherent_solve=0.000000 addon_visible_solve=0.000000 room_sphere=0.000000 room_sweep=0.000000 room_single=0.000000
2026-09-19 21:34:34.182 collision profile window_ms=1000 frames=68 max_call_ms body_collection=0.000000 body_solve=0.000000 body_position=0.000000 body_refine=0.000000 body_velocity=0.000000 addon_prepare_query=0.000000 addon_coherent_solve=0.000000 addon_visible_solve=0.000000 room_sphere=0.000000 room_sweep=0.000000 room_single=0.000000
2026-09-19 21:34:34.183 collision profile window_ms=1000 frames=68 calls body_collection=0 body_solve=0 body_position=0 body_refine=0 body_velocity=0 addon_prepare_query=0 addon_coherent_solve=0 addon_visible_solve=0 room_sphere=0 room_sweep=0 room_single=0
2026-09-19 21:34:34.183 collision profile window_ms=1000 frames=68 counts body_contacts=0 body_passes=0 body_jacobians=0 body_predictions=0 addon_contacts=0 addon_passes=0 addon_gradients=0 room_nodes=0 room_triangles=0
2026-09-19 21:34:35.180 performance profile window_ms=1000 frames=62 avg_ms total=2.606 housekeeping=0.163 bindings=0.440 diagnostics=0.003 colliders=0.176 axes=0.001 penis=0.297 penis_ownership=0.000 penis_gravity=0.000 penis_collision=0.000 penis_setup=0.000 penis_orientation=0.000 penis_translation=0.000 penis_solver=0.000 testicles=0.288 testicle_active=0.287 breasts=0.377 breasts_active=0.373 butt=0.367 butt_active=0.367 addons=0.483 addon_activation=0.165 addon_drive=0.102 addon_guard=0.001 addon_parent_pivot=0.000 addon_parent_translation=0.002 addon_parent_rotation=0.002 addon_gravity=0.001 addon_rotation_binding=0.000 addon_validation=0.094 addon_solver=0.213 addon_output=0.211 addon_cache=0.011 late=0.030 late_testicles=0.001 late_breasts=0.026 late_butt=0.003 traverse=0.000 addon_collision_body=0.000 addon_collision_self=0.000 addon_collision_addons=0.000 max_ms total=23.291 colliders=0.322 addons=2.851 calls late=62 traverse=0 body_collision=0 self_collision=0 addons_collision=0
2026-09-19 21:34:35.180 performance profile engine operation=symbols avg_ms=0.000000 max_call_ms=0.000000 calls_per_frame=0.00 window_ms=1000 frames=62 nested=1
2026-09-19 21:34:35.181 performance profile engine operation=find_object avg_ms=0.976118 max_call_ms=0.137300 calls_per_frame=4199.42 window_ms=1000 frames=62 nested=1
2026-09-19 21:34:35.181 performance profile engine operation=script_find avg_ms=0.000000 max_call_ms=0.000000 calls_per_frame=0.00 window_ms=1000 frames=62 nested=1
2026-09-19 21:34:35.182 performance profile engine operation=axis_lookup avg_ms=1.240352 max_call_ms=2.103200 calls_per_frame=35.05 window_ms=1000 frames=62 nested=1
2026-09-19 21:34:35.182 performance profile engine operation=pivot_query avg_ms=0.025771 max_call_ms=0.011600 calls_per_frame=89.00 window_ms=1000 frames=62 nested=1
2026-09-19 21:34:35.183 collision profile window_ms=1000 frames=62 avg_ms body_collection=0.000000 body_solve=0.000000 body_position=0.000000 body_refine=0.000000 body_velocity=0.000000 addon_prepare_query=0.000000 addon_coherent_solve=0.000000 addon_visible_solve=0.000000 room_sphere=0.000000 room_sweep=0.000000 room_single=0.000000
2026-09-19 21:34:35.183 collision profile window_ms=1000 frames=62 max_call_ms body_collection=0.000000 body_solve=0.000000 body_position=0.000000 body_refine=0.000000 body_velocity=0.000000 addon_prepare_query=0.000000 addon_coherent_solve=0.000000 addon_visible_solve=0.000000 room_sphere=0.000000 room_sweep=0.000000 room_single=0.000000
2026-09-19 21:34:35.183 collision profile window_ms=1000 frames=62 calls body_collection=0 body_solve=0 body_position=0 body_refine=0 body_velocity=0 addon_prepare_query=0 addon_coherent_solve=0 addon_visible_solve=0 room_sphere=0 room_sweep=0 room_single=0
2026-09-19 21:34:35.183 collision profile window_ms=1000 frames=62 counts body_contacts=0 body_passes=0 body_jacobians=0 body_predictions=0 addon_contacts=0 addon_passes=0 addon_gradients=0 room_nodes=0 room_triangles=0
2026-09-19 21:34:35.335 performance profile body-update person=Person02 system=breasts update_rate_hz=-1 published_hz=66.4 sample_ms=5000
2026-09-19 21:34:35.335 performance profile body-update person=Person02 system=butt update_rate_hz=-1 published_hz=66.4 sample_ms=5000
2026-09-19 21:34:36.172 performance profile window_ms=1000 frames=61 avg_ms total=2.812 housekeeping=0.188 bindings=0.446 diagnostics=0.003 colliders=0.179 axes=0.126 penis=0.300 penis_ownership=0.000 penis_gravity=0.000 penis_collision=0.000 penis_setup=0.000 penis_orientation=0.000 penis_translation=0.000 penis_solver=0.000 testicles=0.295 testicle_active=0.294 breasts=0.394 breasts_active=0.389 butt=0.372 butt_active=0.372 addons=0.496 addon_activation=0.168 addon_drive=0.115 addon_guard=0.001 addon_parent_pivot=0.000 addon_parent_translation=0.002 addon_parent_rotation=0.002 addon_gravity=0.001 addon_rotation_binding=0.000 addon_validation=0.107 addon_solver=0.210 addon_output=0.208 addon_cache=0.010 late=0.032 late_testicles=0.001 late_breasts=0.028 late_butt=0.003 traverse=0.000 addon_collision_body=0.000 addon_collision_self=0.000 addon_collision_addons=0.000 max_ms total=23.315 colliders=0.328 addons=2.841 calls late=61 traverse=0 body_collision=0 self_collision=0 addons_collision=0
2026-09-19 21:34:36.172 performance profile engine operation=symbols avg_ms=0.000000 max_call_ms=0.000000 calls_per_frame=0.00 window_ms=1000 frames=61 nested=1
2026-09-19 21:34:36.173 performance profile engine operation=find_object avg_ms=1.085444 max_call_ms=0.096700 calls_per_frame=4712.46 window_ms=1000 frames=61 nested=1
2026-09-19 21:34:36.173 performance profile engine operation=script_find avg_ms=0.000000 max_call_ms=0.000000 calls_per_frame=0.00 window_ms=1000 frames=61 nested=1
2026-09-19 21:34:36.173 performance profile engine operation=axis_lookup avg_ms=1.383831 max_call_ms=2.336400 calls_per_frame=35.20 window_ms=1000 frames=61 nested=1
2026-09-19 21:34:36.173 performance profile engine operation=pivot_query avg_ms=0.025489 max_call_ms=0.066900 calls_per_frame=89.00 window_ms=1000 frames=61 nested=1
2026-09-19 21:34:36.173 collision profile window_ms=1000 frames=61 avg_ms body_collection=0.000000 body_solve=0.000000 body_position=0.000000 body_refine=0.000000 body_velocity=0.000000 addon_prepare_query=0.000000 addon_coherent_solve=0.000000 addon_visible_solve=0.000000 room_sphere=0.000000 room_sweep=0.000000 room_single=0.000000
2026-09-19 21:34:36.173 collision profile window_ms=1000 frames=61 max_call_ms body_collection=0.000000 body_solve=0.000000 body_position=0.000000 body_refine=0.000000 body_velocity=0.000000 addon_prepare_query=0.000000 addon_coherent_solve=0.000000 addon_visible_solve=0.000000 room_sphere=0.000000 room_sweep=0.000000 room_single=0.000000
2026-09-19 21:34:36.173 collision profile window_ms=1000 frames=61 calls body_collection=0 body_solve=0 body_position=0 body_refine=0 body_velocity=0 addon_prepare_query=0 addon_coherent_solve=0 addon_visible_solve=0 room_sphere=0 room_sweep=0 room_single=0
2026-09-19 21:34:36.173 collision profile window_ms=1000 frames=61 counts body_contacts=0 body_passes=0 body_jacobians=0 body_predictions=0 addon_contacts=0 addon_passes=0 addon_gradients=0 room_nodes=0 room_triangles=0
2026-09-19 21:34:37.672 genital physics state person=Person02 physics_paused=0 reason=visible-unknown-or-option-disabled
2026-09-19 21:34:37.689 performance profile window_ms=1469 frames=46 avg_ms total=3.935 housekeeping=0.796 bindings=0.656 diagnostics=0.004 colliders=0.187 axes=0.165 penis=0.356 penis_ownership=0.001 penis_gravity=0.000 penis_collision=0.000 penis_setup=0.000 penis_orientation=0.000 penis_translation=0.000 penis_solver=0.000 testicles=0.344 testicle_active=0.343 breasts=0.434 breasts_active=0.429 butt=0.423 butt_active=0.423 addons=0.559 addon_activation=0.198 addon_drive=0.124 addon_guard=0.001 addon_parent_pivot=0.000 addon_parent_translation=0.003 addon_parent_rotation=0.003 addon_gravity=0.002 addon_rotation_binding=0.000 addon_validation=0.115 addon_solver=0.234 addon_output=0.231 addon_cache=0.010 late=0.032 late_testicles=0.001 late_breasts=0.028 late_butt=0.004 traverse=0.000 addon_collision_body=0.000 addon_collision_self=0.000 addon_collision_addons=0.000 max_ms total=70.618 colliders=0.434 addons=2.557 calls late=46 traverse=0 body_collision=0 self_collision=0 addons_collision=0
2026-09-19 21:34:37.690 performance profile engine operation=symbols avg_ms=0.000000 max_call_ms=0.000000 calls_per_frame=0.00 window_ms=1469 frames=46 nested=1
2026-09-19 21:34:37.690 performance profile engine operation=find_object avg_ms=1.350057 max_call_ms=0.084700 calls_per_frame=5941.54 window_ms=1469 frames=46 nested=1
2026-09-19 21:34:37.690 performance profile engine operation=script_find avg_ms=0.000000 max_call_ms=0.000000 calls_per_frame=0.00 window_ms=1469 frames=46 nested=1
2026-09-19 21:34:37.690 performance profile engine operation=axis_lookup avg_ms=1.725017 max_call_ms=2.096900 calls_per_frame=36.11 window_ms=1469 frames=46 nested=1
2026-09-19 21:34:37.690 performance profile engine operation=pivot_query avg_ms=0.026050 max_call_ms=0.003300 calls_per_frame=89.04 window_ms=1469 frames=46 nested=1
2026-09-19 21:34:37.690 collision profile window_ms=1469 frames=46 avg_ms body_collection=0.000000 body_solve=0.000000 body_position=0.000000 body_refine=0.000000 body_velocity=0.000000 addon_prepare_query=0.000000 addon_coherent_solve=0.000000 addon_visible_solve=0.000000 room_sphere=0.000000 room_sweep=0.000000 room_single=0.000000
2026-09-19 21:34:37.691 collision profile window_ms=1469 frames=46 max_call_ms body_collection=0.000000 body_solve=0.000000 body_position=0.000000 body_refine=0.000000 body_velocity=0.000000 addon_prepare_query=0.000000 addon_coherent_solve=0.000000 addon_visible_solve=0.000000 room_sphere=0.000000 room_sweep=0.000000 room_single=0.000000
2026-09-19 21:34:37.691 collision profile window_ms=1469 frames=46 calls body_collection=0 body_solve=0 body_position=0 body_refine=0 body_velocity=0 addon_prepare_query=0 addon_coherent_solve=0 addon_visible_solve=0 room_sphere=0 room_sweep=0 room_single=0
2026-09-19 21:34:37.691 collision profile window_ms=1469 frames=46 counts body_contacts=0 body_passes=0 body_jacobians=0 body_predictions=0 addon_contacts=0 addon_passes=0 addon_gradients=0 room_nodes=0 room_triangles=0
2026-09-19 21:34:38.653 performance profile window_ms=1000 frames=59 avg_ms total=2.786 housekeeping=0.039 bindings=0.378 diagnostics=0.004 colliders=0.232 axes=0.001 penis=0.417 penis_ownership=0.063 penis_gravity=0.006 penis_collision=0.000 penis_setup=0.055 penis_orientation=0.001 penis_translation=0.003 penis_solver=0.030 testicles=0.464 testicle_active=0.463 breasts=0.348 breasts_active=0.343 butt=0.394 butt_active=0.394 addons=0.498 addon_activation=0.143 addon_drive=0.120 addon_guard=0.001 addon_parent_pivot=0.000 addon_parent_translation=0.002 addon_parent_rotation=0.002 addon_gravity=0.001 addon_rotation_binding=0.000 addon_validation=0.112 addon_solver=0.232 addon_output=0.230 addon_cache=0.010 late=0.047 late_testicles=0.018 late_breasts=0.025 late_butt=0.004 traverse=0.000 addon_collision_body=0.000 addon_collision_self=0.000 addon_collision_addons=0.000 max_ms total=25.110 colliders=0.423 addons=2.183 calls late=59 traverse=0 body_collision=0 self_collision=0 addons_collision=0
2026-09-19 21:34:38.654 performance profile engine operation=symbols avg_ms=0.000000 max_call_ms=0.000000 calls_per_frame=0.00 window_ms=1000 frames=59 nested=1
2026-09-19 21:34:38.654 performance profile engine operation=find_object avg_ms=1.000844 max_call_ms=0.085700 calls_per_frame=4305.86 window_ms=1000 frames=59 nested=1
2026-09-19 21:34:38.654 performance profile engine operation=script_find avg_ms=0.000000 max_call_ms=0.000000 calls_per_frame=0.00 window_ms=1000 frames=59 nested=1
2026-09-19 21:34:38.654 performance profile engine operation=axis_lookup avg_ms=1.287851 max_call_ms=2.343400 calls_per_frame=43.25 window_ms=1000 frames=59 nested=1
2026-09-19 21:34:38.655 performance profile engine operation=pivot_query avg_ms=0.027695 max_call_ms=0.014300 calls_per_frame=92.97 window_ms=1000 frames=59 nested=1
2026-09-19 21:34:38.655 collision profile window_ms=1000 frames=59 avg_ms body_collection=0.010612 body_solve=0.056241 body_position=0.039425 body_refine=0.013444 body_velocity=0.002608 addon_prepare_query=0.000000 addon_coherent_solve=0.000000 addon_visible_solve=0.000000 room_sphere=0.000000 room_sweep=0.000000 room_single=0.000000
2026-09-19 21:34:38.655 collision profile window_ms=1000 frames=59 max_call_ms body_collection=0.025700 body_solve=0.477000 body_position=0.360600 body_refine=0.103000 body_velocity=0.013100 addon_prepare_query=0.000000 addon_coherent_solve=0.000000 addon_visible_solve=0.000000 room_sphere=0.000000 room_sweep=0.000000 room_single=0.000000
2026-09-19 21:34:38.655 collision profile window_ms=1000 frames=59 calls body_collection=76 body_solve=76 body_position=76 body_refine=76 body_velocity=76 addon_prepare_query=0 addon_coherent_solve=0 addon_visible_solve=0 room_sphere=0 room_sweep=0 room_single=0
2026-09-19 21:34:38.655 collision profile window_ms=1000 frames=59 counts body_contacts=51 body_passes=323 body_jacobians=903 body_predictions=6215 addon_contacts=0 addon_passes=0 addon_gradients=0 room_nodes=0 room_triangles=0
2026-09-19 21:34:39.648 performance profile window_ms=1000 frames=67 avg_ms total=2.502 housekeeping=0.031 bindings=0.337 diagnostics=0.003 colliders=0.215 axes=0.117 penis=0.341 penis_ownership=0.008 penis_gravity=0.006 penis_collision=0.021 penis_setup=0.012 penis_orientation=0.001 penis_translation=0.003 penis_solver=0.029 testicles=0.359 testicle_active=0.358 breasts=0.310 breasts_active=0.305 butt=0.346 butt_active=0.346 addons=0.431 addon_activation=0.133 addon_drive=0.094 addon_guard=0.001 addon_parent_pivot=0.000 addon_parent_translation=0.002 addon_parent_rotation=0.002 addon_gravity=0.001 addon_rotation_binding=0.000 addon_validation=0.087 addon_solver=0.202 addon_output=0.200 addon_cache=0.011 late=0.045 late_testicles=0.015 late_breasts=0.027 late_butt=0.003 traverse=0.000 addon_collision_body=0.000 addon_collision_self=0.000 addon_collision_addons=0.000 max_ms total=25.483 colliders=0.318 addons=2.324 calls late=67 traverse=0 body_collision=0 self_collision=0 addons_collision=0
2026-09-19 21:34:39.649 performance profile engine operation=symbols avg_ms=0.000000 max_call_ms=0.000000 calls_per_frame=0.00 window_ms=1000 frames=67 nested=1
2026-09-19 21:34:39.649 performance profile engine operation=find_object avg_ms=0.964324 max_call_ms=0.093700 calls_per_frame=4199.81 window_ms=1000 frames=67 nested=1
2026-09-19 21:34:39.649 performance profile engine operation=script_find avg_ms=0.000000 max_call_ms=0.000000 calls_per_frame=0.00 window_ms=1000 frames=67 nested=1
2026-09-19 21:34:39.649 performance profile engine operation=axis_lookup avg_ms=1.237927 max_call_ms=1.990500 calls_per_frame=43.04 window_ms=1000 frames=67 nested=1
2026-09-19 21:34:39.650 performance profile engine operation=pivot_query avg_ms=0.024267 max_call_ms=0.002900 calls_per_frame=93.00 window_ms=1000 frames=67 nested=1
2026-09-19 21:34:39.650 collision profile window_ms=1000 frames=67 avg_ms body_collection=0.019470 body_solve=0.011618 body_position=0.006957 body_refine=0.001424 body_velocity=0.002210 addon_prepare_query=0.000000 addon_coherent_solve=0.000000 addon_visible_solve=0.000000 room_sphere=0.000000 room_sweep=0.000000 room_single=0.000000
2026-09-19 21:34:39.650 collision profile window_ms=1000 frames=67 max_call_ms body_collection=0.036400 body_solve=0.069600 body_position=0.062200 body_refine=0.001600 body_velocity=0.008200 addon_prepare_query=0.000000 addon_coherent_solve=0.000000 addon_visible_solve=0.000000 room_sphere=0.000000 room_sweep=0.000000 room_single=0.000000
2026-09-19 21:34:39.650 collision profile window_ms=1000 frames=67 calls body_collection=134 body_solve=134 body_position=134 body_refine=134 body_velocity=134 addon_prepare_query=0 addon_coherent_solve=0 addon_visible_solve=0 room_sphere=0 room_sweep=0 room_single=0
2026-09-19 21:34:39.650 collision profile window_ms=1000 frames=67 counts body_contacts=28 body_passes=183 body_jacobians=110 body_predictions=1312 addon_contacts=0 addon_passes=0 addon_gradients=0 room_nodes=0 room_triangles=0
2026-09-19 21:34:40.346 performance profile body-update person=Person02 system=breasts update_rate_hz=-1 published_hz=53.6 sample_ms=5000
2026-09-19 21:34:40.346 performance profile body-update person=Person02 system=butt update_rate_hz=-1 published_hz=53.6 sample_ms=5000
2026-09-19 21:34:40.639 performance profile window_ms=1000 frames=59 avg_ms total=2.832 housekeeping=0.156 bindings=0.387 diagnostics=0.003 colliders=0.238 axes=0.002 penis=0.401 penis_ownership=0.008 penis_gravity=0.006 penis_collision=0.041 penis_setup=0.012 penis_orientation=0.001 penis_translation=0.004 penis_solver=0.030 testicles=0.405 testicle_active=0.404 breasts=0.350 breasts_active=0.345 butt=0.386 butt_active=0.386 addons=0.491 addon_activation=0.109 addon_drive=0.134 addon_guard=0.001 addon_parent_pivot=0.000 addon_parent_translation=0.002 addon_parent_rotation=0.002 addon_gravity=0.001 addon_rotation_binding=0.000 addon_validation=0.126 addon_solver=0.245 addon_output=0.243 addon_cache=0.011 late=0.046 late_testicles=0.019 late_breasts=0.024 late_butt=0.003 traverse=0.000 addon_collision_body=0.000 addon_collision_self=0.000 addon_collision_addons=0.000 max_ms total=23.651 colliders=0.419 addons=1.700 calls late=59 traverse=0 body_collision=0 self_collision=0 addons_collision=0
2026-09-19 21:34:40.641 performance profile engine operation=symbols avg_ms=0.000000 max_call_ms=0.000000 calls_per_frame=0.00 window_ms=1000 frames=59 nested=1
2026-09-19 21:34:40.641 performance profile engine operation=find_object avg_ms=0.964466 max_call_ms=0.082200 calls_per_frame=4188.02 window_ms=1000 frames=59 nested=1
2026-09-19 21:34:40.641 performance profile engine operation=script_find avg_ms=0.000000 max_call_ms=0.000000 calls_per_frame=0.00 window_ms=1000 frames=59 nested=1
2026-09-19 21:34:40.641 performance profile engine operation=axis_lookup avg_ms=1.234492 max_call_ms=2.038900 calls_per_frame=43.10 window_ms=1000 frames=59 nested=1
2026-09-19 21:34:40.641 performance profile engine operation=pivot_query avg_ms=0.027485 max_call_ms=0.004000 calls_per_frame=93.00 window_ms=1000 frames=59 nested=1
2026-09-19 21:34:40.641 collision profile window_ms=1000 frames=59 avg_ms body_collection=0.027736 body_solve=0.021602 body_position=0.014081 body_refine=0.001951 body_velocity=0.004356 addon_prepare_query=0.000000 addon_coherent_solve=0.000000 addon_visible_solve=0.000000 room_sphere=0.000000 room_sweep=0.000000 room_single=0.000000
2026-09-19 21:34:40.642 collision profile window_ms=1000 frames=59 max_call_ms body_collection=0.030900 body_solve=0.051500 body_position=0.044000 body_refine=0.001600 body_velocity=0.006700 addon_prepare_query=0.000000 addon_coherent_solve=0.000000 addon_visible_solve=0.000000 room_sphere=0.000000 room_sweep=0.000000 room_single=0.000000
2026-09-19 21:34:40.642 collision profile window_ms=1000 frames=59 calls body_collection=160 body_solve=160 body_position=160 body_refine=160 body_velocity=160 addon_prepare_query=0 addon_coherent_solve=0 addon_visible_solve=0 room_sphere=0 room_sweep=0 room_single=0
2026-09-19 21:34:40.642 collision profile window_ms=1000 frames=59 counts body_contacts=43 body_passes=236 body_jacobians=162 body_predictions=1895 addon_contacts=0 addon_passes=0 addon_gradients=0 room_nodes=0 room_triangles=0
2026-09-19 21:34:41.648 performance profile window_ms=1000 frames=65 avg_ms total=2.785 housekeeping=0.158 bindings=0.343 diagnostics=0.003 colliders=0.232 axes=0.120 penis=0.383 penis_ownership=0.008 penis_gravity=0.006 penis_collision=0.041 penis_setup=0.012 penis_orientation=0.001 penis_translation=0.003 penis_solver=0.030 testicles=0.375 testicle_active=0.375 breasts=0.324 breasts_active=0.319 butt=0.361 butt_active=0.361 addons=0.473 addon_activation=0.137 addon_drive=0.107 addon_guard=0.001 addon_parent_pivot=0.000 addon_parent_translation=0.002 addon_parent_rotation=0.002 addon_gravity=0.001 addon_rotation_binding=0.000 addon_validation=0.099 addon_solver=0.226 addon_output=0.224 addon_cache=0.010 late=0.046 late_testicles=0.018 late_breasts=0.025 late_butt=0.003 traverse=0.000 addon_collision_body=0.000 addon_collision_self=0.000 addon_collision_addons=0.000 max_ms total=22.916 colliders=0.445 addons=2.339 calls late=65 traverse=0 body_collision=0 self_collision=0 addons_collision=0
2026-09-19 21:34:41.649 performance profile engine operation=symbols avg_ms=0.000000 max_call_ms=0.000000 calls_per_frame=0.00 window_ms=1000 frames=65 nested=1
2026-09-19 21:34:41.649 performance profile engine operation=find_object avg_ms=1.008595 max_call_ms=0.159700 calls_per_frame=4327.49 window_ms=1000 frames=65 nested=1
2026-09-19 21:34:41.649 performance profile engine operation=script_find avg_ms=0.000000 max_call_ms=0.000000 calls_per_frame=0.00 window_ms=1000 frames=65 nested=1
2026-09-19 21:34:41.649 performance profile engine operation=axis_lookup avg_ms=1.301811 max_call_ms=2.106600 calls_per_frame=43.02 window_ms=1000 frames=65 nested=1
2026-09-19 21:34:41.650 performance profile engine operation=pivot_query avg_ms=0.027720 max_call_ms=0.019400 calls_per_frame=93.00 window_ms=1000 frames=65 nested=1
2026-09-19 21:34:41.650 collision profile window_ms=1000 frames=65 avg_ms body_collection=0.026602 body_solve=0.019638 body_position=0.012637 body_refine=0.001883 body_velocity=0.003883 addon_prepare_query=0.000000 addon_coherent_solve=0.000000 addon_visible_solve=0.000000 room_sphere=0.000000 room_sweep=0.000000 room_single=0.000000
2026-09-19 21:34:41.650 collision profile window_ms=1000 frames=65 max_call_ms body_collection=0.039500 body_solve=0.043700 body_position=0.035600 body_refine=0.001400 body_velocity=0.006800 addon_prepare_query=0.000000 addon_coherent_solve=0.000000 addon_visible_solve=0.000000 room_sphere=0.000000 room_sweep=0.000000 room_single=0.000000
2026-09-19 21:34:41.650 collision profile window_ms=1000 frames=65 calls body_collection=170 body_solve=170 body_position=170 body_refine=170 body_velocity=170 addon_prepare_query=0 addon_coherent_solve=0 addon_visible_solve=0 room_sphere=0 room_sweep=0 room_single=0
2026-09-19 21:34:41.650 collision profile window_ms=1000 frames=65 counts body_contacts=40 body_passes=246 body_jacobians=156 body_predictions=1874 addon_contacts=0 addon_passes=0 addon_gradients=0 room_nodes=0 room_triangles=0
2026-09-19 21:34:42.645 performance profile window_ms=1000 frames=68 avg_ms total=2.406 housekeeping=0.037 bindings=0.333 diagnostics=0.003 colliders=0.229 axes=0.002 penis=0.361 penis_ownership=0.008 penis_gravity=0.005 penis_collision=0.038 penis_setup=0.012 penis_orientation=0.001 penis_translation=0.003 penis_solver=0.028 testicles=0.362 testicle_active=0.362 breasts=0.304 breasts_active=0.299 butt=0.341 butt_active=0.341 addons=0.424 addon_activation=0.130 addon_drive=0.098 addon_guard=0.001 addon_parent_pivot=0.000 addon_parent_translation=0.002 addon_parent_rotation=0.002 addon_gravity=0.001 addon_rotation_binding=0.000 addon_validation=0.091 addon_solver=0.193 addon_output=0.191 addon_cache=0.010 late=0.043 late_testicles=0.015 late_breasts=0.024 late_butt=0.003 traverse=0.000 addon_collision_body=0.000 addon_collision_self=0.000 addon_collision_addons=0.000 max_ms total=23.572 colliders=0.452 addons=2.322 calls late=68 traverse=0 body_collision=0 self_collision=0 addons_collision=0
2026-09-19 21:34:42.645 performance profile engine operation=symbols avg_ms=0.000000 max_call_ms=0.000000 calls_per_frame=0.00 window_ms=1000 frames=68 nested=1
2026-09-19 21:34:42.645 performance profile engine operation=find_object avg_ms=0.878662 max_call_ms=0.115800 calls_per_frame=3739.63 window_ms=1000 frames=68 nested=1
2026-09-19 21:34:42.646 performance profile engine operation=script_find avg_ms=0.000000 max_call_ms=0.000000 calls_per_frame=0.00 window_ms=1000 frames=68 nested=1
2026-09-19 21:34:42.646 performance profile engine operation=axis_lookup avg_ms=1.122991 max_call_ms=2.321600 calls_per_frame=42.85 window_ms=1000 frames=68 nested=1
2026-09-19 21:34:42.646 performance profile engine operation=pivot_query avg_ms=0.026406 max_call_ms=0.034000 calls_per_frame=93.00 window_ms=1000 frames=68 nested=1
2026-09-19 21:34:42.646 collision profile window_ms=1000 frames=68 avg_ms body_collection=0.025040 body_solve=0.017276 body_position=0.010721 body_refine=0.001765 body_velocity=0.003726 addon_prepare_query=0.000000 addon_coherent_solve=0.000000 addon_visible_solve=0.000000 room_sphere=0.000000 room_sweep=0.000000 room_single=0.000000
2026-09-19 21:34:42.646 collision profile window_ms=1000 frames=68 max_call_ms body_collection=0.033600 body_solve=0.032600 body_position=0.023900 body_refine=0.001800 body_velocity=0.031500 addon_prepare_query=0.000000 addon_coherent_solve=0.000000 addon_visible_solve=0.000000 room_sphere=0.000000 room_sweep=0.000000 room_single=0.000000
2026-09-19 21:34:42.647 collision profile window_ms=1000 frames=68 calls body_collection=166 body_solve=166 body_position=166 body_refine=166 body_velocity=166 addon_prepare_query=0 addon_coherent_solve=0 addon_visible_solve=0 room_sphere=0 room_sweep=0 room_single=0
2026-09-19 21:34:42.647 collision profile window_ms=1000 frames=68 counts body_contacts=34 body_passes=234 body_jacobians=136 body_predictions=1688 addon_contacts=0 addon_passes=0 addon_gradients=0 room_nodes=0 room_triangles=0
2026-09-19 21:34:42.738 performance profile body-update person=Person02 system=penis update_rate_hz=-1 published_hz=64.6 sample_ms=5000
2026-09-19 21:34:42.779 performance profile body-update person=Person02 system=testicles update_rate_hz=-1 published_hz=64.8 sample_ms=5000
2026-09-19 21:34:43.639 performance profile window_ms=1000 frames=68 avg_ms total=2.532 housekeeping=0.037 bindings=0.330 diagnostics=0.003 colliders=0.229 axes=0.115 penis=0.371 penis_ownership=0.008 penis_gravity=0.006 penis_collision=0.038 penis_setup=0.012 penis_orientation=0.001 penis_translation=0.004 penis_solver=0.029 testicles=0.362 testicle_active=0.361 breasts=0.305 breasts_active=0.300 butt=0.343 butt_active=0.342 addons=0.426 addon_activation=0.130 addon_drive=0.095 addon_guard=0.001 addon_parent_pivot=0.000 addon_parent_translation=0.002 addon_parent_rotation=0.002 addon_gravity=0.001 addon_rotation_binding=0.000 addon_validation=0.088 addon_solver=0.198 addon_output=0.196 addon_cache=0.010 late=0.042 late_testicles=0.015 late_breasts=0.024 late_butt=0.003 traverse=0.000 addon_collision_body=0.000 addon_collision_self=0.000 addon_collision_addons=0.000 max_ms total=23.124 colliders=0.440 addons=2.933 calls late=68 traverse=0 body_collision=0 self_collision=0 addons_collision=0
2026-09-19 21:34:43.640 performance profile engine operation=symbols avg_ms=0.000000 max_call_ms=0.000000 calls_per_frame=0.00 window_ms=1000 frames=68 nested=1
2026-09-19 21:34:43.640 performance profile engine operation=find_object avg_ms=0.956072 max_call_ms=0.066200 calls_per_frame=4138.69 window_ms=1000 frames=68 nested=1
2026-09-19 21:34:43.640 performance profile engine operation=script_find avg_ms=0.000000 max_call_ms=0.000000 calls_per_frame=0.00 window_ms=1000 frames=68 nested=1
2026-09-19 21:34:43.640 performance profile engine operation=axis_lookup avg_ms=1.225712 max_call_ms=2.031000 calls_per_frame=42.97 window_ms=1000 frames=68 nested=1
2026-09-19 21:34:43.640 performance profile engine operation=pivot_query avg_ms=0.026376 max_call_ms=0.004800 calls_per_frame=93.00 window_ms=1000 frames=68 nested=1
2026-09-19 21:34:43.640 collision profile window_ms=1000 frames=68 avg_ms body_collection=0.025284 body_solve=0.016924 body_position=0.010740 body_refine=0.001840 body_velocity=0.003234 addon_prepare_query=0.000000 addon_coherent_solve=0.000000 addon_visible_solve=0.000000 room_sphere=0.000000 room_sweep=0.000000 room_single=0.000000
2026-09-19 21:34:43.641 collision profile window_ms=1000 frames=68 max_call_ms body_collection=0.046800 body_solve=0.036300 body_position=0.023400 body_refine=0.008000 body_velocity=0.006600 addon_prepare_query=0.000000 addon_coherent_solve=0.000000 addon_visible_solve=0.000000 room_sphere=0.000000 room_sweep=0.000000 room_single=0.000000
2026-09-19 21:34:43.641 collision profile window_ms=1000 frames=68 calls body_collection=164 body_solve=164 body_position=164 body_refine=164 body_velocity=164 addon_prepare_query=0 addon_coherent_solve=0 addon_visible_solve=0 room_sphere=0 room_sweep=0 room_single=0
2026-09-19 21:34:43.641 collision profile window_ms=1000 frames=68 counts body_contacts=34 body_passes=232 body_jacobians=136 body_predictions=1682 addon_contacts=0 addon_passes=0 addon_gradients=0 room_nodes=0 room_triangles=0
2026-09-19 21:34:44.649 performance profile window_ms=1000 frames=68 avg_ms total=2.420 housekeeping=0.033 bindings=0.331 diagnostics=0.003 colliders=0.221 axes=0.057 penis=0.350 penis_ownership=0.007 penis_gravity=0.006 penis_collision=0.038 penis_setup=0.011 penis_orientation=0.001 penis_translation=0.003 penis_solver=0.028 testicles=0.345 testicle_active=0.345 breasts=0.301 breasts_active=0.296 butt=0.336 butt_active=0.336 addons=0.431 addon_activation=0.133 addon_drive=0.096 addon_guard=0.001 addon_parent_pivot=0.000 addon_parent_translation=0.002 addon_parent_rotation=0.002 addon_gravity=0.001 addon_rotation_binding=0.000 addon_validation=0.089 addon_solver=0.199 addon_output=0.197 addon_cache=0.010 late=0.043 late_testicles=0.016 late_breasts=0.024 late_butt=0.003 traverse=0.000 addon_collision_body=0.000 addon_collision_self=0.000 addon_collision_addons=0.000 max_ms total=27.064 colliders=0.524 addons=2.364 calls late=68 traverse=0 body_collision=0 self_collision=0 addons_collision=0
2026-09-19 21:34:44.650 performance profile engine operation=symbols avg_ms=0.000000 max_call_ms=0.000000 calls_per_frame=0.00 window_ms=1000 frames=68 nested=1
2026-09-19 21:34:44.650 performance profile engine operation=find_object avg_ms=0.901747 max_call_ms=0.062000 calls_per_frame=3939.22 window_ms=1000 frames=68 nested=1
2026-09-19 21:34:44.650 performance profile engine operation=script_find avg_ms=0.000000 max_call_ms=0.000000 calls_per_frame=0.00 window_ms=1000 frames=68 nested=1
2026-09-19 21:34:44.650 performance profile engine operation=axis_lookup avg_ms=1.152697 max_call_ms=1.967900 calls_per_frame=42.97 window_ms=1000 frames=68 nested=1
2026-09-19 21:34:44.650 performance profile engine operation=pivot_query avg_ms=0.026663 max_call_ms=0.068700 calls_per_frame=93.00 window_ms=1000 frames=68 nested=1
2026-09-19 21:34:44.650 collision profile window_ms=1000 frames=68 avg_ms body_collection=0.024121 body_solve=0.017585 body_position=0.011416 body_refine=0.001754 body_velocity=0.003366 addon_prepare_query=0.000000 addon_coherent_solve=0.000000 addon_visible_solve=0.000000 room_sphere=0.000000 room_sweep=0.000000 room_single=0.000000
2026-09-19 21:34:44.650 collision profile window_ms=1000 frames=68 max_call_ms body_collection=0.034300 body_solve=0.045900 body_position=0.038200 body_refine=0.001400 body_velocity=0.007600 addon_prepare_query=0.000000 addon_coherent_solve=0.000000 addon_visible_solve=0.000000 room_sphere=0.000000 room_sweep=0.000000 room_single=0.000000
2026-09-19 21:34:44.650 collision profile window_ms=1000 frames=68 calls body_collection=166 body_solve=166 body_position=166 body_refine=166 body_velocity=166 addon_prepare_query=0 addon_coherent_solve=0 addon_visible_solve=0 room_sphere=0 room_sweep=0 room_single=0
2026-09-19 21:34:44.651 collision profile window_ms=1000 frames=68 counts body_contacts=35 body_passes=236 body_jacobians=140 body_predictions=1723 addon_contacts=0 addon_passes=0 addon_gradients=0 room_nodes=0 room_triangles=0
2026-09-19 21:34:45.349 performance profile body-update person=Person02 system=breasts update_rate_hz=-1 published_hz=66.2 sample_ms=5000
2026-09-19 21:34:45.349 performance profile body-update person=Person02 system=butt update_rate_hz=-1 published_hz=66.2 sample_ms=5000
2026-09-19 21:34:45.652 performance profile window_ms=1000 frames=67 avg_ms total=2.507 housekeeping=0.039 bindings=0.343 diagnostics=0.003 colliders=0.229 axes=0.061 penis=0.359 penis_ownership=0.008 penis_gravity=0.006 penis_collision=0.038 penis_setup=0.012 penis_orientation=0.001 penis_translation=0.003 penis_solver=0.029 testicles=0.359 testicle_active=0.358 breasts=0.320 breasts_active=0.314 butt=0.349 butt_active=0.348 addons=0.435 addon_activation=0.130 addon_drive=0.099 addon_guard=0.001 addon_parent_pivot=0.000 addon_parent_translation=0.002 addon_parent_rotation=0.002 addon_gravity=0.001 addon_rotation_binding=0.000 addon_validation=0.091 addon_solver=0.203 addon_output=0.200 addon_cache=0.011 late=0.042 late_testicles=0.015 late_breasts=0.024 late_butt=0.003 traverse=0.000 addon_collision_body=0.000 addon_collision_self=0.000 addon_collision_addons=0.000 max_ms total=23.702 colliders=0.455 addons=2.253 calls late=67 traverse=0 body_collision=0 self_collision=0 addons_collision=0
2026-09-19 21:34:45.652 performance profile engine operation=symbols avg_ms=0.000000 max_call_ms=0.000000 calls_per_frame=0.00 window_ms=1000 frames=67 nested=1
2026-09-19 21:34:45.652 performance profile engine operation=find_object avg_ms=0.921194 max_call_ms=0.065100 calls_per_frame=3996.96 window_ms=1000 frames=67 nested=1
2026-09-19 21:34:45.653 performance profile engine operation=script_find avg_ms=0.000000 max_call_ms=0.000000 calls_per_frame=0.00 window_ms=1000 frames=67 nested=1
2026-09-19 21:34:45.653 performance profile engine operation=axis_lookup avg_ms=1.181375 max_call_ms=2.054000 calls_per_frame=42.64 window_ms=1000 frames=67 nested=1
2026-09-19 21:34:45.653 performance profile engine operation=pivot_query avg_ms=0.027221 max_call_ms=0.006400 calls_per_frame=93.00 window_ms=1000 frames=67 nested=1
2026-09-19 21:34:45.653 collision profile window_ms=1000 frames=67 avg_ms body_collection=0.025273 body_solve=0.017131 body_position=0.010860 body_refine=0.001827 body_velocity=0.003307 addon_prepare_query=0.000000 addon_coherent_solve=0.000000 addon_visible_solve=0.000000 room_sphere=0.000000 room_sweep=0.000000 room_single=0.000000
2026-09-19 21:34:45.653 collision profile window_ms=1000 frames=67 max_call_ms body_collection=0.033500 body_solve=0.033700 body_position=0.024300 body_refine=0.001300 body_velocity=0.007800 addon_prepare_query=0.000000 addon_coherent_solve=0.000000 addon_visible_solve=0.000000 room_sphere=0.000000 room_sweep=0.000000 room_single=0.000000
2026-09-19 21:34:45.653 collision profile window_ms=1000 frames=67 calls body_collection=168 body_solve=168 body_position=168 body_refine=168 body_velocity=168 addon_prepare_query=0 addon_coherent_solve=0 addon_visible_solve=0 room_sphere=0 room_sweep=0 room_single=0
2026-09-19 21:34:45.653 collision profile window_ms=1000 frames=67 counts body_contacts=34 body_passes=236 body_jacobians=136 body_predictions=1694 addon_contacts=0 addon_passes=0 addon_gradients=0 room_nodes=0 room_triangles=0
2026-09-19 21:34:46.648 performance profile window_ms=1000 frames=67 avg_ms total=2.479 housekeeping=0.036 bindings=0.342 diagnostics=0.003 colliders=0.223 axes=0.057 penis=0.366 penis_ownership=0.007 penis_gravity=0.006 penis_collision=0.037 penis_setup=0.011 penis_orientation=0.001 penis_translation=0.003 penis_solver=0.030 testicles=0.355 testicle_active=0.354 breasts=0.309 breasts_active=0.304 butt=0.351 butt_active=0.351 addons=0.425 addon_activation=0.134 addon_drive=0.095 addon_guard=0.001 addon_parent_pivot=0.000 addon_parent_translation=0.002 addon_parent_rotation=0.002 addon_gravity=0.001 addon_rotation_binding=0.000 addon_validation=0.088 addon_solver=0.192 addon_output=0.190 addon_cache=0.011 late=0.043 late_testicles=0.016 late_breasts=0.024 late_butt=0.003 traverse=0.000 addon_collision_body=0.000 addon_collision_self=0.000 addon_collision_addons=0.000 max_ms total=23.625 colliders=0.447 addons=2.891 calls late=67 traverse=0 body_collision=0 self_collision=0 addons_collision=0
2026-09-19 21:34:46.648 performance profile engine operation=symbols avg_ms=0.000000 max_call_ms=0.000000 calls_per_frame=0.00 window_ms=1000 frames=67 nested=1
2026-09-19 21:34:46.648 performance profile engine operation=find_object avg_ms=0.930028 max_call_ms=0.096900 calls_per_frame=3997.24 window_ms=1000 frames=67 nested=1
2026-09-19 21:34:46.648 performance profile engine operation=script_find avg_ms=0.000000 max_call_ms=0.000000 calls_per_frame=0.00 window_ms=1000 frames=67 nested=1
2026-09-19 21:34:46.649 performance profile engine operation=axis_lookup avg_ms=1.194406 max_call_ms=2.134700 calls_per_frame=42.93 window_ms=1000 frames=67 nested=1
2026-09-19 21:34:46.649 performance profile engine operation=pivot_query avg_ms=0.026046 max_call_ms=0.058100 calls_per_frame=93.00 window_ms=1000 frames=67 nested=1
2026-09-19 21:34:46.649 collision profile window_ms=1000 frames=67 avg_ms body_collection=0.024469 body_solve=0.017339 body_position=0.011157 body_refine=0.001724 body_velocity=0.003396 addon_prepare_query=0.000000 addon_coherent_solve=0.000000 addon_visible_solve=0.000000 room_sphere=0.000000 room_sweep=0.000000 room_single=0.000000
2026-09-19 21:34:46.649 collision profile window_ms=1000 frames=67 max_call_ms body_collection=0.033900 body_solve=0.030500 body_position=0.022600 body_refine=0.001300 body_velocity=0.006800 addon_prepare_query=0.000000 addon_coherent_solve=0.000000 addon_visible_solve=0.000000 room_sphere=0.000000 room_sweep=0.000000 room_single=0.000000
2026-09-19 21:34:46.650 collision profile window_ms=1000 frames=67 calls body_collection=162 body_solve=162 body_position=162 body_refine=162 body_velocity=162 addon_prepare_query=0 addon_coherent_solve=0 addon_visible_solve=0 room_sphere=0 room_sweep=0 room_single=0
2026-09-19 21:34:46.650 collision profile window_ms=1000 frames=67 counts body_contacts=35 body_passes=232 body_jacobians=140 body_predictions=1711 addon_contacts=0 addon_passes=0 addon_gradients=0 room_nodes=0 room_triangles=0
2026-09-19 21:34:47.653 performance profile window_ms=1000 frames=68 avg_ms total=2.475 housekeeping=0.035 bindings=0.344 diagnostics=0.003 colliders=0.226 axes=0.056 penis=0.363 penis_ownership=0.008 penis_gravity=0.005 penis_collision=0.040 penis_setup=0.011 penis_orientation=0.001 penis_translation=0.003 penis_solver=0.028 testicles=0.351 testicle_active=0.350 breasts=0.306 breasts_active=0.301 butt=0.348 butt_active=0.348 addons=0.430 addon_activation=0.132 addon_drive=0.095 addon_guard=0.001 addon_parent_pivot=0.000 addon_parent_translation=0.002 addon_parent_rotation=0.002 addon_gravity=0.001 addon_rotation_binding=0.000 addon_validation=0.088 addon_solver=0.199 addon_output=0.197 addon_cache=0.012 late=0.045 late_testicles=0.016 late_breasts=0.026 late_butt=0.003 traverse=0.000 addon_collision_body=0.000 addon_collision_self=0.000 addon_collision_addons=0.000 max_ms total=23.871 colliders=0.407 addons=2.235 calls late=68 traverse=0 body_collision=0 self_collision=0 addons_collision=0
2026-09-19 21:34:47.653 performance profile engine operation=symbols avg_ms=0.000000 max_call_ms=0.000000 calls_per_frame=0.00 window_ms=1000 frames=68 nested=1
2026-09-19 21:34:47.654 performance profile engine operation=find_object avg_ms=0.917574 max_call_ms=0.212200 calls_per_frame=3939.13 window_ms=1000 frames=68 nested=1
2026-09-19 21:34:47.654 performance profile engine operation=script_find avg_ms=0.000000 max_call_ms=0.000000 calls_per_frame=0.00 window_ms=1000 frames=68 nested=1
2026-09-19 21:34:47.654 performance profile engine operation=axis_lookup avg_ms=1.177981 max_call_ms=2.212800 calls_per_frame=42.88 window_ms=1000 frames=68 nested=1
2026-09-19 21:34:47.654 performance profile engine operation=pivot_query avg_ms=0.028894 max_call_ms=0.082300 calls_per_frame=93.00 window_ms=1000 frames=68 nested=1
2026-09-19 21:34:47.655 collision profile window_ms=1000 frames=68 avg_ms body_collection=0.024122 body_solve=0.020278 body_position=0.014040 body_refine=0.001721 body_velocity=0.003462 addon_prepare_query=0.000000 addon_coherent_solve=0.000000 addon_visible_solve=0.000000 room_sphere=0.000000 room_sweep=0.000000 room_single=0.000000
2026-09-19 21:34:47.655 collision profile window_ms=1000 frames=68 max_call_ms body_collection=0.029000 body_solve=0.147000 body_position=0.136700 body_refine=0.001500 body_velocity=0.008200 addon_prepare_query=0.000000 addon_coherent_solve=0.000000 addon_visible_solve=0.000000 room_sphere=0.000000 room_sweep=0.000000 room_single=0.000000
2026-09-19 21:34:47.655 collision profile window_ms=1000 frames=68 calls body_collection=162 body_solve=162 body_position=162 body_refine=162 body_velocity=162 addon_prepare_query=0 addon_coherent_solve=0 addon_visible_solve=0 room_sphere=0 room_sweep=0 room_single=0
2026-09-19 21:34:47.655 collision profile window_ms=1000 frames=68 counts body_contacts=36 body_passes=234 body_jacobians=144 body_predictions=1746 addon_contacts=0 addon_passes=0 addon_gradients=0 room_nodes=0 room_triangles=0
2026-09-19 21:34:47.735 performance profile body-update person=Person02 system=penis update_rate_hz=-1 published_hz=67.4 sample_ms=5000
2026-09-19 21:34:47.780 performance profile body-update person=Person02 system=testicles update_rate_hz=-1 published_hz=67.4 sample_ms=5000
2026-09-19 21:34:48.645 performance profile window_ms=1000 frames=66 avg_ms total=2.529 housekeeping=0.039 bindings=0.347 diagnostics=0.004 colliders=0.226 axes=0.062 penis=0.372 penis_ownership=0.008 penis_gravity=0.005 penis_collision=0.039 penis_setup=0.012 penis_orientation=0.001 penis_translation=0.003 penis_solver=0.028 testicles=0.362 testicle_active=0.362 breasts=0.315 breasts_active=0.310 butt=0.351 butt_active=0.350 addons=0.441 addon_activation=0.135 addon_drive=0.096 addon_guard=0.001 addon_parent_pivot=0.000 addon_parent_translation=0.002 addon_parent_rotation=0.002 addon_gravity=0.001 addon_rotation_binding=0.000 addon_validation=0.088 addon_solver=0.207 addon_output=0.205 addon_cache=0.011 late=0.044 late_testicles=0.016 late_breasts=0.024 late_butt=0.003 traverse=0.000 addon_collision_body=0.000 addon_collision_self=0.000 addon_collision_addons=0.000 max_ms total=23.458 colliders=0.635 addons=2.826 calls late=66 traverse=0 body_collision=0 self_collision=0 addons_collision=0
2026-09-19 21:34:48.646 performance profile engine operation=symbols avg_ms=0.000000 max_call_ms=0.000000 calls_per_frame=0.00 window_ms=1000 frames=66 nested=1
2026-09-19 21:34:48.646 performance profile engine operation=find_object avg_ms=0.942097 max_call_ms=0.110700 calls_per_frame=4057.17 window_ms=1000 frames=66 nested=1
2026-09-19 21:34:48.646 performance profile engine operation=script_find avg_ms=0.000000 max_call_ms=0.000000 calls_per_frame=0.00 window_ms=1000 frames=66 nested=1
2026-09-19 21:34:48.647 performance profile engine operation=axis_lookup avg_ms=1.206945 max_call_ms=2.154200 calls_per_frame=43.03 window_ms=1000 frames=66 nested=1
2026-09-19 21:34:48.647 performance profile engine operation=pivot_query avg_ms=0.025615 max_call_ms=0.008500 calls_per_frame=93.00 window_ms=1000 frames=66 nested=1
2026-09-19 21:34:48.647 collision profile window_ms=1000 frames=66 avg_ms body_collection=0.024789 body_solve=0.018395 body_position=0.011335 body_refine=0.001748 body_velocity=0.003489 addon_prepare_query=0.000000 addon_coherent_solve=0.000000 addon_visible_solve=0.000000 room_sphere=0.000000 room_sweep=0.000000 room_single=0.000000
2026-09-19 21:34:48.647 collision profile window_ms=1000 frames=66 max_call_ms body_collection=0.043900 body_solve=0.080500 body_position=0.023700 body_refine=0.001400 body_velocity=0.008200 addon_prepare_query=0.000000 addon_coherent_solve=0.000000 addon_visible_solve=0.000000 room_sphere=0.000000 room_sweep=0.000000 room_single=0.000000
2026-09-19 21:34:48.648 collision profile window_ms=1000 frames=66 calls body_collection=162 body_solve=162 body_position=162 body_refine=162 body_velocity=162 addon_prepare_query=0 addon_coherent_solve=0 addon_visible_solve=0 room_sphere=0 room_sweep=0 room_single=0
2026-09-19 21:34:48.648 collision profile window_ms=1000 frames=66 counts body_contacts=35 body_passes=232 body_jacobians=140 body_predictions=1711 addon_contacts=0 addon_passes=0 addon_gradients=0 room_nodes=0 room_triangles=0
2026-09-19 21:34:49.643 performance profile window_ms=1000 frames=66 avg_ms total=2.561 housekeeping=0.042 bindings=0.353 diagnostics=0.003 colliders=0.231 axes=0.059 penis=0.378 penis_ownership=0.009 penis_gravity=0.006 penis_collision=0.039 penis_setup=0.013 penis_orientation=0.001 penis_translation=0.003 penis_solver=0.029 testicles=0.357 testicle_active=0.356 breasts=0.314 breasts_active=0.309 butt=0.355 butt_active=0.355 addons=0.457 addon_activation=0.138 addon_drive=0.103 addon_guard=0.001 addon_parent_pivot=0.000 addon_parent_translation=0.002 addon_parent_rotation=0.002 addon_gravity=0.001 addon_rotation_binding=0.000 addon_validation=0.096 addon_solver=0.213 addon_output=0.210 addon_cache=0.011 late=0.044 late_testicles=0.017 late_breasts=0.024 late_butt=0.003 traverse=0.000 addon_collision_body=0.000 addon_collision_self=0.000 addon_collision_addons=0.000 max_ms total=24.010 colliders=0.524 addons=2.223 calls late=66 traverse=0 body_collision=0 self_collision=0 addons_collision=0
2026-09-19 21:34:49.643 performance profile engine operation=symbols avg_ms=0.000000 max_call_ms=0.000000 calls_per_frame=0.00 window_ms=1000 frames=66 nested=1
2026-09-19 21:34:49.643 performance profile engine operation=find_object avg_ms=0.946303 max_call_ms=0.209200 calls_per_frame=4057.17 window_ms=1000 frames=66 nested=1
2026-09-19 21:34:49.643 performance profile engine operation=script_find avg_ms=0.000000 max_call_ms=0.000000 calls_per_frame=0.00 window_ms=1000 frames=66 nested=1
2026-09-19 21:34:49.643 performance profile engine operation=axis_lookup avg_ms=1.214711 max_call_ms=2.279800 calls_per_frame=43.03 window_ms=1000 frames=66 nested=1
2026-09-19 21:34:49.643 performance profile engine operation=pivot_query avg_ms=0.026955 max_call_ms=0.010700 calls_per_frame=93.00 window_ms=1000 frames=66 nested=1
2026-09-19 21:34:49.643 collision profile window_ms=1000 frames=66 avg_ms body_collection=0.025867 body_solve=0.017914 body_position=0.011441 body_refine=0.001995 body_velocity=0.003394 addon_prepare_query=0.000000 addon_coherent_solve=0.000000 addon_visible_solve=0.000000 room_sphere=0.000000 room_sweep=0.000000 room_single=0.000000
2026-09-19 21:34:49.643 collision profile window_ms=1000 frames=66 max_call_ms body_collection=0.036400 body_solve=0.042100 body_position=0.033900 body_refine=0.013800 body_velocity=0.007400 addon_prepare_query=0.000000 addon_coherent_solve=0.000000 addon_visible_solve=0.000000 room_sphere=0.000000 room_sweep=0.000000 room_single=0.000000
2026-09-19 21:34:49.644 collision profile window_ms=1000 frames=66 calls body_collection=164 body_solve=164 body_position=164 body_refine=164 body_velocity=164 addon_prepare_query=0 addon_coherent_solve=0 addon_visible_solve=0 room_sphere=0 room_sweep=0 room_single=0
2026-09-19 21:34:49.644 collision profile window_ms=1000 frames=66 counts body_contacts=34 body_passes=232 body_jacobians=136 body_predictions=1682 addon_contacts=0 addon_passes=0 addon_gradients=0 room_nodes=0 room_triangles=0
2026-09-19 21:34:50.347 performance profile body-update person=Person02 system=breasts update_rate_hz=-1 published_hz=66.8 sample_ms=5000
2026-09-19 21:34:50.347 performance profile body-update person=Person02 system=butt update_rate_hz=-1 published_hz=66.8 sample_ms=5000
2026-09-19 21:34:50.648 performance profile window_ms=1000 frames=68 avg_ms total=2.464 housekeeping=0.034 bindings=0.340 diagnostics=0.003 colliders=0.218 axes=0.057 penis=0.359 penis_ownership=0.007 penis_gravity=0.005 penis_collision=0.039 penis_setup=0.011 penis_orientation=0.001 penis_translation=0.003 penis_solver=0.029 testicles=0.352 testicle_active=0.352 breasts=0.314 breasts_active=0.309 butt=0.345 butt_active=0.345 addons=0.430 addon_activation=0.131 addon_drive=0.094 addon_guard=0.001 addon_parent_pivot=0.000 addon_parent_translation=0.002 addon_parent_rotation=0.002 addon_gravity=0.001 addon_rotation_binding=0.000 addon_validation=0.087 addon_solver=0.201 addon_output=0.199 addon_cache=0.010 late=0.044 late_testicles=0.017 late_breasts=0.024 late_butt=0.003 traverse=0.000 addon_collision_body=0.000 addon_collision_self=0.000 addon_collision_addons=0.000 max_ms total=23.730 colliders=0.462 addons=2.326 calls late=68 traverse=0 body_collision=0 self_collision=0 addons_collision=0
2026-09-19 21:34:50.648 performance profile engine operation=symbols avg_ms=0.000000 max_call_ms=0.000000 calls_per_frame=0.00 window_ms=1000 frames=68 nested=1
2026-09-19 21:34:50.648 performance profile engine operation=find_object avg_ms=0.915090 max_call_ms=0.117900 calls_per_frame=3939.22 window_ms=1000 frames=68 nested=1
2026-09-19 21:34:50.649 performance profile engine operation=script_find avg_ms=0.000000 max_call_ms=0.000000 calls_per_frame=0.00 window_ms=1000 frames=68 nested=1
2026-09-19 21:34:50.649 performance profile engine operation=axis_lookup avg_ms=1.174481 max_call_ms=2.112400 calls_per_frame=42.97 window_ms=1000 frames=68 nested=1
2026-09-19 21:34:50.649 performance profile engine operation=pivot_query avg_ms=0.025107 max_call_ms=0.013700 calls_per_frame=93.00 window_ms=1000 frames=68 nested=1
2026-09-19 21:34:50.649 collision profile window_ms=1000 frames=68 avg_ms body_collection=0.026426 body_solve=0.016799 body_position=0.010729 body_refine=0.001759 body_velocity=0.003263 addon_prepare_query=0.000000 addon_coherent_solve=0.000000 addon_visible_solve=0.000000 room_sphere=0.000000 room_sweep=0.000000 room_single=0.000000
2026-09-19 21:34:50.649 collision profile window_ms=1000 frames=68 max_call_ms body_collection=0.146100 body_solve=0.033900 body_position=0.025300 body_refine=0.001200 body_velocity=0.006900 addon_prepare_query=0.000000 addon_coherent_solve=0.000000 addon_visible_solve=0.000000 room_sphere=0.000000 room_sweep=0.000000 room_single=0.000000
2026-09-19 21:34:50.649 collision profile window_ms=1000 frames=68 calls body_collection=166 body_solve=166 body_position=166 body_refine=166 body_velocity=166 addon_prepare_query=0 addon_coherent_solve=0 addon_visible_solve=0 room_sphere=0 room_sweep=0 room_single=0
2026-09-19 21:34:50.650 collision profile window_ms=1000 frames=68 counts body_contacts=34 body_passes=234 body_jacobians=136 body_predictions=1688 addon_contacts=0 addon_passes=0 addon_gradients=0 room_nodes=0 room_triangles=0
2026-09-19 21:34:51.653 performance profile window_ms=1000 frames=69 avg_ms total=2.475 housekeeping=0.035 bindings=0.335 diagnostics=0.003 colliders=0.222 axes=0.110 penis=0.354 penis_ownership=0.008 penis_gravity=0.006 penis_collision=0.037 penis_setup=0.012 penis_orientation=0.001 penis_translation=0.003 penis_solver=0.028 testicles=0.346 testicle_active=0.345 breasts=0.302 breasts_active=0.297 butt=0.337 butt_active=0.337 addons=0.421 addon_activation=0.129 addon_drive=0.092 addon_guard=0.001 addon_parent_pivot=0.000 addon_parent_translation=0.002 addon_parent_rotation=0.002 addon_gravity=0.001 addon_rotation_binding=0.000 addon_validation=0.085 addon_solver=0.197 addon_output=0.195 addon_cache=0.010 late=0.042 late_testicles=0.015 late_breasts=0.024 late_butt=0.003 traverse=0.000 addon_collision_body=0.000 addon_collision_self=0.000 addon_collision_addons=0.000 max_ms total=27.331 colliders=0.366 addons=2.683 calls late=69 traverse=0 body_collision=0 self_collision=0 addons_collision=0
2026-09-19 21:34:51.653 performance profile engine operation=symbols avg_ms=0.000000 max_call_ms=0.000000 calls_per_frame=0.00 window_ms=1000 frames=69 nested=1
2026-09-19 21:34:51.654 performance profile engine operation=find_object avg_ms=0.935078 max_call_ms=0.117600 calls_per_frame=4079.35 window_ms=1000 frames=69 nested=1
2026-09-19 21:34:51.654 performance profile engine operation=script_find avg_ms=0.000000 max_call_ms=0.000000 calls_per_frame=0.00 window_ms=1000 frames=69 nested=1
2026-09-19 21:34:51.654 performance profile engine operation=axis_lookup avg_ms=1.204907 max_call_ms=2.217600 calls_per_frame=42.90 window_ms=1000 frames=69 nested=1
2026-09-19 21:34:51.655 performance profile engine operation=pivot_query avg_ms=0.025691 max_call_ms=0.007200 calls_per_frame=93.00 window_ms=1000 frames=69 nested=1
2026-09-19 21:34:51.655 collision profile window_ms=1000 frames=69 avg_ms body_collection=0.024300 body_solve=0.016699 body_position=0.010639 body_refine=0.001758 body_velocity=0.003223 addon_prepare_query=0.000000 addon_coherent_solve=0.000000 addon_visible_solve=0.000000 room_sphere=0.000000 room_sweep=0.000000 room_single=0.000000
2026-09-19 21:34:51.655 collision profile window_ms=1000 frames=69 max_call_ms body_collection=0.047600 body_solve=0.032700 body_position=0.023700 body_refine=0.001200 body_velocity=0.007700 addon_prepare_query=0.000000 addon_coherent_solve=0.000000 addon_visible_solve=0.000000 room_sphere=0.000000 room_sweep=0.000000 room_single=0.000000
2026-09-19 21:34:51.656 collision profile window_ms=1000 frames=69 calls body_collection=170 body_solve=170 body_position=170 body_refine=170 body_velocity=170 addon_prepare_query=0 addon_coherent_solve=0 addon_visible_solve=0 room_sphere=0 room_sweep=0 room_single=0
2026-09-19 21:34:51.656 collision profile window_ms=1000 frames=69 counts body_contacts=34 body_passes=238 body_jacobians=136 body_predictions=1700 addon_contacts=0 addon_passes=0 addon_gradients=0 room_nodes=0 room_triangles=0
2026-09-19 21:34:52.644 performance profile window_ms=1000 frames=68 avg_ms total=2.400 housekeeping=0.038 bindings=0.338 diagnostics=0.003 colliders=0.227 axes=0.001 penis=0.359 penis_ownership=0.008 penis_gravity=0.006 penis_collision=0.038 penis_setup=0.012 penis_orientation=0.001 penis_translation=0.003 penis_solver=0.028 testicles=0.354 testicle_active=0.353 breasts=0.307 breasts_active=0.302 butt=0.343 butt_active=0.342 addons=0.420 addon_activation=0.131 addon_drive=0.097 addon_guard=0.001 addon_parent_pivot=0.000 addon_parent_translation=0.002 addon_parent_rotation=0.002 addon_gravity=0.001 addon_rotation_binding=0.000 addon_validation=0.090 addon_solver=0.189 addon_output=0.187 addon_cache=0.010 late=0.043 late_testicles=0.016 late_breasts=0.024 late_butt=0.003 traverse=0.000 addon_collision_body=0.000 addon_collision_self=0.000 addon_collision_addons=0.000 max_ms total=23.702 colliders=0.647 addons=3.303 calls late=68 traverse=0 body_collision=0 self_collision=0 addons_collision=0
2026-09-19 21:34:52.644 performance profile engine operation=symbols avg_ms=0.000000 max_call_ms=0.000000 calls_per_frame=0.00 window_ms=1000 frames=68 nested=1
2026-09-19 21:34:52.644 performance profile engine operation=find_object avg_ms=0.869276 max_call_ms=0.063300 calls_per_frame=3739.60 window_ms=1000 frames=68 nested=1
2026-09-19 21:34:52.644 performance profile engine operation=script_find avg_ms=0.000000 max_call_ms=0.000000 calls_per_frame=0.00 window_ms=1000 frames=68 nested=1
2026-09-19 21:34:52.645 performance profile engine operation=axis_lookup avg_ms=1.115679 max_call_ms=2.134800 calls_per_frame=42.82 window_ms=1000 frames=68 nested=1
2026-09-19 21:34:52.645 performance profile engine operation=pivot_query avg_ms=0.025654 max_call_ms=0.004200 calls_per_frame=93.00 window_ms=1000 frames=68 nested=1
2026-09-19 21:34:52.645 collision profile window_ms=1000 frames=68 avg_ms body_collection=0.025051 body_solve=0.017209 body_position=0.011041 body_refine=0.001760 body_velocity=0.003318 addon_prepare_query=0.000000 addon_coherent_solve=0.000000 addon_visible_solve=0.000000 room_sphere=0.000000 room_sweep=0.000000 room_single=0.000000
2026-09-19 21:34:52.645 collision profile window_ms=1000 frames=68 max_call_ms body_collection=0.037000 body_solve=0.034000 body_position=0.024600 body_refine=0.001300 body_velocity=0.006700 addon_prepare_query=0.000000 addon_coherent_solve=0.000000 addon_visible_solve=0.000000 room_sphere=0.000000 room_sweep=0.000000 room_single=0.000000
2026-09-19 21:34:52.645 collision profile window_ms=1000 frames=68 calls body_collection=166 body_solve=166 body_position=166 body_refine=166 body_velocity=166 addon_prepare_query=0 addon_coherent_solve=0 addon_visible_solve=0 room_sphere=0 room_sweep=0 room_single=0
2026-09-19 21:34:52.645 collision profile window_ms=1000 frames=68 counts body_contacts=35 body_passes=236 body_jacobians=140 body_predictions=1723 addon_contacts=0 addon_passes=0 addon_gradients=0 room_nodes=0 room_triangles=0
2026-09-19 21:34:52.727 performance profile body-update person=Person02 system=penis update_rate_hz=-1 published_hz=67.4 sample_ms=5000
2026-09-19 21:34:52.778 performance profile body-update person=Person02 system=testicles update_rate_hz=-1 published_hz=67.4 sample_ms=5000
2026-09-19 21:34:53.641 performance profile window_ms=1000 frames=67 avg_ms total=2.557 housekeeping=0.036 bindings=0.346 diagnostics=0.003 colliders=0.222 axes=0.115 penis=0.370 penis_ownership=0.008 penis_gravity=0.005 penis_collision=0.038 penis_setup=0.011 penis_orientation=0.001 penis_translation=0.003 penis_solver=0.029 testicles=0.372 testicle_active=0.371 breasts=0.311 breasts_active=0.306 butt=0.342 butt_active=0.342 addons=0.431 addon_activation=0.134 addon_drive=0.092 addon_guard=0.001 addon_parent_pivot=0.000 addon_parent_translation=0.002 addon_parent_rotation=0.002 addon_gravity=0.001 addon_rotation_binding=0.000 addon_validation=0.085 addon_solver=0.201 addon_output=0.199 addon_cache=0.009 late=0.040 late_testicles=0.014 late_breasts=0.024 late_butt=0.003 traverse=0.000 addon_collision_body=0.000 addon_collision_self=0.000 addon_collision_addons=0.000 max_ms total=23.926 colliders=0.540 addons=2.177 calls late=67 traverse=0 body_collision=0 self_collision=0 addons_collision=0
2026-09-19 21:34:53.642 performance profile engine operation=symbols avg_ms=0.000000 max_call_ms=0.000000 calls_per_frame=0.00 window_ms=1000 frames=67 nested=1
2026-09-19 21:34:53.642 performance profile engine operation=find_object avg_ms=0.976833 max_call_ms=0.113400 calls_per_frame=4199.81 window_ms=1000 frames=67 nested=1
2026-09-19 21:34:53.642 performance profile engine operation=script_find avg_ms=0.000000 max_call_ms=0.000000 calls_per_frame=0.00 window_ms=1000 frames=67 nested=1
2026-09-19 21:34:53.642 performance profile engine operation=axis_lookup avg_ms=1.253769 max_call_ms=2.388700 calls_per_frame=43.04 window_ms=1000 frames=67 nested=1
2026-09-19 21:34:53.643 performance profile engine operation=pivot_query avg_ms=0.025685 max_call_ms=0.004700 calls_per_frame=93.00 window_ms=1000 frames=67 nested=1
2026-09-19 21:34:53.643 collision profile window_ms=1000 frames=67 avg_ms body_collection=0.024121 body_solve=0.018099 body_position=0.011100 body_refine=0.001733 body_velocity=0.004236 addon_prepare_query=0.000000 addon_coherent_solve=0.000000 addon_visible_solve=0.000000 room_sphere=0.000000 room_sweep=0.000000 room_single=0.000000
2026-09-19 21:34:53.643 collision profile window_ms=1000 frames=67 max_call_ms body_collection=0.030200 body_solve=0.086100 body_position=0.023800 body_refine=0.001300 body_velocity=0.064000 addon_prepare_query=0.000000 addon_coherent_solve=0.000000 addon_visible_solve=0.000000 room_sphere=0.000000 room_sweep=0.000000 room_single=0.000000
2026-09-19 21:34:53.643 collision profile window_ms=1000 frames=67 calls body_collection=164 body_solve=164 body_position=164 body_refine=164 body_velocity=164 addon_prepare_query=0 addon_coherent_solve=0 addon_visible_solve=0 room_sphere=0 room_sweep=0 room_single=0
2026-09-19 21:34:53.643 collision profile window_ms=1000 frames=67 counts body_contacts=35 body_passes=234 body_jacobians=140 body_predictions=1717 addon_contacts=0 addon_passes=0 addon_gradients=0 room_nodes=0 room_triangles=0
2026-09-19 21:34:54.647 performance profile window_ms=1000 frames=67 avg_ms total=2.484 housekeeping=0.037 bindings=0.341 diagnostics=0.003 colliders=0.223 axes=0.057 penis=0.361 penis_ownership=0.008 penis_gravity=0.005 penis_collision=0.039 penis_setup=0.011 penis_orientation=0.001 penis_translation=0.003 penis_solver=0.028 testicles=0.361 testicle_active=0.361 breasts=0.313 breasts_active=0.307 butt=0.352 butt_active=0.351 addons=0.424 addon_activation=0.129 addon_drive=0.093 addon_guard=0.001 addon_parent_pivot=0.000 addon_parent_translation=0.002 addon_parent_rotation=0.002 addon_gravity=0.001 addon_rotation_binding=0.000 addon_validation=0.086 addon_solver=0.199 addon_output=0.197 addon_cache=0.011 late=0.043 late_testicles=0.015 late_breasts=0.025 late_butt=0.003 traverse=0.000 addon_collision_body=0.000 addon_collision_self=0.000 addon_collision_addons=0.000 max_ms total=23.449 colliders=0.421 addons=2.227 calls late=67 traverse=0 body_collision=0 self_collision=0 addons_collision=0
2026-09-19 21:34:54.647 performance profile engine operation=symbols avg_ms=0.000000 max_call_ms=0.000000 calls_per_frame=0.00 window_ms=1000 frames=67 nested=1
2026-09-19 21:34:54.647 performance profile engine operation=find_object avg_ms=0.928490 max_call_ms=0.111500 calls_per_frame=3997.21 window_ms=1000 frames=67 nested=1
2026-09-19 21:34:54.647 performance profile engine operation=script_find avg_ms=0.000000 max_call_ms=0.000000 calls_per_frame=0.00 window_ms=1000 frames=67 nested=1
2026-09-19 21:34:54.648 performance profile engine operation=axis_lookup avg_ms=1.188907 max_call_ms=2.062100 calls_per_frame=42.90 window_ms=1000 frames=67 nested=1
2026-09-19 21:34:54.648 performance profile engine operation=pivot_query avg_ms=0.026522 max_call_ms=0.065300 calls_per_frame=93.00 window_ms=1000 frames=67 nested=1
2026-09-19 21:34:54.648 collision profile window_ms=1000 frames=67 avg_ms body_collection=0.025558 body_solve=0.017943 body_position=0.011658 body_refine=0.001784 body_velocity=0.003433 addon_prepare_query=0.000000 addon_coherent_solve=0.000000 addon_visible_solve=0.000000 room_sphere=0.000000 room_sweep=0.000000 room_single=0.000000
2026-09-19 21:34:54.648 collision profile window_ms=1000 frames=67 max_call_ms body_collection=0.034600 body_solve=0.039500 body_position=0.031700 body_refine=0.001300 body_velocity=0.006600 addon_prepare_query=0.000000 addon_coherent_solve=0.000000 addon_visible_solve=0.000000 room_sphere=0.000000 room_sweep=0.000000 room_single=0.000000
2026-09-19 21:34:54.648 collision profile window_ms=1000 frames=67 calls body_collection=168 body_solve=168 body_position=168 body_refine=168 body_velocity=168 addon_prepare_query=0 addon_coherent_solve=0 addon_visible_solve=0 room_sphere=0 room_sweep=0 room_single=0
2026-09-19 21:34:54.648 collision profile window_ms=1000 frames=67 counts body_contacts=36 body_passes=240 body_jacobians=144 body_predictions=1764 addon_contacts=0 addon_passes=0 addon_gradients=0 room_nodes=0 room_triangles=0
2026-09-19 21:34:55.350 performance profile body-update person=Person02 system=breasts update_rate_hz=-1 published_hz=67.8 sample_ms=5000
2026-09-19 21:34:55.350 performance profile body-update person=Person02 system=butt update_rate_hz=-1 published_hz=67.8 sample_ms=5000
2026-09-19 21:34:55.645 performance profile window_ms=1000 frames=66 avg_ms total=2.560 housekeeping=0.050 bindings=0.355 diagnostics=0.005 colliders=0.238 axes=0.062 penis=0.373 penis_ownership=0.008 penis_gravity=0.006 penis_collision=0.039 penis_setup=0.012 penis_orientation=0.001 penis_translation=0.003 penis_solver=0.030 testicles=0.365 testicle_active=0.364 breasts=0.321 breasts_active=0.315 butt=0.352 butt_active=0.352 addons=0.427 addon_activation=0.129 addon_drive=0.099 addon_guard=0.001 addon_parent_pivot=0.000 addon_parent_translation=0.002 addon_parent_rotation=0.002 addon_gravity=0.001 addon_rotation_binding=0.000 addon_validation=0.092 addon_solver=0.196 addon_output=0.194 addon_cache=0.012 late=0.042 late_testicles=0.015 late_breasts=0.024 late_butt=0.003 traverse=0.000 addon_collision_body=0.000 addon_collision_self=0.000 addon_collision_addons=0.000 max_ms total=24.562 colliders=0.435 addons=2.197 calls late=66 traverse=0 body_collision=0 self_collision=0 addons_collision=0
2026-09-19 21:34:55.646 performance profile engine operation=symbols avg_ms=0.000000 max_call_ms=0.000000 calls_per_frame=0.00 window_ms=1000 frames=66 nested=1
2026-09-19 21:34:55.646 performance profile engine operation=find_object avg_ms=0.939848 max_call_ms=0.087200 calls_per_frame=4057.02 window_ms=1000 frames=66 nested=1
2026-09-19 21:34:55.646 performance profile engine operation=script_find avg_ms=0.000000 max_call_ms=0.000000 calls_per_frame=0.00 window_ms=1000 frames=66 nested=1
2026-09-19 21:34:55.646 performance profile engine operation=axis_lookup avg_ms=1.206388 max_call_ms=2.129500 calls_per_frame=42.88 window_ms=1000 frames=66 nested=1
2026-09-19 21:34:55.647 performance profile engine operation=pivot_query avg_ms=0.028320 max_call_ms=0.012600 calls_per_frame=93.00 window_ms=1000 frames=66 nested=1
2026-09-19 21:34:55.647 collision profile window_ms=1000 frames=66 avg_ms body_collection=0.025838 body_solve=0.017397 body_position=0.011097 body_refine=0.001812 body_velocity=0.003335 addon_prepare_query=0.000000 addon_coherent_solve=0.000000 addon_visible_solve=0.000000 room_sphere=0.000000 room_sweep=0.000000 room_single=0.000000
2026-09-19 21:34:55.647 collision profile window_ms=1000 frames=66 max_call_ms body_collection=0.034900 body_solve=0.034000 body_position=0.026500 body_refine=0.001600 body_velocity=0.007400 addon_prepare_query=0.000000 addon_coherent_solve=0.000000 addon_visible_solve=0.000000 room_sphere=0.000000 room_sweep=0.000000 room_single=0.000000
2026-09-19 21:34:55.647 collision profile window_ms=1000 frames=66 calls body_collection=168 body_solve=168 body_position=168 body_refine=168 body_velocity=168 addon_prepare_query=0 addon_coherent_solve=0 addon_visible_solve=0 room_sphere=0 room_sweep=0 room_single=0
2026-09-19 21:34:55.647 collision profile window_ms=1000 frames=66 counts body_contacts=34 body_passes=236 body_jacobians=136 body_predictions=1694 addon_contacts=0 addon_passes=0 addon_gradients=0 room_nodes=0 room_triangles=0
2026-09-19 21:34:56.647 performance profile window_ms=1000 frames=67 avg_ms total=2.513 housekeeping=0.041 bindings=0.343 diagnostics=0.003 colliders=0.223 axes=0.058 penis=0.368 penis_ownership=0.010 penis_gravity=0.005 penis_collision=0.037 penis_setup=0.014 penis_orientation=0.001 penis_translation=0.004 penis_solver=0.029 testicles=0.353 testicle_active=0.352 breasts=0.313 breasts_active=0.308 butt=0.346 butt_active=0.345 addons=0.456 addon_activation=0.136 addon_drive=0.099 addon_guard=0.001 addon_parent_pivot=0.000 addon_parent_translation=0.002 addon_parent_rotation=0.002 addon_gravity=0.001 addon_rotation_binding=0.000 addon_validation=0.091 addon_solver=0.218 addon_output=0.216 addon_cache=0.010 late=0.041 late_testicles=0.014 late_breasts=0.024 late_butt=0.003 traverse=0.000 addon_collision_body=0.000 addon_collision_self=0.000 addon_collision_addons=0.000 max_ms total=23.526 colliders=0.503 addons=2.354 calls late=67 traverse=0 body_collision=0 self_collision=0 addons_collision=0
2026-09-19 21:34:56.648 performance profile engine operation=symbols avg_ms=0.000000 max_call_ms=0.000000 calls_per_frame=0.00 window_ms=1000 frames=67 nested=1
2026-09-19 21:34:56.648 performance profile engine operation=find_object avg_ms=0.926261 max_call_ms=0.093700 calls_per_frame=3997.30 window_ms=1000 frames=67 nested=1
2026-09-19 21:34:56.648 performance profile engine operation=script_find avg_ms=0.000000 max_call_ms=0.000000 calls_per_frame=0.00 window_ms=1000 frames=67 nested=1
2026-09-19 21:34:56.648 performance profile engine operation=axis_lookup avg_ms=1.188949 max_call_ms=2.101000 calls_per_frame=42.99 window_ms=1000 frames=67 nested=1
2026-09-19 21:34:56.649 performance profile engine operation=pivot_query avg_ms=0.025869 max_call_ms=0.007100 calls_per_frame=93.00 window_ms=1000 frames=67 nested=1
2026-09-19 21:34:56.649 collision profile window_ms=1000 frames=67 avg_ms body_collection=0.024815 body_solve=0.017140 body_position=0.010891 body_refine=0.001831 body_velocity=0.003321 addon_prepare_query=0.000000 addon_coherent_solve=0.000000 addon_visible_solve=0.000000 room_sphere=0.000000 room_sweep=0.000000 room_single=0.000000
2026-09-19 21:34:56.649 collision profile window_ms=1000 frames=67 max_call_ms body_collection=0.042800 body_solve=0.033600 body_position=0.024600 body_refine=0.001400 body_velocity=0.008000 addon_prepare_query=0.000000 addon_coherent_solve=0.000000 addon_visible_solve=0.000000 room_sphere=0.000000 room_sweep=0.000000 room_single=0.000000
2026-09-19 21:34:56.649 collision profile window_ms=1000 frames=67 calls body_collection=170 body_solve=170 body_position=170 body_refine=170 body_velocity=170 addon_prepare_query=0 addon_coherent_solve=0 addon_visible_solve=0 room_sphere=0 room_sweep=0 room_single=0
2026-09-19 21:34:56.649 collision profile window_ms=1000 frames=67 counts body_contacts=34 body_passes=238 body_jacobians=136 body_predictions=1700 addon_contacts=0 addon_passes=0 addon_gradients=0 room_nodes=0 room_triangles=0
2026-09-19 21:34:57.650 performance profile window_ms=1000 frames=66 avg_ms total=2.561 housekeeping=0.038 bindings=0.354 diagnostics=0.003 colliders=0.233 axes=0.059 penis=0.379 penis_ownership=0.008 penis_gravity=0.006 penis_collision=0.039 penis_setup=0.012 penis_orientation=0.001 penis_translation=0.003 penis_solver=0.030 testicles=0.370 testicle_active=0.370 breasts=0.312 breasts_active=0.307 butt=0.349 butt_active=0.348 addons=0.453 addon_activation=0.138 addon_drive=0.101 addon_guard=0.001 addon_parent_pivot=0.000 addon_parent_translation=0.002 addon_parent_rotation=0.002 addon_gravity=0.001 addon_rotation_binding=0.000 addon_validation=0.093 addon_solver=0.211 addon_output=0.209 addon_cache=0.011 late=0.042 late_testicles=0.015 late_breasts=0.024 late_butt=0.003 traverse=0.000 addon_collision_body=0.000 addon_collision_self=0.000 addon_collision_addons=0.000 max_ms total=24.040 colliders=0.519 addons=2.197 calls late=66 traverse=0 body_collision=0 self_collision=0 addons_collision=0
2026-09-19 21:34:57.651 performance profile engine operation=symbols avg_ms=0.000000 max_call_ms=0.000000 calls_per_frame=0.00 window_ms=1000 frames=66 nested=1
2026-09-19 21:34:57.651 performance profile engine operation=find_object avg_ms=0.944321 max_call_ms=0.114800 calls_per_frame=4057.14 window_ms=1000 frames=66 nested=1
2026-09-19 21:34:57.651 performance profile engine operation=script_find avg_ms=0.000000 max_call_ms=0.000000 calls_per_frame=0.00 window_ms=1000 frames=66 nested=1
2026-09-19 21:34:57.652 performance profile engine operation=axis_lookup avg_ms=1.214185 max_call_ms=2.296600 calls_per_frame=43.00 window_ms=1000 frames=66 nested=1
2026-09-19 21:34:57.652 performance profile engine operation=pivot_query avg_ms=0.027500 max_call_ms=0.004900 calls_per_frame=93.00 window_ms=1000 frames=66 nested=1
2026-09-19 21:34:57.652 collision profile window_ms=1000 frames=66 avg_ms body_collection=0.025902 body_solve=0.017800 body_position=0.011455 body_refine=0.001826 body_velocity=0.003409 addon_prepare_query=0.000000 addon_coherent_solve=0.000000 addon_visible_solve=0.000000 room_sphere=0.000000 room_sweep=0.000000 room_single=0.000000
2026-09-19 21:34:57.652 collision profile window_ms=1000 frames=66 max_call_ms body_collection=0.036100 body_solve=0.042000 body_position=0.033800 body_refine=0.001500 body_velocity=0.006700 addon_prepare_query=0.000000 addon_coherent_solve=0.000000 addon_visible_solve=0.000000 room_sphere=0.000000 room_sweep=0.000000 room_single=0.000000
2026-09-19 21:34:57.652 collision profile window_ms=1000 frames=66 calls body_collection=168 body_solve=168 body_position=168 body_refine=168 body_velocity=168 addon_prepare_query=0 addon_coherent_solve=0 addon_visible_solve=0 room_sphere=0 room_sweep=0 room_single=0
2026-09-19 21:34:57.653 collision profile window_ms=1000 frames=66 counts body_contacts=35 body_passes=238 body_jacobians=140 body_predictions=1729 addon_contacts=0 addon_passes=0 addon_gradients=0 room_nodes=0 room_triangles=0
2026-09-19 21:34:57.735 performance profile body-update person=Person02 system=penis update_rate_hz=-1 published_hz=66.6 sample_ms=5000
2026-09-19 21:34:57.777 performance profile body-update person=Person02 system=testicles update_rate_hz=-1 published_hz=66.6 sample_ms=5000
2026-09-19 21:34:58.651 performance profile window_ms=1000 frames=66 avg_ms total=2.581 housekeeping=0.040 bindings=0.345 diagnostics=0.003 colliders=0.225 axes=0.117 penis=0.375 penis_ownership=0.008 penis_gravity=0.006 penis_collision=0.039 penis_setup=0.012 penis_orientation=0.001 penis_translation=0.004 penis_solver=0.029 testicles=0.369 testicle_active=0.368 breasts=0.312 breasts_active=0.307 butt=0.347 butt_active=0.347 addons=0.437 addon_activation=0.131 addon_drive=0.097 addon_guard=0.001 addon_parent_pivot=0.000 addon_parent_translation=0.002 addon_parent_rotation=0.002 addon_gravity=0.001 addon_rotation_binding=0.000 addon_validation=0.090 addon_solver=0.206 addon_output=0.204 addon_cache=0.010 late=0.043 late_testicles=0.015 late_breasts=0.024 late_butt=0.003 traverse=0.000 addon_collision_body=0.000 addon_collision_self=0.000 addon_collision_addons=0.000 max_ms total=27.225 colliders=0.450 addons=2.245 calls late=66 traverse=0 body_collision=0 self_collision=0 addons_collision=0
2026-09-19 21:34:58.652 performance profile engine operation=symbols avg_ms=0.000000 max_call_ms=0.000000 calls_per_frame=0.00 window_ms=1000 frames=66 nested=1
2026-09-19 21:34:58.652 performance profile engine operation=find_object avg_ms=0.980170 max_call_ms=0.072500 calls_per_frame=4262.68 window_ms=1000 frames=66 nested=1
2026-09-19 21:34:58.652 performance profile engine operation=script_find avg_ms=0.000000 max_call_ms=0.000000 calls_per_frame=0.00 window_ms=1000 frames=66 nested=1
2026-09-19 21:34:58.652 performance profile engine operation=axis_lookup avg_ms=1.255155 max_call_ms=2.049500 calls_per_frame=43.03 window_ms=1000 frames=66 nested=1
2026-09-19 21:34:58.652 performance profile engine operation=pivot_query avg_ms=0.026761 max_call_ms=0.022200 calls_per_frame=93.00 window_ms=1000 frames=66 nested=1
2026-09-19 21:34:58.652 collision profile window_ms=1000 frames=66 avg_ms body_collection=0.025456 body_solve=0.017659 body_position=0.011309 body_refine=0.001791 body_velocity=0.003480 addon_prepare_query=0.000000 addon_coherent_solve=0.000000 addon_visible_solve=0.000000 room_sphere=0.000000 room_sweep=0.000000 room_single=0.000000
2026-09-19 21:34:58.652 collision profile window_ms=1000 frames=66 max_call_ms body_collection=0.034200 body_solve=0.031300 body_position=0.023100 body_refine=0.001300 body_velocity=0.006700 addon_prepare_query=0.000000 addon_coherent_solve=0.000000 addon_visible_solve=0.000000 room_sphere=0.000000 room_sweep=0.000000 room_single=0.000000
2026-09-19 21:34:58.652 collision profile window_ms=1000 frames=66 calls body_collection=164 body_solve=164 body_position=164 body_refine=164 body_velocity=164 addon_prepare_query=0 addon_coherent_solve=0 addon_visible_solve=0 room_sphere=0 room_sweep=0 room_single=0
2026-09-19 21:34:58.654 collision profile window_ms=1000 frames=66 counts body_contacts=35 body_passes=234 body_jacobians=140 body_predictions=1717 addon_contacts=0 addon_passes=0 addon_gradients=0 room_nodes=0 room_triangles=0
2026-09-19 21:34:59.644 performance profile window_ms=1000 frames=65 avg_ms total=2.527 housekeeping=0.040 bindings=0.352 diagnostics=0.003 colliders=0.232 axes=0.002 penis=0.374 penis_ownership=0.008 penis_gravity=0.006 penis_collision=0.039 penis_setup=0.012 penis_orientation=0.001 penis_translation=0.003 penis_solver=0.029 testicles=0.376 testicle_active=0.375 breasts=0.322 breasts_active=0.316 butt=0.357 butt_active=0.356 addons=0.459 addon_activation=0.134 addon_drive=0.110 addon_guard=0.001 addon_parent_pivot=0.000 addon_parent_translation=0.002 addon_parent_rotation=0.002 addon_gravity=0.001 addon_rotation_binding=0.000 addon_validation=0.103 addon_solver=0.213 addon_output=0.210 addon_cache=0.010 late=0.043 late_testicles=0.016 late_breasts=0.024 late_butt=0.003 traverse=0.000 addon_collision_body=0.000 addon_collision_self=0.000 addon_collision_addons=0.000 max_ms total=23.427 colliders=0.439 addons=3.577 calls late=65 traverse=0 body_collision=0 self_collision=0 addons_collision=0
2026-09-19 21:34:59.645 performance profile engine operation=symbols avg_ms=0.000000 max_call_ms=0.000000 calls_per_frame=0.00 window_ms=1000 frames=65 nested=1
2026-09-19 21:34:59.645 performance profile engine operation=find_object avg_ms=0.913211 max_call_ms=0.085500 calls_per_frame=3910.05 window_ms=1000 frames=65 nested=1
2026-09-19 21:34:59.645 performance profile engine operation=script_find avg_ms=0.000000 max_call_ms=0.000000 calls_per_frame=0.00 window_ms=1000 frames=65 nested=1
2026-09-19 21:34:59.646 performance profile engine operation=axis_lookup avg_ms=1.169402 max_call_ms=2.027000 calls_per_frame=42.92 window_ms=1000 frames=65 nested=1
2026-09-19 21:34:59.646 performance profile engine operation=pivot_query avg_ms=0.028652 max_call_ms=0.103600 calls_per_frame=93.00 window_ms=1000 frames=65 nested=1
2026-09-19 21:34:59.646 collision profile window_ms=1000 frames=65 avg_ms body_collection=0.026429 body_solve=0.017977 body_position=0.011589 body_refine=0.001777 body_velocity=0.003491 addon_prepare_query=0.000000 addon_coherent_solve=0.000000 addon_visible_solve=0.000000 room_sphere=0.000000 room_sweep=0.000000 room_single=0.000000
2026-09-19 21:34:59.646 collision profile window_ms=1000 frames=65 max_call_ms body_collection=0.047000 body_solve=0.032900 body_position=0.024200 body_refine=0.001400 body_velocity=0.007100 addon_prepare_query=0.000000 addon_coherent_solve=0.000000 addon_visible_solve=0.000000 room_sphere=0.000000 room_sweep=0.000000 room_single=0.000000
2026-09-19 21:34:59.646 collision profile window_ms=1000 frames=65 calls body_collection=160 body_solve=160 body_position=160 body_refine=160 body_velocity=160 addon_prepare_query=0 addon_coherent_solve=0 addon_visible_solve=0 room_sphere=0 room_sweep=0 room_single=0
2026-09-19 21:34:59.646 collision profile window_ms=1000 frames=65 counts body_contacts=35 body_passes=230 body_jacobians=140 body_predictions=1705 addon_contacts=0 addon_passes=0 addon_gradients=0 room_nodes=0 room_triangles=0
2026-09-19 21:35:00.343 performance profile body-update person=Person02 system=breasts update_rate_hz=-1 published_hz=64.2 sample_ms=5000
2026-09-19 21:35:00.344 performance profile body-update person=Person02 system=butt update_rate_hz=-1 published_hz=64.2 sample_ms=5000
2026-09-19 21:35:00.641 performance profile window_ms=1000 frames=60 avg_ms total=2.972 housekeeping=0.175 bindings=0.391 diagnostics=0.004 colliders=0.239 axes=0.130 penis=0.402 penis_ownership=0.008 penis_gravity=0.006 penis_collision=0.041 penis_setup=0.013 penis_orientation=0.001 penis_translation=0.004 penis_solver=0.030 testicles=0.400 testicle_active=0.399 breasts=0.351 breasts_active=0.345 butt=0.391 butt_active=0.390 addons=0.477 addon_activation=0.136 addon_drive=0.123 addon_guard=0.001 addon_parent_pivot=0.000 addon_parent_translation=0.002 addon_parent_rotation=0.002 addon_gravity=0.001 addon_rotation_binding=0.000 addon_validation=0.115 addon_solver=0.215 addon_output=0.213 addon_cache=0.011 late=0.043 late_testicles=0.016 late_breasts=0.024 late_butt=0.003 traverse=0.000 addon_collision_body=0.000 addon_collision_self=0.000 addon_collision_addons=0.000 max_ms total=24.179 colliders=0.549 addons=2.361 calls late=60 traverse=0 body_collision=0 self_collision=0 addons_collision=0
2026-09-19 21:35:00.641 performance profile engine operation=symbols avg_ms=0.000000 max_call_ms=0.000000 calls_per_frame=0.00 window_ms=1000 frames=60 nested=1
2026-09-19 21:35:00.642 performance profile engine operation=find_object avg_ms=1.077227 max_call_ms=0.117700 calls_per_frame=4684.12 window_ms=1000 frames=60 nested=1
2026-09-19 21:35:00.642 performance profile engine operation=script_find avg_ms=0.000000 max_call_ms=0.000000 calls_per_frame=0.00 window_ms=1000 frames=60 nested=1
2026-09-19 21:35:00.642 performance profile engine operation=axis_lookup avg_ms=1.388933 max_call_ms=2.149500 calls_per_frame=43.10 window_ms=1000 frames=60 nested=1
2026-09-19 21:35:00.642 performance profile engine operation=pivot_query avg_ms=0.026992 max_call_ms=0.017000 calls_per_frame=93.00 window_ms=1000 frames=60 nested=1
2026-09-19 21:35:00.642 collision profile window_ms=1000 frames=60 avg_ms body_collection=0.027293 body_solve=0.018938 body_position=0.012120 body_refine=0.002000 body_velocity=0.003662 addon_prepare_query=0.000000 addon_coherent_solve=0.000000 addon_visible_solve=0.000000 room_sphere=0.000000 room_sweep=0.000000 room_single=0.000000
2026-09-19 21:35:00.642 collision profile window_ms=1000 frames=60 max_call_ms body_collection=0.042900 body_solve=0.031000 body_position=0.023000 body_refine=0.007600 body_velocity=0.006700 addon_prepare_query=0.000000 addon_coherent_solve=0.000000 addon_visible_solve=0.000000 room_sphere=0.000000 room_sweep=0.000000 room_single=0.000000
2026-09-19 21:35:00.643 collision profile window_ms=1000 frames=60 calls body_collection=158 body_solve=158 body_position=158 body_refine=158 body_velocity=158 addon_prepare_query=0 addon_coherent_solve=0 addon_visible_solve=0 room_sphere=0 room_sweep=0 room_single=0
2026-09-19 21:35:00.643 collision profile window_ms=1000 frames=60 counts body_contacts=34 body_passes=226 body_jacobians=136 body_predictions=1664 addon_contacts=0 addon_passes=0 addon_gradients=0 room_nodes=0 room_triangles=0
2026-09-19 21:35:01.650 performance profile window_ms=1000 frames=82 avg_ms total=2.268 housekeeping=0.041 bindings=0.284 diagnostics=0.005 colliders=0.292 axes=0.002 penis=0.330 penis_ownership=0.009 penis_gravity=0.007 penis_collision=0.039 penis_setup=0.014 penis_orientation=0.001 penis_translation=0.005 penis_solver=0.030 testicles=0.324 testicle_active=0.323 breasts=0.268 breasts_active=0.259 butt=0.311 butt_active=0.310 addons=0.396 addon_activation=0.115 addon_drive=0.077 addon_guard=0.001 addon_parent_pivot=0.000 addon_parent_translation=0.002 addon_parent_rotation=0.002 addon_gravity=0.001 addon_rotation_binding=0.000 addon_validation=0.070 addon_solver=0.201 addon_output=0.199 addon_cache=0.014 late=0.042 late_testicles=0.015 late_breasts=0.025 late_butt=0.002 traverse=0.000 addon_collision_body=0.000 addon_collision_self=0.000 addon_collision_addons=0.000 max_ms total=24.272 colliders=0.562 addons=2.831 calls late=82 traverse=0 body_collision=0 self_collision=0 addons_collision=0
2026-09-19 21:35:01.650 performance profile engine operation=symbols avg_ms=0.000000 max_call_ms=0.000000 calls_per_frame=0.00 window_ms=1000 frames=82 nested=1
2026-09-19 21:35:01.650 performance profile engine operation=find_object avg_ms=0.747639 max_call_ms=0.076100 calls_per_frame=3109.04 window_ms=1000 frames=82 nested=1
2026-09-19 21:35:01.650 performance profile engine operation=script_find avg_ms=0.000000 max_call_ms=0.000000 calls_per_frame=0.00 window_ms=1000 frames=82 nested=1
2026-09-19 21:35:01.651 performance profile engine operation=axis_lookup avg_ms=0.950667 max_call_ms=2.165000 calls_per_frame=42.39 window_ms=1000 frames=82 nested=1
2026-09-19 21:35:01.651 performance profile engine operation=pivot_query avg_ms=0.032339 max_call_ms=0.048300 calls_per_frame=93.00 window_ms=1000 frames=82 nested=1
2026-09-19 21:35:01.651 collision profile window_ms=1000 frames=82 avg_ms body_collection=0.029911 body_solve=0.014198 body_position=0.008649 body_refine=0.001711 body_velocity=0.002596 addon_prepare_query=0.000000 addon_coherent_solve=0.000000 addon_visible_solve=0.000000 room_sphere=0.000000 room_sweep=0.000000 room_single=0.000000
2026-09-19 21:35:01.652 collision profile window_ms=1000 frames=82 max_call_ms body_collection=0.054500 body_solve=0.035500 body_position=0.028100 body_refine=0.001900 body_velocity=0.008100 addon_prepare_query=0.000000 addon_coherent_solve=0.000000 addon_visible_solve=0.000000 room_sphere=0.000000 room_sweep=0.000000 room_single=0.000000
2026-09-19 21:35:01.652 collision profile window_ms=1000 frames=82 calls body_collection=186 body_solve=186 body_position=186 body_refine=186 body_velocity=186 addon_prepare_query=0 addon_coherent_solve=0 addon_visible_solve=0 room_sphere=0 room_sweep=0 room_single=0
2026-09-19 21:35:01.652 collision profile window_ms=1000 frames=82 counts body_contacts=32 body_passes=250 body_jacobians=128 body_predictions=1678 addon_contacts=0 addon_passes=0 addon_gradients=0 room_nodes=0 room_triangles=0
2026-09-19 21:35:01.899 physics room lifecycle command=Exit note="wind and room bone bindings retired before native disposal; shutdown=1"
