2026-09-19 21:42:18.986 NC-TK17-PhysX.dll attached
2026-09-19 21:42:19.040 incoming collision-strength breasts=1.000 butt=1.000 penis=1.000 testicle=1.000
2026-09-19 21:42:19.104 incoming collision-strength breasts=1.000 butt=1.000 penis=1.000 testicle=1.000
2026-09-19 21:42:19.104 PoseEdit file handoff reset-hook installed target=004c8090
2026-09-19 21:42:19.104 PoseEdit file handoff queue-hook installed target=004e6e90
2026-09-19 21:42:19.105 PoseEdit file handoff fade-ready-hook installed target=005fb200
2026-09-19 21:42:19.105 settings slider numeric callback installed target=004ff510 previous=05ca0000
2026-09-19 21:42:19.106 settings slider creation hook installed target=005c34f0 previous=72e84870
2026-09-19 21:42:19.122 sidecar loaded enabled=1 chains=4 path="C:\Users\ErolB\Desktop\Games\TK17\The Klub 17\Addons\Accessory.[NC].NcEarring2 - Heart Earring\Scenes\Shared\Cloth\NcEarring2L.physx.ini"
2026-09-19 21:42:19.133 sidecar loaded enabled=1 chains=4 path="C:\Users\ErolB\Desktop\Games\TK17\The Klub 17\Addons\Accessory.[NC].NcEarring2 - Heart Earring\Scenes\Shared\Cloth\NcEarring2R.physx.ini"
2026-09-19 21:42:19.143 sidecar loaded enabled=1 chains=4 path="C:\Users\ErolB\Desktop\Games\TK17\The Klub 17\Addons\Accessory.[NC].NcEarring5 - Julia Earring\Scenes\Shared\Cloth\NcEarring5L.physx.ini"
2026-09-19 21:42:19.150 sidecar loaded enabled=1 chains=4 path="C:\Users\ErolB\Desktop\Games\TK17\The Klub 17\Addons\Accessory.[NC].NcEarring5 - Julia Earring\Scenes\Shared\Cloth\NcEarring5R.physx.ini"
2026-09-19 21:42:19.163 sidecar loaded enabled=1 chains=4 path="C:\Users\ErolB\Desktop\Games\TK17\The Klub 17\Addons\Accessory.[NC].NcEarring6 - D&G Earrings\Scenes\Shared\Cloth\NcEarring6L.physx.ini"
2026-09-19 21:42:19.176 sidecar loaded enabled=1 chains=4 path="C:\Users\ErolB\Desktop\Games\TK17\The Klub 17\Addons\Accessory.[NC].NcEarring6 - D&G Earrings\Scenes\Shared\Cloth\NcEarring6R.physx.ini"
2026-09-19 21:42:19.218 sidecar loaded enabled=1 chains=4 path="C:\Users\ErolB\Desktop\Games\TK17\The Klub 17\Addons\Clothes.[NC].NcEarring1 & NcRing1 - Leah's Accessory\Scenes\Shared\Cloth\NcEarring1R.physx.ini"
2026-09-19 21:42:19.258 sidecar loaded enabled=1 chains=8 path="C:\Users\ErolB\Desktop\Games\TK17\The Klub 17\Addons\Clothes.[NC].Playboy Accessories Pack\Scenes\Shared\Cloth\NcHat008.physx.ini"
2026-09-19 21:42:19.310 sidecar loaded enabled=1 chains=16 path="C:\Users\ErolB\Desktop\Games\TK17\The Klub 17\Addons\Hair.[NC].NcHair15 - Fiesta\Scenes\Shared\Hair\NcHair15.physx.ini"
2026-09-19 21:42:19.537 sidecar loaded enabled=1 chains=29 path="C:\Users\ErolB\Desktop\Games\TK17\The Klub 17\Addons\Room.[NC].NcRoom6 - Backyard Pool Revamped\Scenes\Luder\Room\NcRoom6\NcRoom6.physx.ini"
2026-09-19 21:42:21.113 incoming collision-strength breasts=1.000 butt=1.000 penis=1.000 testicle=1.000
2026-09-19 21:42:21.115 on_create
2026-09-19 21:42:38.094 performance profile window_ms=7000 frames=2 avg_ms total=9.800 housekeeping=9.223 bindings=0.362 diagnostics=0.017 colliders=0.026 axes=0.010 penis=0.037 penis_ownership=0.000 penis_gravity=0.000 penis_collision=0.000 penis_setup=0.000 penis_orientation=0.000 penis_translation=0.000 penis_solver=0.000 testicles=0.018 testicle_active=0.017 breasts=0.020 breasts_active=0.020 butt=0.020 butt_active=0.020 addons=0.047 addon_activation=0.042 addon_drive=0.000 addon_guard=0.000 addon_parent_pivot=0.000 addon_parent_translation=0.000 addon_parent_rotation=0.000 addon_gravity=0.000 addon_rotation_binding=0.000 addon_validation=0.000 addon_solver=0.000 addon_output=0.000 addon_cache=0.016 late=0.000 late_testicles=0.000 late_breasts=0.000 late_butt=0.000 traverse=0.000 addon_collision_body=0.000 addon_collision_self=0.000 addon_collision_addons=0.000 max_ms total=11.120 colliders=0.032 addons=0.087 calls late=1 traverse=0 body_collision=0 self_collision=0 addons_collision=0
2026-09-19 21:42:38.094 performance profile engine operation=symbols avg_ms=0.000000 max_call_ms=0.000000 calls_per_frame=0.00 window_ms=7000 frames=2 nested=1
2026-09-19 21:42:38.094 performance profile engine operation=find_object avg_ms=0.061150 max_call_ms=0.009500 calls_per_frame=243.00 window_ms=7000 frames=2 nested=1
2026-09-19 21:42:38.095 performance profile engine operation=script_find avg_ms=0.000000 max_call_ms=0.000000 calls_per_frame=0.00 window_ms=7000 frames=2 nested=1
2026-09-19 21:42:38.095 performance profile engine operation=axis_lookup avg_ms=0.016400 max_call_ms=0.007900 calls_per_frame=40.00 window_ms=7000 frames=2 nested=1
2026-09-19 21:42:38.095 performance profile engine operation=pivot_query avg_ms=0.000000 max_call_ms=0.000000 calls_per_frame=0.00 window_ms=7000 frames=2 nested=1
2026-09-19 21:42:38.095 collision profile window_ms=7000 frames=2 avg_ms body_collection=0.000000 body_solve=0.000000 body_position=0.000000 body_refine=0.000000 body_velocity=0.000000 addon_prepare_query=0.000000 addon_coherent_solve=0.000000 addon_visible_solve=0.000000 room_sphere=0.000000 room_sweep=0.000000 room_single=0.000000
2026-09-19 21:42:38.096 collision profile window_ms=7000 frames=2 max_call_ms body_collection=0.000000 body_solve=0.000000 body_position=0.000000 body_refine=0.000000 body_velocity=0.000000 addon_prepare_query=0.000000 addon_coherent_solve=0.000000 addon_visible_solve=0.000000 room_sphere=0.000000 room_sweep=0.000000 room_single=0.000000
2026-09-19 21:42:38.096 collision profile window_ms=7000 frames=2 calls body_collection=0 body_solve=0 body_position=0 body_refine=0 body_velocity=0 addon_prepare_query=0 addon_coherent_solve=0 addon_visible_solve=0 room_sphere=0 room_sweep=0 room_single=0
2026-09-19 21:42:38.096 collision profile window_ms=7000 frames=2 counts body_contacts=0 body_passes=0 body_jacobians=0 body_predictions=0 addon_contacts=0 addon_passes=0 addon_gradients=0 room_nodes=0 room_triangles=0
2026-09-19 21:42:39.084 performance profile window_ms=1000 frames=44282 avg_ms total=0.010 housekeeping=0.000 bindings=0.000 diagnostics=0.000 colliders=0.007 axes=0.000 penis=0.000 penis_ownership=0.000 penis_gravity=0.000 penis_collision=0.000 penis_setup=0.000 penis_orientation=0.000 penis_translation=0.000 penis_solver=0.000 testicles=0.000 testicle_active=0.000 breasts=0.000 breasts_active=0.000 butt=0.000 butt_active=0.000 addons=0.000 addon_activation=0.000 addon_drive=0.000 addon_guard=0.000 addon_parent_pivot=0.000 addon_parent_translation=0.000 addon_parent_rotation=0.000 addon_gravity=0.000 addon_rotation_binding=0.000 addon_validation=0.000 addon_solver=0.000 addon_output=0.000 addon_cache=0.001 late=0.000 late_testicles=0.000 late_breasts=0.000 late_butt=0.000 traverse=0.000 addon_collision_body=0.000 addon_collision_self=0.000 addon_collision_addons=0.000 max_ms total=0.441 colliders=0.249 addons=0.111 calls late=44282 traverse=0 body_collision=0 self_collision=0 addons_collision=0
2026-09-19 21:42:39.084 performance profile engine operation=symbols avg_ms=0.000000 max_call_ms=0.000000 calls_per_frame=0.00 window_ms=1000 frames=44282 nested=1
2026-09-19 21:42:39.085 performance profile engine operation=find_object avg_ms=0.001227 max_call_ms=0.237700 calls_per_frame=8.00 window_ms=1000 frames=44282 nested=1
2026-09-19 21:42:39.085 performance profile engine operation=script_find avg_ms=0.000000 max_call_ms=0.000000 calls_per_frame=0.00 window_ms=1000 frames=44282 nested=1
2026-09-19 21:42:39.085 performance profile engine operation=axis_lookup avg_ms=0.002498 max_call_ms=0.238200 calls_per_frame=8.00 window_ms=1000 frames=44282 nested=1
2026-09-19 21:42:39.085 performance profile engine operation=pivot_query avg_ms=0.000000 max_call_ms=0.000000 calls_per_frame=0.00 window_ms=1000 frames=44282 nested=1
2026-09-19 21:42:39.086 collision profile window_ms=1000 frames=44282 avg_ms body_collection=0.000000 body_solve=0.000000 body_position=0.000000 body_refine=0.000000 body_velocity=0.000000 addon_prepare_query=0.000000 addon_coherent_solve=0.000000 addon_visible_solve=0.000000 room_sphere=0.000000 room_sweep=0.000000 room_single=0.000000
2026-09-19 21:42:39.086 collision profile window_ms=1000 frames=44282 max_call_ms body_collection=0.000000 body_solve=0.000000 body_position=0.000000 body_refine=0.000000 body_velocity=0.000000 addon_prepare_query=0.000000 addon_coherent_solve=0.000000 addon_visible_solve=0.000000 room_sphere=0.000000 room_sweep=0.000000 room_single=0.000000
2026-09-19 21:42:39.086 collision profile window_ms=1000 frames=44282 calls body_collection=0 body_solve=0 body_position=0 body_refine=0 body_velocity=0 addon_prepare_query=0 addon_coherent_solve=0 addon_visible_solve=0 room_sphere=0 room_sweep=0 room_single=0
2026-09-19 21:42:39.086 collision profile window_ms=1000 frames=44282 counts body_contacts=0 body_passes=0 body_jacobians=0 body_predictions=0 addon_contacts=0 addon_passes=0 addon_gradients=0 room_nodes=0 room_triangles=0
2026-09-19 21:42:40.084 performance profile window_ms=1000 frames=45975 avg_ms total=0.010 housekeeping=0.000 bindings=0.000 diagnostics=0.000 colliders=0.006 axes=0.000 penis=0.000 penis_ownership=0.000 penis_gravity=0.000 penis_collision=0.000 penis_setup=0.000 penis_orientation=0.000 penis_translation=0.000 penis_solver=0.000 testicles=0.000 testicle_active=0.000 breasts=0.000 breasts_active=0.000 butt=0.000 butt_active=0.000 addons=0.000 addon_activation=0.000 addon_drive=0.000 addon_guard=0.000 addon_parent_pivot=0.000 addon_parent_translation=0.000 addon_parent_rotation=0.000 addon_gravity=0.000 addon_rotation_binding=0.000 addon_validation=0.000 addon_solver=0.000 addon_output=0.000 addon_cache=0.001 late=0.000 late_testicles=0.000 late_breasts=0.000 late_butt=0.000 traverse=0.000 addon_collision_body=0.000 addon_collision_self=0.000 addon_collision_addons=0.000 max_ms total=0.588 colliders=0.277 addons=0.143 calls late=45975 traverse=0 body_collision=0 self_collision=0 addons_collision=0
2026-09-19 21:42:40.085 performance profile engine operation=symbols avg_ms=0.000000 max_call_ms=0.000000 calls_per_frame=0.00 window_ms=1000 frames=45975 nested=1
2026-09-19 21:42:40.085 performance profile engine operation=find_object avg_ms=0.001191 max_call_ms=0.267800 calls_per_frame=8.00 window_ms=1000 frames=45975 nested=1
2026-09-19 21:42:40.085 performance profile engine operation=script_find avg_ms=0.000000 max_call_ms=0.000000 calls_per_frame=0.00 window_ms=1000 frames=45975 nested=1
2026-09-19 21:42:40.086 performance profile engine operation=axis_lookup avg_ms=0.002445 max_call_ms=0.268200 calls_per_frame=8.00 window_ms=1000 frames=45975 nested=1
2026-09-19 21:42:40.086 performance profile engine operation=pivot_query avg_ms=0.000000 max_call_ms=0.000000 calls_per_frame=0.00 window_ms=1000 frames=45975 nested=1
2026-09-19 21:42:40.086 collision profile window_ms=1000 frames=45975 avg_ms body_collection=0.000000 body_solve=0.000000 body_position=0.000000 body_refine=0.000000 body_velocity=0.000000 addon_prepare_query=0.000000 addon_coherent_solve=0.000000 addon_visible_solve=0.000000 room_sphere=0.000000 room_sweep=0.000000 room_single=0.000000
2026-09-19 21:42:40.086 collision profile window_ms=1000 frames=45975 max_call_ms body_collection=0.000000 body_solve=0.000000 body_position=0.000000 body_refine=0.000000 body_velocity=0.000000 addon_prepare_query=0.000000 addon_coherent_solve=0.000000 addon_visible_solve=0.000000 room_sphere=0.000000 room_sweep=0.000000 room_single=0.000000
2026-09-19 21:42:40.086 collision profile window_ms=1000 frames=45975 calls body_collection=0 body_solve=0 body_position=0 body_refine=0 body_velocity=0 addon_prepare_query=0 addon_coherent_solve=0 addon_visible_solve=0 room_sphere=0 room_sweep=0 room_single=0
2026-09-19 21:42:40.086 collision profile window_ms=1000 frames=45975 counts body_contacts=0 body_passes=0 body_jacobians=0 body_predictions=0 addon_contacts=0 addon_passes=0 addon_gradients=0 room_nodes=0 room_triangles=0
2026-09-19 21:42:46.209 incoming collision-strength breasts=1.000 butt=1.000 penis=1.000 testicle=1.000
2026-09-19 21:42:46.234 performance profile window_ms=6063 frames=3 avg_ms total=29.799 housekeeping=32.880 bindings=0.561 diagnostics=0.005 colliders=0.937 axes=0.842 penis=0.226 penis_ownership=0.000 penis_gravity=0.000 penis_collision=0.000 penis_setup=0.000 penis_orientation=0.000 penis_translation=0.000 penis_solver=0.000 testicles=0.081 testicle_active=0.080 breasts=0.183 breasts_active=0.183 butt=0.017 butt_active=0.017 addons=0.108 addon_activation=0.105 addon_drive=0.000 addon_guard=0.000 addon_parent_pivot=0.000 addon_parent_translation=0.000 addon_parent_rotation=0.000 addon_gravity=0.000 addon_rotation_binding=0.000 addon_validation=0.000 addon_solver=0.000 addon_output=0.000 addon_cache=0.017 late=0.003 late_testicles=0.002 late_breasts=0.001 late_butt=0.000 traverse=0.000 addon_collision_body=0.000 addon_collision_self=0.000 addon_collision_addons=0.000 max_ms total=76.470 colliders=1.481 addons=0.119 calls late=4 traverse=0 body_collision=0 self_collision=0 addons_collision=0
2026-09-19 21:42:46.234 performance profile engine operation=symbols avg_ms=0.000000 max_call_ms=0.000000 calls_per_frame=0.00 window_ms=6063 frames=3 nested=1
2026-09-19 21:42:46.234 performance profile engine operation=find_object avg_ms=2.045767 max_call_ms=0.022200 calls_per_frame=12639.33 window_ms=6063 frames=3 nested=1
2026-09-19 21:42:46.234 performance profile engine operation=script_find avg_ms=0.000000 max_call_ms=0.000000 calls_per_frame=0.00 window_ms=6063 frames=3 nested=1
2026-09-19 21:42:46.234 performance profile engine operation=axis_lookup avg_ms=2.994800 max_call_ms=0.226000 calls_per_frame=44.00 window_ms=6063 frames=3 nested=1
2026-09-19 21:42:46.235 performance profile engine operation=pivot_query avg_ms=0.000000 max_call_ms=0.000000 calls_per_frame=0.00 window_ms=6063 frames=3 nested=1
2026-09-19 21:42:46.235 collision profile window_ms=6063 frames=3 avg_ms body_collection=0.000000 body_solve=0.000000 body_position=0.000000 body_refine=0.000000 body_velocity=0.000000 addon_prepare_query=0.000000 addon_coherent_solve=0.000000 addon_visible_solve=0.000000 room_sphere=0.000000 room_sweep=0.000000 room_single=0.000000
2026-09-19 21:42:46.235 collision profile window_ms=6063 frames=3 max_call_ms body_collection=0.000000 body_solve=0.000000 body_position=0.000000 body_refine=0.000000 body_velocity=0.000000 addon_prepare_query=0.000000 addon_coherent_solve=0.000000 addon_visible_solve=0.000000 room_sphere=0.000000 room_sweep=0.000000 room_single=0.000000
2026-09-19 21:42:46.235 collision profile window_ms=6063 frames=3 calls body_collection=0 body_solve=0 body_position=0 body_refine=0 body_velocity=0 addon_prepare_query=0 addon_coherent_solve=0 addon_visible_solve=0 room_sphere=0 room_sweep=0 room_single=0
2026-09-19 21:42:46.236 collision profile window_ms=6063 frames=3 counts body_contacts=0 body_passes=0 body_jacobians=0 body_predictions=0 addon_contacts=0 addon_passes=0 addon_gradients=0 room_nodes=0 room_triangles=0
2026-09-19 21:42:47.151 performance profile window_ms=1000 frames=420 avg_ms total=1.806 housekeeping=0.027 bindings=0.005 diagnostics=0.001 colliders=1.731 axes=0.000 penis=0.001 penis_ownership=0.000 penis_gravity=0.000 penis_collision=0.000 penis_setup=0.000 penis_orientation=0.000 penis_translation=0.000 penis_solver=0.000 testicles=0.001 testicle_active=0.001 breasts=0.018 breasts_active=0.018 butt=0.001 butt_active=0.001 addons=0.014 addon_activation=0.013 addon_drive=0.000 addon_guard=0.000 addon_parent_pivot=0.000 addon_parent_translation=0.000 addon_parent_rotation=0.000 addon_gravity=0.000 addon_rotation_binding=0.000 addon_validation=0.000 addon_solver=0.000 addon_output=0.000 addon_cache=0.006 late=0.001 late_testicles=0.000 late_breasts=0.000 late_butt=0.000 traverse=0.000 addon_collision_body=0.000 addon_collision_self=0.000 addon_collision_addons=0.000 max_ms total=11.448 colliders=3.558 addons=0.239 calls late=420 traverse=0 body_collision=0 self_collision=0 addons_collision=0
2026-09-19 21:42:47.151 performance profile engine operation=symbols avg_ms=0.000000 max_call_ms=0.000000 calls_per_frame=0.00 window_ms=1000 frames=420 nested=1
2026-09-19 21:42:47.151 performance profile engine operation=find_object avg_ms=1.188334 max_call_ms=0.217600 calls_per_frame=7156.22 window_ms=1000 frames=420 nested=1
2026-09-19 21:42:47.152 performance profile engine operation=script_find avg_ms=0.000000 max_call_ms=0.000000 calls_per_frame=0.00 window_ms=1000 frames=420 nested=1
2026-09-19 21:42:47.152 performance profile engine operation=axis_lookup avg_ms=1.739159 max_call_ms=1.412000 calls_per_frame=8.35 window_ms=1000 frames=420 nested=1
2026-09-19 21:42:47.152 performance profile engine operation=pivot_query avg_ms=0.000000 max_call_ms=0.000000 calls_per_frame=0.00 window_ms=1000 frames=420 nested=1
2026-09-19 21:42:47.153 collision profile window_ms=1000 frames=420 avg_ms body_collection=0.000000 body_solve=0.000000 body_position=0.000000 body_refine=0.000000 body_velocity=0.000000 addon_prepare_query=0.000000 addon_coherent_solve=0.000000 addon_visible_solve=0.000000 room_sphere=0.000000 room_sweep=0.000000 room_single=0.000000
2026-09-19 21:42:47.153 collision profile window_ms=1000 frames=420 max_call_ms body_collection=0.000000 body_solve=0.000000 body_position=0.000000 body_refine=0.000000 body_velocity=0.000000 addon_prepare_query=0.000000 addon_coherent_solve=0.000000 addon_visible_solve=0.000000 room_sphere=0.000000 room_sweep=0.000000 room_single=0.000000
2026-09-19 21:42:47.153 collision profile window_ms=1000 frames=420 calls body_collection=0 body_solve=0 body_position=0 body_refine=0 body_velocity=0 addon_prepare_query=0 addon_coherent_solve=0 addon_visible_solve=0 room_sphere=0 room_sweep=0 room_single=0
2026-09-19 21:42:47.154 collision profile window_ms=1000 frames=420 counts body_contacts=0 body_passes=0 body_jacobians=0 body_predictions=0 addon_contacts=0 addon_passes=0 addon_gradients=0 room_nodes=0 room_triangles=0
2026-09-19 21:42:48.150 performance profile window_ms=1000 frames=429 avg_ms total=2.069 housekeeping=0.007 bindings=0.005 diagnostics=0.001 colliders=2.003 axes=0.003 penis=0.001 penis_ownership=0.000 penis_gravity=0.000 penis_collision=0.000 penis_setup=0.000 penis_orientation=0.000 penis_translation=0.000 penis_solver=0.000 testicles=0.001 testicle_active=0.001 breasts=0.022 breasts_active=0.022 butt=0.001 butt_active=0.001 addons=0.015 addon_activation=0.014 addon_drive=0.000 addon_guard=0.000 addon_parent_pivot=0.000 addon_parent_translation=0.000 addon_parent_rotation=0.000 addon_gravity=0.000 addon_rotation_binding=0.000 addon_validation=0.000 addon_solver=0.000 addon_output=0.000 addon_cache=0.008 late=0.001 late_testicles=0.000 late_breasts=0.000 late_butt=0.000 traverse=0.000 addon_collision_body=0.000 addon_collision_self=0.000 addon_collision_addons=0.000 max_ms total=4.222 colliders=2.542 addons=0.159 calls late=429 traverse=0 body_collision=0 self_collision=0 addons_collision=0
2026-09-19 21:42:48.151 performance profile engine operation=symbols avg_ms=0.000000 max_call_ms=0.000000 calls_per_frame=0.00 window_ms=1000 frames=429 nested=1
2026-09-19 21:42:48.151 performance profile engine operation=find_object avg_ms=1.388951 max_call_ms=0.406400 calls_per_frame=7162.90 window_ms=1000 frames=429 nested=1
2026-09-19 21:42:48.151 performance profile engine operation=script_find avg_ms=0.000000 max_call_ms=0.000000 calls_per_frame=0.00 window_ms=1000 frames=429 nested=1
2026-09-19 21:42:48.151 performance profile engine operation=axis_lookup avg_ms=2.014729 max_call_ms=0.732300 calls_per_frame=8.37 window_ms=1000 frames=429 nested=1
2026-09-19 21:42:48.152 performance profile engine operation=pivot_query avg_ms=0.000000 max_call_ms=0.000000 calls_per_frame=0.00 window_ms=1000 frames=429 nested=1
2026-09-19 21:42:48.152 collision profile window_ms=1000 frames=429 avg_ms body_collection=0.000000 body_solve=0.000000 body_position=0.000000 body_refine=0.000000 body_velocity=0.000000 addon_prepare_query=0.000000 addon_coherent_solve=0.000000 addon_visible_solve=0.000000 room_sphere=0.000000 room_sweep=0.000000 room_single=0.000000
2026-09-19 21:42:48.152 collision profile window_ms=1000 frames=429 max_call_ms body_collection=0.000000 body_solve=0.000000 body_position=0.000000 body_refine=0.000000 body_velocity=0.000000 addon_prepare_query=0.000000 addon_coherent_solve=0.000000 addon_visible_solve=0.000000 room_sphere=0.000000 room_sweep=0.000000 room_single=0.000000
2026-09-19 21:42:48.153 collision profile window_ms=1000 frames=429 calls body_collection=0 body_solve=0 body_position=0 body_refine=0 body_velocity=0 addon_prepare_query=0 addon_coherent_solve=0 addon_visible_solve=0 room_sphere=0 room_sweep=0 room_single=0
2026-09-19 21:42:48.153 collision profile window_ms=1000 frames=429 counts body_contacts=0 body_passes=0 body_jacobians=0 body_predictions=0 addon_contacts=0 addon_passes=0 addon_gradients=0 room_nodes=0 room_triangles=0
2026-09-19 21:42:49.150 performance profile window_ms=1000 frames=525 avg_ms total=1.717 housekeeping=0.005 bindings=0.003 diagnostics=0.001 colliders=1.673 axes=0.001 penis=0.001 penis_ownership=0.000 penis_gravity=0.000 penis_collision=0.000 penis_setup=0.000 penis_orientation=0.000 penis_translation=0.000 penis_solver=0.000 testicles=0.001 testicle_active=0.000 breasts=0.016 breasts_active=0.015 butt=0.001 butt_active=0.001 addons=0.010 addon_activation=0.010 addon_drive=0.000 addon_guard=0.000 addon_parent_pivot=0.000 addon_parent_translation=0.000 addon_parent_rotation=0.000 addon_gravity=0.000 addon_rotation_binding=0.000 addon_validation=0.000 addon_solver=0.000 addon_output=0.000 addon_cache=0.005 late=0.000 late_testicles=0.000 late_breasts=0.000 late_butt=0.000 traverse=0.000 addon_collision_body=0.000 addon_collision_self=0.000 addon_collision_addons=0.000 max_ms total=3.511 colliders=2.244 addons=0.146 calls late=525 traverse=0 body_collision=0 self_collision=0 addons_collision=0
2026-09-19 21:42:49.150 performance profile engine operation=symbols avg_ms=0.000000 max_call_ms=0.000000 calls_per_frame=0.00 window_ms=1000 frames=525 nested=1
2026-09-19 21:42:49.150 performance profile engine operation=find_object avg_ms=1.148448 max_call_ms=0.145900 calls_per_frame=7144.36 window_ms=1000 frames=525 nested=1
2026-09-19 21:42:49.150 performance profile engine operation=script_find avg_ms=0.000000 max_call_ms=0.000000 calls_per_frame=0.00 window_ms=1000 frames=525 nested=1
2026-09-19 21:42:49.150 performance profile engine operation=axis_lookup avg_ms=1.680027 max_call_ms=0.401000 calls_per_frame=8.29 window_ms=1000 frames=525 nested=1
2026-09-19 21:42:49.151 performance profile engine operation=pivot_query avg_ms=0.000000 max_call_ms=0.000000 calls_per_frame=0.00 window_ms=1000 frames=525 nested=1
2026-09-19 21:42:49.151 collision profile window_ms=1000 frames=525 avg_ms body_collection=0.000000 body_solve=0.000000 body_position=0.000000 body_refine=0.000000 body_velocity=0.000000 addon_prepare_query=0.000000 addon_coherent_solve=0.000000 addon_visible_solve=0.000000 room_sphere=0.000000 room_sweep=0.000000 room_single=0.000000
2026-09-19 21:42:49.151 collision profile window_ms=1000 frames=525 max_call_ms body_collection=0.000000 body_solve=0.000000 body_position=0.000000 body_refine=0.000000 body_velocity=0.000000 addon_prepare_query=0.000000 addon_coherent_solve=0.000000 addon_visible_solve=0.000000 room_sphere=0.000000 room_sweep=0.000000 room_single=0.000000
2026-09-19 21:42:49.151 collision profile window_ms=1000 frames=525 calls body_collection=0 body_solve=0 body_position=0 body_refine=0 body_velocity=0 addon_prepare_query=0 addon_coherent_solve=0 addon_visible_solve=0 room_sphere=0 room_sweep=0 room_single=0
2026-09-19 21:42:49.152 collision profile window_ms=1000 frames=525 counts body_contacts=0 body_passes=0 body_jacobians=0 body_predictions=0 addon_contacts=0 addon_passes=0 addon_gradients=0 room_nodes=0 room_triangles=0
2026-09-19 21:42:50.150 performance profile window_ms=1000 frames=584 avg_ms total=1.560 housekeeping=0.004 bindings=0.003 diagnostics=0.001 colliders=1.524 axes=0.001 penis=0.001 penis_ownership=0.000 penis_gravity=0.000 penis_collision=0.000 penis_setup=0.000 penis_orientation=0.000 penis_translation=0.000 penis_solver=0.000 testicles=0.001 testicle_active=0.000 breasts=0.012 breasts_active=0.012 butt=0.001 butt_active=0.000 addons=0.008 addon_activation=0.008 addon_drive=0.000 addon_guard=0.000 addon_parent_pivot=0.000 addon_parent_translation=0.000 addon_parent_rotation=0.000 addon_gravity=0.000 addon_rotation_binding=0.000 addon_validation=0.000 addon_solver=0.000 addon_output=0.000 addon_cache=0.004 late=0.000 late_testicles=0.000 late_breasts=0.000 late_butt=0.000 traverse=0.000 addon_collision_body=0.000 addon_collision_self=0.000 addon_collision_addons=0.000 max_ms total=3.273 colliders=2.139 addons=0.132 calls late=584 traverse=0 body_collision=0 self_collision=0 addons_collision=0
2026-09-19 21:42:50.151 performance profile engine operation=symbols avg_ms=0.000000 max_call_ms=0.000000 calls_per_frame=0.00 window_ms=1000 frames=584 nested=1
2026-09-19 21:42:50.151 performance profile engine operation=find_object avg_ms=1.040133 max_call_ms=0.186600 calls_per_frame=7139.38 window_ms=1000 frames=584 nested=1
2026-09-19 21:42:50.152 performance profile engine operation=script_find avg_ms=0.000000 max_call_ms=0.000000 calls_per_frame=0.00 window_ms=1000 frames=584 nested=1
2026-09-19 21:42:50.152 performance profile engine operation=axis_lookup avg_ms=1.530151 max_call_ms=0.515700 calls_per_frame=8.27 window_ms=1000 frames=584 nested=1
2026-09-19 21:42:50.152 performance profile engine operation=pivot_query avg_ms=0.000000 max_call_ms=0.000000 calls_per_frame=0.00 window_ms=1000 frames=584 nested=1
2026-09-19 21:42:50.152 collision profile window_ms=1000 frames=584 avg_ms body_collection=0.000000 body_solve=0.000000 body_position=0.000000 body_refine=0.000000 body_velocity=0.000000 addon_prepare_query=0.000000 addon_coherent_solve=0.000000 addon_visible_solve=0.000000 room_sphere=0.000000 room_sweep=0.000000 room_single=0.000000
2026-09-19 21:42:50.153 collision profile window_ms=1000 frames=584 max_call_ms body_collection=0.000000 body_solve=0.000000 body_position=0.000000 body_refine=0.000000 body_velocity=0.000000 addon_prepare_query=0.000000 addon_coherent_solve=0.000000 addon_visible_solve=0.000000 room_sphere=0.000000 room_sweep=0.000000 room_single=0.000000
2026-09-19 21:42:50.153 collision profile window_ms=1000 frames=584 calls body_collection=0 body_solve=0 body_position=0 body_refine=0 body_velocity=0 addon_prepare_query=0 addon_coherent_solve=0 addon_visible_solve=0 room_sphere=0 room_sweep=0 room_single=0
2026-09-19 21:42:50.153 collision profile window_ms=1000 frames=584 counts body_contacts=0 body_passes=0 body_jacobians=0 body_predictions=0 addon_contacts=0 addon_passes=0 addon_gradients=0 room_nodes=0 room_triangles=0
2026-09-19 21:42:51.151 performance profile window_ms=1000 frames=590 avg_ms total=1.546 housekeeping=0.004 bindings=0.003 diagnostics=0.001 colliders=1.512 axes=0.001 penis=0.001 penis_ownership=0.000 penis_gravity=0.000 penis_collision=0.000 penis_setup=0.000 penis_orientation=0.000 penis_translation=0.000 penis_solver=0.000 testicles=0.001 testicle_active=0.000 breasts=0.012 breasts_active=0.012 butt=0.001 butt_active=0.000 addons=0.008 addon_activation=0.008 addon_drive=0.000 addon_guard=0.000 addon_parent_pivot=0.000 addon_parent_translation=0.000 addon_parent_rotation=0.000 addon_gravity=0.000 addon_rotation_binding=0.000 addon_validation=0.000 addon_solver=0.000 addon_output=0.000 addon_cache=0.004 late=0.000 late_testicles=0.000 late_breasts=0.000 late_butt=0.000 traverse=0.000 addon_collision_body=0.000 addon_collision_self=0.000 addon_collision_addons=0.000 max_ms total=3.161 colliders=2.053 addons=0.114 calls late=590 traverse=0 body_collision=0 self_collision=0 addons_collision=0
2026-09-19 21:42:51.151 performance profile engine operation=symbols avg_ms=0.000000 max_call_ms=0.000000 calls_per_frame=0.00 window_ms=1000 frames=590 nested=1
2026-09-19 21:42:51.151 performance profile engine operation=find_object avg_ms=1.032831 max_call_ms=0.086600 calls_per_frame=7138.77 window_ms=1000 frames=590 nested=1
2026-09-19 21:42:51.152 performance profile engine operation=script_find avg_ms=0.000000 max_call_ms=0.000000 calls_per_frame=0.00 window_ms=1000 frames=590 nested=1
2026-09-19 21:42:51.152 performance profile engine operation=axis_lookup avg_ms=1.517244 max_call_ms=0.456200 calls_per_frame=8.26 window_ms=1000 frames=590 nested=1
2026-09-19 21:42:51.153 performance profile engine operation=pivot_query avg_ms=0.000000 max_call_ms=0.000000 calls_per_frame=0.00 window_ms=1000 frames=590 nested=1
2026-09-19 21:42:51.153 collision profile window_ms=1000 frames=590 avg_ms body_collection=0.000000 body_solve=0.000000 body_position=0.000000 body_refine=0.000000 body_velocity=0.000000 addon_prepare_query=0.000000 addon_coherent_solve=0.000000 addon_visible_solve=0.000000 room_sphere=0.000000 room_sweep=0.000000 room_single=0.000000
2026-09-19 21:42:51.153 collision profile window_ms=1000 frames=590 max_call_ms body_collection=0.000000 body_solve=0.000000 body_position=0.000000 body_refine=0.000000 body_velocity=0.000000 addon_prepare_query=0.000000 addon_coherent_solve=0.000000 addon_visible_solve=0.000000 room_sphere=0.000000 room_sweep=0.000000 room_single=0.000000
2026-09-19 21:42:51.153 collision profile window_ms=1000 frames=590 calls body_collection=0 body_solve=0 body_position=0 body_refine=0 body_velocity=0 addon_prepare_query=0 addon_coherent_solve=0 addon_visible_solve=0 room_sphere=0 room_sweep=0 room_single=0
2026-09-19 21:42:51.154 collision profile window_ms=1000 frames=590 counts body_contacts=0 body_passes=0 body_jacobians=0 body_predictions=0 addon_contacts=0 addon_passes=0 addon_gradients=0 room_nodes=0 room_triangles=0
2026-09-19 21:42:52.150 performance profile window_ms=1000 frames=586 avg_ms total=1.550 housekeeping=0.005 bindings=0.003 diagnostics=0.001 colliders=1.514 axes=0.001 penis=0.001 penis_ownership=0.000 penis_gravity=0.000 penis_collision=0.000 penis_setup=0.000 penis_orientation=0.000 penis_translation=0.000 penis_solver=0.000 testicles=0.001 testicle_active=0.000 breasts=0.012 breasts_active=0.012 butt=0.001 butt_active=0.000 addons=0.008 addon_activation=0.008 addon_drive=0.000 addon_guard=0.000 addon_parent_pivot=0.000 addon_parent_translation=0.000 addon_parent_rotation=0.000 addon_gravity=0.000 addon_rotation_binding=0.000 addon_validation=0.000 addon_solver=0.000 addon_output=0.000 addon_cache=0.004 late=0.000 late_testicles=0.000 late_breasts=0.000 late_butt=0.000 traverse=0.000 addon_collision_body=0.000 addon_collision_self=0.000 addon_collision_addons=0.000 max_ms total=3.257 colliders=2.157 addons=0.160 calls late=586 traverse=0 body_collision=0 self_collision=0 addons_collision=0
2026-09-19 21:42:52.150 performance profile engine operation=symbols avg_ms=0.000000 max_call_ms=0.000000 calls_per_frame=0.00 window_ms=1000 frames=586 nested=1
2026-09-19 21:42:52.150 performance profile engine operation=find_object avg_ms=1.032641 max_call_ms=0.095200 calls_per_frame=7139.17 window_ms=1000 frames=586 nested=1
2026-09-19 21:42:52.150 performance profile engine operation=script_find avg_ms=0.000000 max_call_ms=0.000000 calls_per_frame=0.00 window_ms=1000 frames=586 nested=1
2026-09-19 21:42:52.151 performance profile engine operation=axis_lookup avg_ms=1.520026 max_call_ms=0.329400 calls_per_frame=8.27 window_ms=1000 frames=586 nested=1
2026-09-19 21:42:52.151 performance profile engine operation=pivot_query avg_ms=0.000000 max_call_ms=0.000000 calls_per_frame=0.00 window_ms=1000 frames=586 nested=1
2026-09-19 21:42:52.151 collision profile window_ms=1000 frames=586 avg_ms body_collection=0.000000 body_solve=0.000000 body_position=0.000000 body_refine=0.000000 body_velocity=0.000000 addon_prepare_query=0.000000 addon_coherent_solve=0.000000 addon_visible_solve=0.000000 room_sphere=0.000000 room_sweep=0.000000 room_single=0.000000
2026-09-19 21:42:52.151 collision profile window_ms=1000 frames=586 max_call_ms body_collection=0.000000 body_solve=0.000000 body_position=0.000000 body_refine=0.000000 body_velocity=0.000000 addon_prepare_query=0.000000 addon_coherent_solve=0.000000 addon_visible_solve=0.000000 room_sphere=0.000000 room_sweep=0.000000 room_single=0.000000
2026-09-19 21:42:52.151 collision profile window_ms=1000 frames=586 calls body_collection=0 body_solve=0 body_position=0 body_refine=0 body_velocity=0 addon_prepare_query=0 addon_coherent_solve=0 addon_visible_solve=0 room_sphere=0 room_sweep=0 room_single=0
2026-09-19 21:42:52.152 collision profile window_ms=1000 frames=586 counts body_contacts=0 body_passes=0 body_jacobians=0 body_predictions=0 addon_contacts=0 addon_passes=0 addon_gradients=0 room_nodes=0 room_triangles=0
2026-09-19 21:42:53.151 performance profile window_ms=1000 frames=573 avg_ms total=1.589 housekeeping=0.004 bindings=0.003 diagnostics=0.001 colliders=1.550 axes=0.001 penis=0.001 penis_ownership=0.000 penis_gravity=0.000 penis_collision=0.000 penis_setup=0.000 penis_orientation=0.000 penis_translation=0.000 penis_solver=0.000 testicles=0.001 testicle_active=0.000 breasts=0.014 breasts_active=0.014 butt=0.001 butt_active=0.000 addons=0.009 addon_activation=0.008 addon_drive=0.000 addon_guard=0.000 addon_parent_pivot=0.000 addon_parent_translation=0.000 addon_parent_rotation=0.000 addon_gravity=0.000 addon_rotation_binding=0.000 addon_validation=0.000 addon_solver=0.000 addon_output=0.000 addon_cache=0.004 late=0.000 late_testicles=0.000 late_breasts=0.000 late_butt=0.000 traverse=0.000 addon_collision_body=0.000 addon_collision_self=0.000 addon_collision_addons=0.000 max_ms total=4.178 colliders=2.475 addons=0.141 calls late=573 traverse=0 body_collision=0 self_collision=0 addons_collision=0
2026-09-19 21:42:53.151 performance profile engine operation=symbols avg_ms=0.000000 max_call_ms=0.000000 calls_per_frame=0.00 window_ms=1000 frames=573 nested=1
2026-09-19 21:42:53.152 performance profile engine operation=find_object avg_ms=1.060321 max_call_ms=0.069400 calls_per_frame=7146.72 window_ms=1000 frames=573 nested=1
2026-09-19 21:42:53.152 performance profile engine operation=script_find avg_ms=0.000000 max_call_ms=0.000000 calls_per_frame=0.00 window_ms=1000 frames=573 nested=1
2026-09-19 21:42:53.152 performance profile engine operation=axis_lookup avg_ms=1.557717 max_call_ms=0.332600 calls_per_frame=8.30 window_ms=1000 frames=573 nested=1
2026-09-19 21:42:53.152 performance profile engine operation=pivot_query avg_ms=0.000000 max_call_ms=0.000000 calls_per_frame=0.00 window_ms=1000 frames=573 nested=1
2026-09-19 21:42:53.153 collision profile window_ms=1000 frames=573 avg_ms body_collection=0.000000 body_solve=0.000000 body_position=0.000000 body_refine=0.000000 body_velocity=0.000000 addon_prepare_query=0.000000 addon_coherent_solve=0.000000 addon_visible_solve=0.000000 room_sphere=0.000000 room_sweep=0.000000 room_single=0.000000
2026-09-19 21:42:53.153 collision profile window_ms=1000 frames=573 max_call_ms body_collection=0.000000 body_solve=0.000000 body_position=0.000000 body_refine=0.000000 body_velocity=0.000000 addon_prepare_query=0.000000 addon_coherent_solve=0.000000 addon_visible_solve=0.000000 room_sphere=0.000000 room_sweep=0.000000 room_single=0.000000
2026-09-19 21:42:53.153 collision profile window_ms=1000 frames=573 calls body_collection=0 body_solve=0 body_position=0 body_refine=0 body_velocity=0 addon_prepare_query=0 addon_coherent_solve=0 addon_visible_solve=0 room_sphere=0 room_sweep=0 room_single=0
2026-09-19 21:42:53.153 collision profile window_ms=1000 frames=573 counts body_contacts=0 body_passes=0 body_jacobians=0 body_predictions=0 addon_contacts=0 addon_passes=0 addon_gradients=0 room_nodes=0 room_triangles=0
2026-09-19 21:42:54.150 performance profile window_ms=1000 frames=580 avg_ms total=1.570 housekeeping=0.004 bindings=0.003 diagnostics=0.001 colliders=1.535 axes=0.001 penis=0.001 penis_ownership=0.000 penis_gravity=0.000 penis_collision=0.000 penis_setup=0.000 penis_orientation=0.000 penis_translation=0.000 penis_solver=0.000 testicles=0.001 testicle_active=0.000 breasts=0.012 breasts_active=0.012 butt=0.001 butt_active=0.000 addons=0.009 addon_activation=0.008 addon_drive=0.000 addon_guard=0.000 addon_parent_pivot=0.000 addon_parent_translation=0.000 addon_parent_rotation=0.000 addon_gravity=0.000 addon_rotation_binding=0.000 addon_validation=0.000 addon_solver=0.000 addon_output=0.000 addon_cache=0.004 late=0.000 late_testicles=0.000 late_breasts=0.000 late_butt=0.000 traverse=0.000 addon_collision_body=0.000 addon_collision_self=0.000 addon_collision_addons=0.000 max_ms total=3.159 colliders=2.652 addons=0.172 calls late=580 traverse=0 body_collision=0 self_collision=0 addons_collision=0
2026-09-19 21:42:54.151 performance profile engine operation=symbols avg_ms=0.000000 max_call_ms=0.000000 calls_per_frame=0.00 window_ms=1000 frames=580 nested=1
2026-09-19 21:42:54.151 performance profile engine operation=find_object avg_ms=1.047137 max_call_ms=0.397900 calls_per_frame=7136.73 window_ms=1000 frames=580 nested=1
2026-09-19 21:42:54.151 performance profile engine operation=script_find avg_ms=0.000000 max_call_ms=0.000000 calls_per_frame=0.00 window_ms=1000 frames=580 nested=1
2026-09-19 21:42:54.152 performance profile engine operation=axis_lookup avg_ms=1.539819 max_call_ms=0.656700 calls_per_frame=8.27 window_ms=1000 frames=580 nested=1
2026-09-19 21:42:54.152 performance profile engine operation=pivot_query avg_ms=0.000000 max_call_ms=0.000000 calls_per_frame=0.00 window_ms=1000 frames=580 nested=1
2026-09-19 21:42:54.152 collision profile window_ms=1000 frames=580 avg_ms body_collection=0.000000 body_solve=0.000000 body_position=0.000000 body_refine=0.000000 body_velocity=0.000000 addon_prepare_query=0.000000 addon_coherent_solve=0.000000 addon_visible_solve=0.000000 room_sphere=0.000000 room_sweep=0.000000 room_single=0.000000
2026-09-19 21:42:54.152 collision profile window_ms=1000 frames=580 max_call_ms body_collection=0.000000 body_solve=0.000000 body_position=0.000000 body_refine=0.000000 body_velocity=0.000000 addon_prepare_query=0.000000 addon_coherent_solve=0.000000 addon_visible_solve=0.000000 room_sphere=0.000000 room_sweep=0.000000 room_single=0.000000
2026-09-19 21:42:54.152 collision profile window_ms=1000 frames=580 calls body_collection=0 body_solve=0 body_position=0 body_refine=0 body_velocity=0 addon_prepare_query=0 addon_coherent_solve=0 addon_visible_solve=0 room_sphere=0 room_sweep=0 room_single=0
2026-09-19 21:42:54.153 collision profile window_ms=1000 frames=580 counts body_contacts=0 body_passes=0 body_jacobians=0 body_predictions=0 addon_contacts=0 addon_passes=0 addon_gradients=0 room_nodes=0 room_triangles=0
2026-09-19 21:42:55.152 performance profile window_ms=1000 frames=586 avg_ms total=1.556 housekeeping=0.004 bindings=0.003 diagnostics=0.001 colliders=1.521 axes=0.001 penis=0.001 penis_ownership=0.000 penis_gravity=0.000 penis_collision=0.000 penis_setup=0.000 penis_orientation=0.000 penis_translation=0.000 penis_solver=0.000 testicles=0.001 testicle_active=0.000 breasts=0.012 breasts_active=0.012 butt=0.001 butt_active=0.000 addons=0.008 addon_activation=0.008 addon_drive=0.000 addon_guard=0.000 addon_parent_pivot=0.000 addon_parent_translation=0.000 addon_parent_rotation=0.000 addon_gravity=0.000 addon_rotation_binding=0.000 addon_validation=0.000 addon_solver=0.000 addon_output=0.000 addon_cache=0.004 late=0.000 late_testicles=0.000 late_breasts=0.000 late_butt=0.000 traverse=0.000 addon_collision_body=0.000 addon_collision_self=0.000 addon_collision_addons=0.000 max_ms total=3.487 colliders=2.237 addons=0.107 calls late=586 traverse=0 body_collision=0 self_collision=0 addons_collision=0
2026-09-19 21:42:55.152 performance profile engine operation=symbols avg_ms=0.000000 max_call_ms=0.000000 calls_per_frame=0.00 window_ms=1000 frames=586 nested=1
2026-09-19 21:42:55.152 performance profile engine operation=find_object avg_ms=1.038063 max_call_ms=0.172400 calls_per_frame=7139.18 window_ms=1000 frames=586 nested=1
2026-09-19 21:42:55.153 performance profile engine operation=script_find avg_ms=0.000000 max_call_ms=0.000000 calls_per_frame=0.00 window_ms=1000 frames=586 nested=1
2026-09-19 21:42:55.153 performance profile engine operation=axis_lookup avg_ms=1.526661 max_call_ms=0.391900 calls_per_frame=8.27 window_ms=1000 frames=586 nested=1
2026-09-19 21:42:55.153 performance profile engine operation=pivot_query avg_ms=0.000000 max_call_ms=0.000000 calls_per_frame=0.00 window_ms=1000 frames=586 nested=1
2026-09-19 21:42:55.153 collision profile window_ms=1000 frames=586 avg_ms body_collection=0.000000 body_solve=0.000000 body_position=0.000000 body_refine=0.000000 body_velocity=0.000000 addon_prepare_query=0.000000 addon_coherent_solve=0.000000 addon_visible_solve=0.000000 room_sphere=0.000000 room_sweep=0.000000 room_single=0.000000
2026-09-19 21:42:55.153 collision profile window_ms=1000 frames=586 max_call_ms body_collection=0.000000 body_solve=0.000000 body_position=0.000000 body_refine=0.000000 body_velocity=0.000000 addon_prepare_query=0.000000 addon_coherent_solve=0.000000 addon_visible_solve=0.000000 room_sphere=0.000000 room_sweep=0.000000 room_single=0.000000
2026-09-19 21:42:55.154 collision profile window_ms=1000 frames=586 calls body_collection=0 body_solve=0 body_position=0 body_refine=0 body_velocity=0 addon_prepare_query=0 addon_coherent_solve=0 addon_visible_solve=0 room_sphere=0 room_sweep=0 room_single=0
2026-09-19 21:42:55.154 collision profile window_ms=1000 frames=586 counts body_contacts=0 body_passes=0 body_jacobians=0 body_predictions=0 addon_contacts=0 addon_passes=0 addon_gradients=0 room_nodes=0 room_triangles=0
2026-09-19 21:42:56.150 performance profile window_ms=1000 frames=589 avg_ms total=1.546 housekeeping=0.004 bindings=0.003 diagnostics=0.001 colliders=1.512 axes=0.001 penis=0.001 penis_ownership=0.000 penis_gravity=0.000 penis_collision=0.000 penis_setup=0.000 penis_orientation=0.000 penis_translation=0.000 penis_solver=0.000 testicles=0.001 testicle_active=0.000 breasts=0.012 breasts_active=0.011 butt=0.001 butt_active=0.000 addons=0.008 addon_activation=0.008 addon_drive=0.000 addon_guard=0.000 addon_parent_pivot=0.000 addon_parent_translation=0.000 addon_parent_rotation=0.000 addon_gravity=0.000 addon_rotation_binding=0.000 addon_validation=0.000 addon_solver=0.000 addon_output=0.000 addon_cache=0.003 late=0.000 late_testicles=0.000 late_breasts=0.000 late_butt=0.000 traverse=0.000 addon_collision_body=0.000 addon_collision_self=0.000 addon_collision_addons=0.000 max_ms total=3.279 colliders=2.148 addons=0.115 calls late=589 traverse=0 body_collision=0 self_collision=0 addons_collision=0
2026-09-19 21:42:56.151 performance profile engine operation=symbols avg_ms=0.000000 max_call_ms=0.000000 calls_per_frame=0.00 window_ms=1000 frames=589 nested=1
2026-09-19 21:42:56.151 performance profile engine operation=find_object avg_ms=1.030283 max_call_ms=0.136100 calls_per_frame=7137.37 window_ms=1000 frames=589 nested=1
2026-09-19 21:42:56.151 performance profile engine operation=script_find avg_ms=0.000000 max_call_ms=0.000000 calls_per_frame=0.00 window_ms=1000 frames=589 nested=1
2026-09-19 21:42:56.151 performance profile engine operation=axis_lookup avg_ms=1.517325 max_call_ms=0.364200 calls_per_frame=8.26 window_ms=1000 frames=589 nested=1
2026-09-19 21:42:56.152 performance profile engine operation=pivot_query avg_ms=0.000000 max_call_ms=0.000000 calls_per_frame=0.00 window_ms=1000 frames=589 nested=1
2026-09-19 21:42:56.152 collision profile window_ms=1000 frames=589 avg_ms body_collection=0.000000 body_solve=0.000000 body_position=0.000000 body_refine=0.000000 body_velocity=0.000000 addon_prepare_query=0.000000 addon_coherent_solve=0.000000 addon_visible_solve=0.000000 room_sphere=0.000000 room_sweep=0.000000 room_single=0.000000
2026-09-19 21:42:56.152 collision profile window_ms=1000 frames=589 max_call_ms body_collection=0.000000 body_solve=0.000000 body_position=0.000000 body_refine=0.000000 body_velocity=0.000000 addon_prepare_query=0.000000 addon_coherent_solve=0.000000 addon_visible_solve=0.000000 room_sphere=0.000000 room_sweep=0.000000 room_single=0.000000
2026-09-19 21:42:56.152 collision profile window_ms=1000 frames=589 calls body_collection=0 body_solve=0 body_position=0 body_refine=0 body_velocity=0 addon_prepare_query=0 addon_coherent_solve=0 addon_visible_solve=0 room_sphere=0 room_sweep=0 room_single=0
2026-09-19 21:42:56.152 collision profile window_ms=1000 frames=589 counts body_contacts=0 body_passes=0 body_jacobians=0 body_predictions=0 addon_contacts=0 addon_passes=0 addon_gradients=0 room_nodes=0 room_triangles=0
2026-09-19 21:42:57.151 performance profile window_ms=1000 frames=591 avg_ms total=1.543 housekeeping=0.004 bindings=0.003 diagnostics=0.001 colliders=1.508 axes=0.001 penis=0.001 penis_ownership=0.000 penis_gravity=0.000 penis_collision=0.000 penis_setup=0.000 penis_orientation=0.000 penis_translation=0.000 penis_solver=0.000 testicles=0.001 testicle_active=0.000 breasts=0.012 breasts_active=0.012 butt=0.001 butt_active=0.000 addons=0.008 addon_activation=0.008 addon_drive=0.000 addon_guard=0.000 addon_parent_pivot=0.000 addon_parent_translation=0.000 addon_parent_rotation=0.000 addon_gravity=0.000 addon_rotation_binding=0.000 addon_validation=0.000 addon_solver=0.000 addon_output=0.000 addon_cache=0.003 late=0.000 late_testicles=0.000 late_breasts=0.000 late_butt=0.000 traverse=0.000 addon_collision_body=0.000 addon_collision_self=0.000 addon_collision_addons=0.000 max_ms total=4.218 colliders=1.986 addons=0.120 calls late=591 traverse=0 body_collision=0 self_collision=0 addons_collision=0
2026-09-19 21:42:57.151 performance profile engine operation=symbols avg_ms=0.000000 max_call_ms=0.000000 calls_per_frame=0.00 window_ms=1000 frames=591 nested=1
2026-09-19 21:42:57.152 performance profile engine operation=find_object avg_ms=1.028962 max_call_ms=0.129500 calls_per_frame=7137.17 window_ms=1000 frames=591 nested=1
2026-09-19 21:42:57.152 performance profile engine operation=script_find avg_ms=0.000000 max_call_ms=0.000000 calls_per_frame=0.00 window_ms=1000 frames=591 nested=1
2026-09-19 21:42:57.152 performance profile engine operation=axis_lookup avg_ms=1.513454 max_call_ms=0.358600 calls_per_frame=8.26 window_ms=1000 frames=591 nested=1
2026-09-19 21:42:57.153 performance profile engine operation=pivot_query avg_ms=0.000000 max_call_ms=0.000000 calls_per_frame=0.00 window_ms=1000 frames=591 nested=1
2026-09-19 21:42:57.153 collision profile window_ms=1000 frames=591 avg_ms body_collection=0.000000 body_solve=0.000000 body_position=0.000000 body_refine=0.000000 body_velocity=0.000000 addon_prepare_query=0.000000 addon_coherent_solve=0.000000 addon_visible_solve=0.000000 room_sphere=0.000000 room_sweep=0.000000 room_single=0.000000
2026-09-19 21:42:57.153 collision profile window_ms=1000 frames=591 max_call_ms body_collection=0.000000 body_solve=0.000000 body_position=0.000000 body_refine=0.000000 body_velocity=0.000000 addon_prepare_query=0.000000 addon_coherent_solve=0.000000 addon_visible_solve=0.000000 room_sphere=0.000000 room_sweep=0.000000 room_single=0.000000
2026-09-19 21:42:57.153 collision profile window_ms=1000 frames=591 calls body_collection=0 body_solve=0 body_position=0 body_refine=0 body_velocity=0 addon_prepare_query=0 addon_coherent_solve=0 addon_visible_solve=0 room_sphere=0 room_sweep=0 room_single=0
2026-09-19 21:42:57.153 collision profile window_ms=1000 frames=591 counts body_contacts=0 body_passes=0 body_jacobians=0 body_predictions=0 addon_contacts=0 addon_passes=0 addon_gradients=0 room_nodes=0 room_triangles=0
2026-09-19 21:42:58.151 performance profile window_ms=1000 frames=578 avg_ms total=1.573 housekeeping=0.004 bindings=0.003 diagnostics=0.001 colliders=1.538 axes=0.001 penis=0.001 penis_ownership=0.000 penis_gravity=0.000 penis_collision=0.000 penis_setup=0.000 penis_orientation=0.000 penis_translation=0.000 penis_solver=0.000 testicles=0.001 testicle_active=0.000 breasts=0.012 breasts_active=0.011 butt=0.001 butt_active=0.000 addons=0.009 addon_activation=0.008 addon_drive=0.000 addon_guard=0.000 addon_parent_pivot=0.000 addon_parent_translation=0.000 addon_parent_rotation=0.000 addon_gravity=0.000 addon_rotation_binding=0.000 addon_validation=0.000 addon_solver=0.000 addon_output=0.000 addon_cache=0.004 late=0.000 late_testicles=0.000 late_breasts=0.000 late_butt=0.000 traverse=0.000 addon_collision_body=0.000 addon_collision_self=0.000 addon_collision_addons=0.000 max_ms total=3.542 colliders=3.535 addons=0.130 calls late=578 traverse=0 body_collision=0 self_collision=0 addons_collision=0
2026-09-19 21:42:58.152 performance profile engine operation=symbols avg_ms=0.000000 max_call_ms=0.000000 calls_per_frame=0.00 window_ms=1000 frames=578 nested=1
2026-09-19 21:42:58.152 performance profile engine operation=find_object avg_ms=1.051604 max_call_ms=2.053800 calls_per_frame=7138.46 window_ms=1000 frames=578 nested=1
2026-09-19 21:42:58.152 performance profile engine operation=script_find avg_ms=0.000000 max_call_ms=0.000000 calls_per_frame=0.00 window_ms=1000 frames=578 nested=1
2026-09-19 21:42:58.152 performance profile engine operation=axis_lookup avg_ms=1.543124 max_call_ms=2.248700 calls_per_frame=8.27 window_ms=1000 frames=578 nested=1
2026-09-19 21:42:58.153 performance profile engine operation=pivot_query avg_ms=0.000000 max_call_ms=0.000000 calls_per_frame=0.00 window_ms=1000 frames=578 nested=1
2026-09-19 21:42:58.153 collision profile window_ms=1000 frames=578 avg_ms body_collection=0.000000 body_solve=0.000000 body_position=0.000000 body_refine=0.000000 body_velocity=0.000000 addon_prepare_query=0.000000 addon_coherent_solve=0.000000 addon_visible_solve=0.000000 room_sphere=0.000000 room_sweep=0.000000 room_single=0.000000
2026-09-19 21:42:58.153 collision profile window_ms=1000 frames=578 max_call_ms body_collection=0.000000 body_solve=0.000000 body_position=0.000000 body_refine=0.000000 body_velocity=0.000000 addon_prepare_query=0.000000 addon_coherent_solve=0.000000 addon_visible_solve=0.000000 room_sphere=0.000000 room_sweep=0.000000 room_single=0.000000
2026-09-19 21:42:58.153 collision profile window_ms=1000 frames=578 calls body_collection=0 body_solve=0 body_position=0 body_refine=0 body_velocity=0 addon_prepare_query=0 addon_coherent_solve=0 addon_visible_solve=0 room_sphere=0 room_sweep=0 room_single=0
2026-09-19 21:42:58.153 collision profile window_ms=1000 frames=578 counts body_contacts=0 body_passes=0 body_jacobians=0 body_predictions=0 addon_contacts=0 addon_passes=0 addon_gradients=0 room_nodes=0 room_triangles=0
2026-09-19 21:42:59.151 performance profile window_ms=1000 frames=579 avg_ms total=1.574 housekeeping=0.004 bindings=0.003 diagnostics=0.001 colliders=1.537 axes=0.001 penis=0.001 penis_ownership=0.000 penis_gravity=0.000 penis_collision=0.000 penis_setup=0.000 penis_orientation=0.000 penis_translation=0.000 penis_solver=0.000 testicles=0.001 testicle_active=0.000 breasts=0.014 breasts_active=0.013 butt=0.001 butt_active=0.000 addons=0.009 addon_activation=0.008 addon_drive=0.000 addon_guard=0.000 addon_parent_pivot=0.000 addon_parent_translation=0.000 addon_parent_rotation=0.000 addon_gravity=0.000 addon_rotation_binding=0.000 addon_validation=0.000 addon_solver=0.000 addon_output=0.000 addon_cache=0.004 late=0.000 late_testicles=0.000 late_breasts=0.000 late_butt=0.000 traverse=0.000 addon_collision_body=0.000 addon_collision_self=0.000 addon_collision_addons=0.000 max_ms total=3.539 colliders=2.209 addons=0.125 calls late=579 traverse=0 body_collision=0 self_collision=0 addons_collision=0
2026-09-19 21:42:59.151 performance profile engine operation=symbols avg_ms=0.000000 max_call_ms=0.000000 calls_per_frame=0.00 window_ms=1000 frames=579 nested=1
2026-09-19 21:42:59.152 performance profile engine operation=find_object avg_ms=1.050247 max_call_ms=0.029700 calls_per_frame=7139.89 window_ms=1000 frames=579 nested=1
2026-09-19 21:42:59.152 performance profile engine operation=script_find avg_ms=0.000000 max_call_ms=0.000000 calls_per_frame=0.00 window_ms=1000 frames=579 nested=1
2026-09-19 21:42:59.152 performance profile engine operation=axis_lookup avg_ms=1.544152 max_call_ms=0.300500 calls_per_frame=8.27 window_ms=1000 frames=579 nested=1
2026-09-19 21:42:59.152 performance profile engine operation=pivot_query avg_ms=0.000000 max_call_ms=0.000000 calls_per_frame=0.00 window_ms=1000 frames=579 nested=1
2026-09-19 21:42:59.152 collision profile window_ms=1000 frames=579 avg_ms body_collection=0.000000 body_solve=0.000000 body_position=0.000000 body_refine=0.000000 body_velocity=0.000000 addon_prepare_query=0.000000 addon_coherent_solve=0.000000 addon_visible_solve=0.000000 room_sphere=0.000000 room_sweep=0.000000 room_single=0.000000
2026-09-19 21:42:59.153 collision profile window_ms=1000 frames=579 max_call_ms body_collection=0.000000 body_solve=0.000000 body_position=0.000000 body_refine=0.000000 body_velocity=0.000000 addon_prepare_query=0.000000 addon_coherent_solve=0.000000 addon_visible_solve=0.000000 room_sphere=0.000000 room_sweep=0.000000 room_single=0.000000
2026-09-19 21:42:59.153 collision profile window_ms=1000 frames=579 calls body_collection=0 body_solve=0 body_position=0 body_refine=0 body_velocity=0 addon_prepare_query=0 addon_coherent_solve=0 addon_visible_solve=0 room_sphere=0 room_sweep=0 room_single=0
2026-09-19 21:42:59.153 collision profile window_ms=1000 frames=579 counts body_contacts=0 body_passes=0 body_jacobians=0 body_predictions=0 addon_contacts=0 addon_passes=0 addon_gradients=0 room_nodes=0 room_triangles=0
2026-09-19 21:43:00.150 performance profile window_ms=1000 frames=589 avg_ms total=1.548 housekeeping=0.004 bindings=0.003 diagnostics=0.001 colliders=1.512 axes=0.001 penis=0.001 penis_ownership=0.000 penis_gravity=0.000 penis_collision=0.000 penis_setup=0.000 penis_orientation=0.000 penis_translation=0.000 penis_solver=0.000 testicles=0.001 testicle_active=0.000 breasts=0.013 breasts_active=0.013 butt=0.001 butt_active=0.000 addons=0.008 addon_activation=0.008 addon_drive=0.000 addon_guard=0.000 addon_parent_pivot=0.000 addon_parent_translation=0.000 addon_parent_rotation=0.000 addon_gravity=0.000 addon_rotation_binding=0.000 addon_validation=0.000 addon_solver=0.000 addon_output=0.000 addon_cache=0.004 late=0.000 late_testicles=0.000 late_breasts=0.000 late_butt=0.000 traverse=0.000 addon_collision_body=0.000 addon_collision_self=0.000 addon_collision_addons=0.000 max_ms total=4.110 colliders=2.005 addons=0.107 calls late=589 traverse=0 body_collision=0 self_collision=0 addons_collision=0
2026-09-19 21:43:00.151 performance profile engine operation=symbols avg_ms=0.000000 max_call_ms=0.000000 calls_per_frame=0.00 window_ms=1000 frames=589 nested=1
2026-09-19 21:43:00.151 performance profile engine operation=find_object avg_ms=1.033063 max_call_ms=0.066800 calls_per_frame=7143.41 window_ms=1000 frames=589 nested=1
2026-09-19 21:43:00.151 performance profile engine operation=script_find avg_ms=0.000000 max_call_ms=0.000000 calls_per_frame=0.00 window_ms=1000 frames=589 nested=1
2026-09-19 21:43:00.151 performance profile engine operation=axis_lookup avg_ms=1.519030 max_call_ms=0.286000 calls_per_frame=8.30 window_ms=1000 frames=589 nested=1
2026-09-19 21:43:00.151 performance profile engine operation=pivot_query avg_ms=0.000000 max_call_ms=0.000000 calls_per_frame=0.00 window_ms=1000 frames=589 nested=1
2026-09-19 21:43:00.152 collision profile window_ms=1000 frames=589 avg_ms body_collection=0.000000 body_solve=0.000000 body_position=0.000000 body_refine=0.000000 body_velocity=0.000000 addon_prepare_query=0.000000 addon_coherent_solve=0.000000 addon_visible_solve=0.000000 room_sphere=0.000000 room_sweep=0.000000 room_single=0.000000
2026-09-19 21:43:00.152 collision profile window_ms=1000 frames=589 max_call_ms body_collection=0.000000 body_solve=0.000000 body_position=0.000000 body_refine=0.000000 body_velocity=0.000000 addon_prepare_query=0.000000 addon_coherent_solve=0.000000 addon_visible_solve=0.000000 room_sphere=0.000000 room_sweep=0.000000 room_single=0.000000
2026-09-19 21:43:00.152 collision profile window_ms=1000 frames=589 calls body_collection=0 body_solve=0 body_position=0 body_refine=0 body_velocity=0 addon_prepare_query=0 addon_coherent_solve=0 addon_visible_solve=0 room_sphere=0 room_sweep=0 room_single=0
2026-09-19 21:43:00.152 collision profile window_ms=1000 frames=589 counts body_contacts=0 body_passes=0 body_jacobians=0 body_predictions=0 addon_contacts=0 addon_passes=0 addon_gradients=0 room_nodes=0 room_triangles=0
2026-09-19 21:43:01.150 performance profile window_ms=1000 frames=588 avg_ms total=1.552 housekeeping=0.004 bindings=0.003 diagnostics=0.001 colliders=1.517 axes=0.001 penis=0.001 penis_ownership=0.000 penis_gravity=0.000 penis_collision=0.000 penis_setup=0.000 penis_orientation=0.000 penis_translation=0.000 penis_solver=0.000 testicles=0.001 testicle_active=0.000 breasts=0.012 breasts_active=0.012 butt=0.001 butt_active=0.000 addons=0.008 addon_activation=0.008 addon_drive=0.000 addon_guard=0.000 addon_parent_pivot=0.000 addon_parent_translation=0.000 addon_parent_rotation=0.000 addon_gravity=0.000 addon_rotation_binding=0.000 addon_validation=0.000 addon_solver=0.000 addon_output=0.000 addon_cache=0.004 late=0.000 late_testicles=0.000 late_breasts=0.000 late_butt=0.000 traverse=0.000 addon_collision_body=0.000 addon_collision_self=0.000 addon_collision_addons=0.000 max_ms total=3.564 colliders=2.158 addons=0.101 calls late=588 traverse=0 body_collision=0 self_collision=0 addons_collision=0
2026-09-19 21:43:01.151 performance profile engine operation=symbols avg_ms=0.000000 max_call_ms=0.000000 calls_per_frame=0.00 window_ms=1000 frames=588 nested=1
2026-09-19 21:43:01.151 performance profile engine operation=find_object avg_ms=1.035515 max_call_ms=0.085500 calls_per_frame=7138.97 window_ms=1000 frames=588 nested=1
2026-09-19 21:43:01.151 performance profile engine operation=script_find avg_ms=0.000000 max_call_ms=0.000000 calls_per_frame=0.00 window_ms=1000 frames=588 nested=1
2026-09-19 21:43:01.151 performance profile engine operation=axis_lookup avg_ms=1.522434 max_call_ms=0.283100 calls_per_frame=8.27 window_ms=1000 frames=588 nested=1
2026-09-19 21:43:01.152 performance profile engine operation=pivot_query avg_ms=0.000000 max_call_ms=0.000000 calls_per_frame=0.00 window_ms=1000 frames=588 nested=1
2026-09-19 21:43:01.152 collision profile window_ms=1000 frames=588 avg_ms body_collection=0.000000 body_solve=0.000000 body_position=0.000000 body_refine=0.000000 body_velocity=0.000000 addon_prepare_query=0.000000 addon_coherent_solve=0.000000 addon_visible_solve=0.000000 room_sphere=0.000000 room_sweep=0.000000 room_single=0.000000
2026-09-19 21:43:01.152 collision profile window_ms=1000 frames=588 max_call_ms body_collection=0.000000 body_solve=0.000000 body_position=0.000000 body_refine=0.000000 body_velocity=0.000000 addon_prepare_query=0.000000 addon_coherent_solve=0.000000 addon_visible_solve=0.000000 room_sphere=0.000000 room_sweep=0.000000 room_single=0.000000
2026-09-19 21:43:01.152 collision profile window_ms=1000 frames=588 calls body_collection=0 body_solve=0 body_position=0 body_refine=0 body_velocity=0 addon_prepare_query=0 addon_coherent_solve=0 addon_visible_solve=0 room_sphere=0 room_sweep=0 room_single=0
2026-09-19 21:43:01.152 collision profile window_ms=1000 frames=588 counts body_contacts=0 body_passes=0 body_jacobians=0 body_predictions=0 addon_contacts=0 addon_passes=0 addon_gradients=0 room_nodes=0 room_triangles=0
2026-09-19 21:43:02.151 performance profile window_ms=1000 frames=585 avg_ms total=1.554 housekeeping=0.004 bindings=0.003 diagnostics=0.001 colliders=1.519 axes=0.001 penis=0.001 penis_ownership=0.000 penis_gravity=0.000 penis_collision=0.000 penis_setup=0.000 penis_orientation=0.000 penis_translation=0.000 penis_solver=0.000 testicles=0.001 testicle_active=0.000 breasts=0.012 breasts_active=0.012 butt=0.001 butt_active=0.000 addons=0.008 addon_activation=0.008 addon_drive=0.000 addon_guard=0.000 addon_parent_pivot=0.000 addon_parent_translation=0.000 addon_parent_rotation=0.000 addon_gravity=0.000 addon_rotation_binding=0.000 addon_validation=0.000 addon_solver=0.000 addon_output=0.000 addon_cache=0.004 late=0.000 late_testicles=0.000 late_breasts=0.000 late_butt=0.000 traverse=0.000 addon_collision_body=0.000 addon_collision_self=0.000 addon_collision_addons=0.000 max_ms total=3.293 colliders=2.177 addons=0.110 calls late=585 traverse=0 body_collision=0 self_collision=0 addons_collision=0
2026-09-19 21:43:02.151 performance profile engine operation=symbols avg_ms=0.000000 max_call_ms=0.000000 calls_per_frame=0.00 window_ms=1000 frames=585 nested=1
2026-09-19 21:43:02.151 performance profile engine operation=find_object avg_ms=1.035772 max_call_ms=0.073700 calls_per_frame=7136.24 window_ms=1000 frames=585 nested=1
2026-09-19 21:43:02.151 performance profile engine operation=script_find avg_ms=0.000000 max_call_ms=0.000000 calls_per_frame=0.00 window_ms=1000 frames=585 nested=1
2026-09-19 21:43:02.152 performance profile engine operation=axis_lookup avg_ms=1.524538 max_call_ms=0.335700 calls_per_frame=8.26 window_ms=1000 frames=585 nested=1
2026-09-19 21:43:02.152 performance profile engine operation=pivot_query avg_ms=0.000000 max_call_ms=0.000000 calls_per_frame=0.00 window_ms=1000 frames=585 nested=1
2026-09-19 21:43:02.152 collision profile window_ms=1000 frames=585 avg_ms body_collection=0.000000 body_solve=0.000000 body_position=0.000000 body_refine=0.000000 body_velocity=0.000000 addon_prepare_query=0.000000 addon_coherent_solve=0.000000 addon_visible_solve=0.000000 room_sphere=0.000000 room_sweep=0.000000 room_single=0.000000
2026-09-19 21:43:02.152 collision profile window_ms=1000 frames=585 max_call_ms body_collection=0.000000 body_solve=0.000000 body_position=0.000000 body_refine=0.000000 body_velocity=0.000000 addon_prepare_query=0.000000 addon_coherent_solve=0.000000 addon_visible_solve=0.000000 room_sphere=0.000000 room_sweep=0.000000 room_single=0.000000
2026-09-19 21:43:02.152 collision profile window_ms=1000 frames=585 calls body_collection=0 body_solve=0 body_position=0 body_refine=0 body_velocity=0 addon_prepare_query=0 addon_coherent_solve=0 addon_visible_solve=0 room_sphere=0 room_sweep=0 room_single=0
2026-09-19 21:43:02.153 collision profile window_ms=1000 frames=585 counts body_contacts=0 body_passes=0 body_jacobians=0 body_predictions=0 addon_contacts=0 addon_passes=0 addon_gradients=0 room_nodes=0 room_triangles=0
2026-09-19 21:43:03.150 performance profile window_ms=1000 frames=535 avg_ms total=1.649 housekeeping=0.005 bindings=0.003 diagnostics=0.001 colliders=1.604 axes=0.002 penis=0.001 penis_ownership=0.000 penis_gravity=0.000 penis_collision=0.000 penis_setup=0.000 penis_orientation=0.000 penis_translation=0.000 penis_solver=0.000 testicles=0.001 testicle_active=0.000 breasts=0.014 breasts_active=0.014 butt=0.001 butt_active=0.001 addons=0.010 addon_activation=0.010 addon_drive=0.000 addon_guard=0.000 addon_parent_pivot=0.000 addon_parent_translation=0.000 addon_parent_rotation=0.000 addon_gravity=0.000 addon_rotation_binding=0.000 addon_validation=0.000 addon_solver=0.000 addon_output=0.000 addon_cache=0.006 late=0.001 late_testicles=0.000 late_breasts=0.000 late_butt=0.000 traverse=0.000 addon_collision_body=0.000 addon_collision_self=0.000 addon_collision_addons=0.000 max_ms total=3.573 colliders=2.269 addons=0.134 calls late=535 traverse=0 body_collision=0 self_collision=0 addons_collision=0
2026-09-19 21:43:03.150 performance profile engine operation=symbols avg_ms=0.000000 max_call_ms=0.000000 calls_per_frame=0.00 window_ms=1000 frames=535 nested=1
2026-09-19 21:43:03.150 performance profile engine operation=find_object avg_ms=1.095701 max_call_ms=0.554600 calls_per_frame=7146.47 window_ms=1000 frames=535 nested=1
2026-09-19 21:43:03.151 performance profile engine operation=script_find avg_ms=0.000000 max_call_ms=0.000000 calls_per_frame=0.00 window_ms=1000 frames=535 nested=1
2026-09-19 21:43:03.151 performance profile engine operation=axis_lookup avg_ms=1.609428 max_call_ms=0.782200 calls_per_frame=8.30 window_ms=1000 frames=535 nested=1
2026-09-19 21:43:03.151 performance profile engine operation=pivot_query avg_ms=0.000000 max_call_ms=0.000000 calls_per_frame=0.00 window_ms=1000 frames=535 nested=1
2026-09-19 21:43:03.151 collision profile window_ms=1000 frames=535 avg_ms body_collection=0.000000 body_solve=0.000000 body_position=0.000000 body_refine=0.000000 body_velocity=0.000000 addon_prepare_query=0.000000 addon_coherent_solve=0.000000 addon_visible_solve=0.000000 room_sphere=0.000000 room_sweep=0.000000 room_single=0.000000
2026-09-19 21:43:03.151 collision profile window_ms=1000 frames=535 max_call_ms body_collection=0.000000 body_solve=0.000000 body_position=0.000000 body_refine=0.000000 body_velocity=0.000000 addon_prepare_query=0.000000 addon_coherent_solve=0.000000 addon_visible_solve=0.000000 room_sphere=0.000000 room_sweep=0.000000 room_single=0.000000
2026-09-19 21:43:03.152 collision profile window_ms=1000 frames=535 calls body_collection=0 body_solve=0 body_position=0 body_refine=0 body_velocity=0 addon_prepare_query=0 addon_coherent_solve=0 addon_visible_solve=0 room_sphere=0 room_sweep=0 room_single=0
2026-09-19 21:43:03.152 collision profile window_ms=1000 frames=535 counts body_contacts=0 body_passes=0 body_jacobians=0 body_predictions=0 addon_contacts=0 addon_passes=0 addon_gradients=0 room_nodes=0 room_triangles=0
2026-09-19 21:43:04.152 performance profile window_ms=1000 frames=536 avg_ms total=1.662 housekeeping=0.006 bindings=0.004 diagnostics=0.001 colliders=1.615 axes=0.002 penis=0.001 penis_ownership=0.000 penis_gravity=0.000 penis_collision=0.000 penis_setup=0.000 penis_orientation=0.000 penis_translation=0.000 penis_solver=0.000 testicles=0.001 testicle_active=0.001 breasts=0.014 breasts_active=0.014 butt=0.001 butt_active=0.001 addons=0.011 addon_activation=0.010 addon_drive=0.000 addon_guard=0.000 addon_parent_pivot=0.000 addon_parent_translation=0.000 addon_parent_rotation=0.000 addon_gravity=0.000 addon_rotation_binding=0.000 addon_validation=0.000 addon_solver=0.000 addon_output=0.000 addon_cache=0.006 late=0.001 late_testicles=0.000 late_breasts=0.000 late_butt=0.000 traverse=0.000 addon_collision_body=0.000 addon_collision_self=0.000 addon_collision_addons=0.000 max_ms total=4.211 colliders=2.168 addons=0.122 calls late=536 traverse=0 body_collision=0 self_collision=0 addons_collision=0
2026-09-19 21:43:04.153 performance profile engine operation=symbols avg_ms=0.000000 max_call_ms=0.000000 calls_per_frame=0.00 window_ms=1000 frames=536 nested=1
2026-09-19 21:43:04.153 performance profile engine operation=find_object avg_ms=1.102208 max_call_ms=0.437800 calls_per_frame=7144.70 window_ms=1000 frames=536 nested=1
2026-09-19 21:43:04.153 performance profile engine operation=script_find avg_ms=0.000000 max_call_ms=0.000000 calls_per_frame=0.00 window_ms=1000 frames=536 nested=1
2026-09-19 21:43:04.153 performance profile engine operation=axis_lookup avg_ms=1.621011 max_call_ms=0.689800 calls_per_frame=8.29 window_ms=1000 frames=536 nested=1
2026-09-19 21:43:04.154 performance profile engine operation=pivot_query avg_ms=0.000000 max_call_ms=0.000000 calls_per_frame=0.00 window_ms=1000 frames=536 nested=1
2026-09-19 21:43:04.154 collision profile window_ms=1000 frames=536 avg_ms body_collection=0.000000 body_solve=0.000000 body_position=0.000000 body_refine=0.000000 body_velocity=0.000000 addon_prepare_query=0.000000 addon_coherent_solve=0.000000 addon_visible_solve=0.000000 room_sphere=0.000000 room_sweep=0.000000 room_single=0.000000
2026-09-19 21:43:04.154 collision profile window_ms=1000 frames=536 max_call_ms body_collection=0.000000 body_solve=0.000000 body_position=0.000000 body_refine=0.000000 body_velocity=0.000000 addon_prepare_query=0.000000 addon_coherent_solve=0.000000 addon_visible_solve=0.000000 room_sphere=0.000000 room_sweep=0.000000 room_single=0.000000
2026-09-19 21:43:04.155 collision profile window_ms=1000 frames=536 calls body_collection=0 body_solve=0 body_position=0 body_refine=0 body_velocity=0 addon_prepare_query=0 addon_coherent_solve=0 addon_visible_solve=0 room_sphere=0 room_sweep=0 room_single=0
2026-09-19 21:43:04.155 collision profile window_ms=1000 frames=536 counts body_contacts=0 body_passes=0 body_jacobians=0 body_predictions=0 addon_contacts=0 addon_passes=0 addon_gradients=0 room_nodes=0 room_triangles=0
2026-09-19 21:43:05.155 performance profile window_ms=1000 frames=542 avg_ms total=1.648 housekeeping=0.006 bindings=0.005 diagnostics=0.001 colliders=1.601 axes=0.001 penis=0.001 penis_ownership=0.000 penis_gravity=0.000 penis_collision=0.000 penis_setup=0.000 penis_orientation=0.000 penis_translation=0.000 penis_solver=0.000 testicles=0.001 testicle_active=0.001 breasts=0.014 breasts_active=0.014 butt=0.001 butt_active=0.001 addons=0.011 addon_activation=0.010 addon_drive=0.000 addon_guard=0.000 addon_parent_pivot=0.000 addon_parent_translation=0.000 addon_parent_rotation=0.000 addon_gravity=0.000 addon_rotation_binding=0.000 addon_validation=0.000 addon_solver=0.000 addon_output=0.000 addon_cache=0.006 late=0.001 late_testicles=0.000 late_breasts=0.000 late_butt=0.000 traverse=0.000 addon_collision_body=0.000 addon_collision_self=0.000 addon_collision_addons=0.000 max_ms total=6.018 colliders=2.993 addons=0.314 calls late=542 traverse=0 body_collision=0 self_collision=0 addons_collision=0
2026-09-19 21:43:05.156 performance profile engine operation=symbols avg_ms=0.000000 max_call_ms=0.000000 calls_per_frame=0.00 window_ms=1000 frames=542 nested=1
2026-09-19 21:43:05.157 performance profile engine operation=find_object avg_ms=1.093035 max_call_ms=0.220400 calls_per_frame=7140.70 window_ms=1000 frames=542 nested=1
2026-09-19 21:43:05.158 performance profile engine operation=script_find avg_ms=0.000000 max_call_ms=0.000000 calls_per_frame=0.00 window_ms=1000 frames=542 nested=1
2026-09-19 21:43:05.159 performance profile engine operation=axis_lookup avg_ms=1.606736 max_call_ms=0.732300 calls_per_frame=8.28 window_ms=1000 frames=542 nested=1
2026-09-19 21:43:05.160 performance profile engine operation=pivot_query avg_ms=0.000000 max_call_ms=0.000000 calls_per_frame=0.00 window_ms=1000 frames=542 nested=1
2026-09-19 21:43:05.161 collision profile window_ms=1000 frames=542 avg_ms body_collection=0.000000 body_solve=0.000000 body_position=0.000000 body_refine=0.000000 body_velocity=0.000000 addon_prepare_query=0.000000 addon_coherent_solve=0.000000 addon_visible_solve=0.000000 room_sphere=0.000000 room_sweep=0.000000 room_single=0.000000
2026-09-19 21:43:05.161 collision profile window_ms=1000 frames=542 max_call_ms body_collection=0.000000 body_solve=0.000000 body_position=0.000000 body_refine=0.000000 body_velocity=0.000000 addon_prepare_query=0.000000 addon_coherent_solve=0.000000 addon_visible_solve=0.000000 room_sphere=0.000000 room_sweep=0.000000 room_single=0.000000
2026-09-19 21:43:05.162 collision profile window_ms=1000 frames=542 calls body_collection=0 body_solve=0 body_position=0 body_refine=0 body_velocity=0 addon_prepare_query=0 addon_coherent_solve=0 addon_visible_solve=0 room_sphere=0 room_sweep=0 room_single=0
2026-09-19 21:43:05.163 collision profile window_ms=1000 frames=542 counts body_contacts=0 body_passes=0 body_jacobians=0 body_predictions=0 addon_contacts=0 addon_passes=0 addon_gradients=0 room_nodes=0 room_triangles=0
2026-09-19 21:43:06.149 performance profile window_ms=1000 frames=513 avg_ms total=1.710 housekeeping=0.006 bindings=0.004 diagnostics=0.001 colliders=1.661 axes=0.002 penis=0.001 penis_ownership=0.000 penis_gravity=0.000 penis_collision=0.000 penis_setup=0.000 penis_orientation=0.000 penis_translation=0.000 penis_solver=0.000 testicles=0.001 testicle_active=0.001 breasts=0.015 breasts_active=0.015 butt=0.001 butt_active=0.001 addons=0.011 addon_activation=0.011 addon_drive=0.000 addon_guard=0.000 addon_parent_pivot=0.000 addon_parent_translation=0.000 addon_parent_rotation=0.000 addon_gravity=0.000 addon_rotation_binding=0.000 addon_validation=0.000 addon_solver=0.000 addon_output=0.000 addon_cache=0.006 late=0.001 late_testicles=0.000 late_breasts=0.000 late_butt=0.000 traverse=0.000 addon_collision_body=0.000 addon_collision_self=0.000 addon_collision_addons=0.000 max_ms total=5.531 colliders=5.358 addons=0.129 calls late=513 traverse=0 body_collision=0 self_collision=0 addons_collision=0
2026-09-19 21:43:06.149 performance profile engine operation=symbols avg_ms=0.000000 max_call_ms=0.000000 calls_per_frame=0.00 window_ms=1000 frames=513 nested=1
2026-09-19 21:43:06.150 performance profile engine operation=find_object avg_ms=1.131547 max_call_ms=0.580800 calls_per_frame=7145.87 window_ms=1000 frames=513 nested=1
2026-09-19 21:43:06.150 performance profile engine operation=script_find avg_ms=0.000000 max_call_ms=0.000000 calls_per_frame=0.00 window_ms=1000 frames=513 nested=1
2026-09-19 21:43:06.150 performance profile engine operation=axis_lookup avg_ms=1.666478 max_call_ms=3.188200 calls_per_frame=8.31 window_ms=1000 frames=513 nested=1
2026-09-19 21:43:06.150 performance profile engine operation=pivot_query avg_ms=0.000000 max_call_ms=0.000000 calls_per_frame=0.00 window_ms=1000 frames=513 nested=1
2026-09-19 21:43:06.151 collision profile window_ms=1000 frames=513 avg_ms body_collection=0.000000 body_solve=0.000000 body_position=0.000000 body_refine=0.000000 body_velocity=0.000000 addon_prepare_query=0.000000 addon_coherent_solve=0.000000 addon_visible_solve=0.000000 room_sphere=0.000000 room_sweep=0.000000 room_single=0.000000
2026-09-19 21:43:06.151 collision profile window_ms=1000 frames=513 max_call_ms body_collection=0.000000 body_solve=0.000000 body_position=0.000000 body_refine=0.000000 body_velocity=0.000000 addon_prepare_query=0.000000 addon_coherent_solve=0.000000 addon_visible_solve=0.000000 room_sphere=0.000000 room_sweep=0.000000 room_single=0.000000
2026-09-19 21:43:06.151 collision profile window_ms=1000 frames=513 calls body_collection=0 body_solve=0 body_position=0 body_refine=0 body_velocity=0 addon_prepare_query=0 addon_coherent_solve=0 addon_visible_solve=0 room_sphere=0 room_sweep=0 room_single=0
2026-09-19 21:43:06.151 collision profile window_ms=1000 frames=513 counts body_contacts=0 body_passes=0 body_jacobians=0 body_predictions=0 addon_contacts=0 addon_passes=0 addon_gradients=0 room_nodes=0 room_triangles=0
2026-09-19 21:43:07.151 performance profile window_ms=1000 frames=541 avg_ms total=1.647 housekeeping=0.005 bindings=0.003 diagnostics=0.001 colliders=1.600 axes=0.001 penis=0.001 penis_ownership=0.000 penis_gravity=0.000 penis_collision=0.000 penis_setup=0.000 penis_orientation=0.000 penis_translation=0.000 penis_solver=0.000 testicles=0.001 testicle_active=0.001 breasts=0.015 breasts_active=0.015 butt=0.001 butt_active=0.001 addons=0.010 addon_activation=0.010 addon_drive=0.000 addon_guard=0.000 addon_parent_pivot=0.000 addon_parent_translation=0.000 addon_parent_rotation=0.000 addon_gravity=0.000 addon_rotation_binding=0.000 addon_validation=0.000 addon_solver=0.000 addon_output=0.000 addon_cache=0.006 late=0.001 late_testicles=0.000 late_breasts=0.000 late_butt=0.000 traverse=0.000 addon_collision_body=0.000 addon_collision_self=0.000 addon_collision_addons=0.000 max_ms total=4.556 colliders=2.321 addons=0.135 calls late=541 traverse=0 body_collision=0 self_collision=0 addons_collision=0
2026-09-19 21:43:07.152 performance profile engine operation=symbols avg_ms=0.000000 max_call_ms=0.000000 calls_per_frame=0.00 window_ms=1000 frames=541 nested=1
2026-09-19 21:43:07.152 performance profile engine operation=find_object avg_ms=1.094625 max_call_ms=0.724300 calls_per_frame=7150.67 window_ms=1000 frames=541 nested=1
2026-09-19 21:43:07.152 performance profile engine operation=script_find avg_ms=0.000000 max_call_ms=0.000000 calls_per_frame=0.00 window_ms=1000 frames=541 nested=1
2026-09-19 21:43:07.152 performance profile engine operation=axis_lookup avg_ms=1.607042 max_call_ms=0.908200 calls_per_frame=8.32 window_ms=1000 frames=541 nested=1
2026-09-19 21:43:07.153 performance profile engine operation=pivot_query avg_ms=0.000000 max_call_ms=0.000000 calls_per_frame=0.00 window_ms=1000 frames=541 nested=1
2026-09-19 21:43:07.153 collision profile window_ms=1000 frames=541 avg_ms body_collection=0.000000 body_solve=0.000000 body_position=0.000000 body_refine=0.000000 body_velocity=0.000000 addon_prepare_query=0.000000 addon_coherent_solve=0.000000 addon_visible_solve=0.000000 room_sphere=0.000000 room_sweep=0.000000 room_single=0.000000
2026-09-19 21:43:07.153 collision profile window_ms=1000 frames=541 max_call_ms body_collection=0.000000 body_solve=0.000000 body_position=0.000000 body_refine=0.000000 body_velocity=0.000000 addon_prepare_query=0.000000 addon_coherent_solve=0.000000 addon_visible_solve=0.000000 room_sphere=0.000000 room_sweep=0.000000 room_single=0.000000
2026-09-19 21:43:07.153 collision profile window_ms=1000 frames=541 calls body_collection=0 body_solve=0 body_position=0 body_refine=0 body_velocity=0 addon_prepare_query=0 addon_coherent_solve=0 addon_visible_solve=0 room_sphere=0 room_sweep=0 room_single=0
2026-09-19 21:43:07.154 collision profile window_ms=1000 frames=541 counts body_contacts=0 body_passes=0 body_jacobians=0 body_predictions=0 addon_contacts=0 addon_passes=0 addon_gradients=0 room_nodes=0 room_triangles=0
2026-09-19 21:43:08.151 performance profile window_ms=1000 frames=549 avg_ms total=1.626 housekeeping=0.005 bindings=0.003 diagnostics=0.001 colliders=1.584 axes=0.001 penis=0.001 penis_ownership=0.000 penis_gravity=0.000 penis_collision=0.000 penis_setup=0.000 penis_orientation=0.000 penis_translation=0.000 penis_solver=0.000 testicles=0.001 testicle_active=0.000 breasts=0.013 breasts_active=0.013 butt=0.001 butt_active=0.001 addons=0.010 addon_activation=0.009 addon_drive=0.000 addon_guard=0.000 addon_parent_pivot=0.000 addon_parent_translation=0.000 addon_parent_rotation=0.000 addon_gravity=0.000 addon_rotation_binding=0.000 addon_validation=0.000 addon_solver=0.000 addon_output=0.000 addon_cache=0.005 late=0.001 late_testicles=0.000 late_breasts=0.000 late_butt=0.000 traverse=0.000 addon_collision_body=0.000 addon_collision_self=0.000 addon_collision_addons=0.000 max_ms total=3.692 colliders=2.138 addons=0.129 calls late=549 traverse=0 body_collision=0 self_collision=0 addons_collision=0
2026-09-19 21:43:08.151 performance profile engine operation=symbols avg_ms=0.000000 max_call_ms=0.000000 calls_per_frame=0.00 window_ms=1000 frames=549 nested=1
2026-09-19 21:43:08.151 performance profile engine operation=find_object avg_ms=1.080478 max_call_ms=0.344000 calls_per_frame=7143.16 window_ms=1000 frames=549 nested=1
2026-09-19 21:43:08.152 performance profile engine operation=script_find avg_ms=0.000000 max_call_ms=0.000000 calls_per_frame=0.00 window_ms=1000 frames=549 nested=1
2026-09-19 21:43:08.152 performance profile engine operation=axis_lookup avg_ms=1.588501 max_call_ms=0.555700 calls_per_frame=8.28 window_ms=1000 frames=549 nested=1
2026-09-19 21:43:08.152 performance profile engine operation=pivot_query avg_ms=0.000000 max_call_ms=0.000000 calls_per_frame=0.00 window_ms=1000 frames=549 nested=1
2026-09-19 21:43:08.152 collision profile window_ms=1000 frames=549 avg_ms body_collection=0.000000 body_solve=0.000000 body_position=0.000000 body_refine=0.000000 body_velocity=0.000000 addon_prepare_query=0.000000 addon_coherent_solve=0.000000 addon_visible_solve=0.000000 room_sphere=0.000000 room_sweep=0.000000 room_single=0.000000
2026-09-19 21:43:08.152 collision profile window_ms=1000 frames=549 max_call_ms body_collection=0.000000 body_solve=0.000000 body_position=0.000000 body_refine=0.000000 body_velocity=0.000000 addon_prepare_query=0.000000 addon_coherent_solve=0.000000 addon_visible_solve=0.000000 room_sphere=0.000000 room_sweep=0.000000 room_single=0.000000
2026-09-19 21:43:08.153 collision profile window_ms=1000 frames=549 calls body_collection=0 body_solve=0 body_position=0 body_refine=0 body_velocity=0 addon_prepare_query=0 addon_coherent_solve=0 addon_visible_solve=0 room_sphere=0 room_sweep=0 room_single=0
2026-09-19 21:43:08.153 collision profile window_ms=1000 frames=549 counts body_contacts=0 body_passes=0 body_jacobians=0 body_predictions=0 addon_contacts=0 addon_passes=0 addon_gradients=0 room_nodes=0 room_triangles=0
2026-09-19 21:43:09.150 performance profile window_ms=1000 frames=558 avg_ms total=1.603 housekeeping=0.005 bindings=0.003 diagnostics=0.001 colliders=1.561 axes=0.001 penis=0.001 penis_ownership=0.000 penis_gravity=0.000 penis_collision=0.000 penis_setup=0.000 penis_orientation=0.000 penis_translation=0.000 penis_solver=0.000 testicles=0.001 testicle_active=0.000 breasts=0.014 breasts_active=0.013 butt=0.001 butt_active=0.001 addons=0.009 addon_activation=0.009 addon_drive=0.000 addon_guard=0.000 addon_parent_pivot=0.000 addon_parent_translation=0.000 addon_parent_rotation=0.000 addon_gravity=0.000 addon_rotation_binding=0.000 addon_validation=0.000 addon_solver=0.000 addon_output=0.000 addon_cache=0.005 late=0.001 late_testicles=0.000 late_breasts=0.000 late_butt=0.000 traverse=0.000 addon_collision_body=0.000 addon_collision_self=0.000 addon_collision_addons=0.000 max_ms total=3.622 colliders=2.253 addons=0.120 calls late=558 traverse=0 body_collision=0 self_collision=0 addons_collision=0
2026-09-19 21:43:09.150 performance profile engine operation=symbols avg_ms=0.000000 max_call_ms=0.000000 calls_per_frame=0.00 window_ms=1000 frames=558 nested=1
2026-09-19 21:43:09.150 performance profile engine operation=find_object avg_ms=1.066041 max_call_ms=0.183600 calls_per_frame=7140.56 window_ms=1000 frames=558 nested=1
2026-09-19 21:43:09.151 performance profile engine operation=script_find avg_ms=0.000000 max_call_ms=0.000000 calls_per_frame=0.00 window_ms=1000 frames=558 nested=1
2026-09-19 21:43:09.151 performance profile engine operation=axis_lookup avg_ms=1.566894 max_call_ms=0.469500 calls_per_frame=8.28 window_ms=1000 frames=558 nested=1
2026-09-19 21:43:09.151 performance profile engine operation=pivot_query avg_ms=0.000000 max_call_ms=0.000000 calls_per_frame=0.00 window_ms=1000 frames=558 nested=1
2026-09-19 21:43:09.151 collision profile window_ms=1000 frames=558 avg_ms body_collection=0.000000 body_solve=0.000000 body_position=0.000000 body_refine=0.000000 body_velocity=0.000000 addon_prepare_query=0.000000 addon_coherent_solve=0.000000 addon_visible_solve=0.000000 room_sphere=0.000000 room_sweep=0.000000 room_single=0.000000
2026-09-19 21:43:09.151 collision profile window_ms=1000 frames=558 max_call_ms body_collection=0.000000 body_solve=0.000000 body_position=0.000000 body_refine=0.000000 body_velocity=0.000000 addon_prepare_query=0.000000 addon_coherent_solve=0.000000 addon_visible_solve=0.000000 room_sphere=0.000000 room_sweep=0.000000 room_single=0.000000
2026-09-19 21:43:09.152 collision profile window_ms=1000 frames=558 calls body_collection=0 body_solve=0 body_position=0 body_refine=0 body_velocity=0 addon_prepare_query=0 addon_coherent_solve=0 addon_visible_solve=0 room_sphere=0 room_sweep=0 room_single=0
2026-09-19 21:43:09.152 collision profile window_ms=1000 frames=558 counts body_contacts=0 body_passes=0 body_jacobians=0 body_predictions=0 addon_contacts=0 addon_passes=0 addon_gradients=0 room_nodes=0 room_triangles=0
2026-09-19 21:43:10.150 performance profile window_ms=1000 frames=571 avg_ms total=1.573 housekeeping=0.004 bindings=0.003 diagnostics=0.001 colliders=1.535 axes=0.001 penis=0.001 penis_ownership=0.000 penis_gravity=0.000 penis_collision=0.000 penis_setup=0.000 penis_orientation=0.000 penis_translation=0.000 penis_solver=0.000 testicles=0.001 testicle_active=0.000 breasts=0.012 breasts_active=0.012 butt=0.001 butt_active=0.000 addons=0.009 addon_activation=0.008 addon_drive=0.000 addon_guard=0.000 addon_parent_pivot=0.000 addon_parent_translation=0.000 addon_parent_rotation=0.000 addon_gravity=0.000 addon_rotation_binding=0.000 addon_validation=0.000 addon_solver=0.000 addon_output=0.000 addon_cache=0.005 late=0.000 late_testicles=0.000 late_breasts=0.000 late_butt=0.000 traverse=0.000 addon_collision_body=0.000 addon_collision_self=0.000 addon_collision_addons=0.000 max_ms total=3.207 colliders=2.167 addons=0.112 calls late=571 traverse=0 body_collision=0 self_collision=0 addons_collision=0
2026-09-19 21:43:10.150 performance profile engine operation=symbols avg_ms=0.000000 max_call_ms=0.000000 calls_per_frame=0.00 window_ms=1000 frames=571 nested=1
2026-09-19 21:43:10.151 performance profile engine operation=find_object avg_ms=1.048325 max_call_ms=0.135900 calls_per_frame=7137.63 window_ms=1000 frames=571 nested=1
2026-09-19 21:43:10.151 performance profile engine operation=script_find avg_ms=0.000000 max_call_ms=0.000000 calls_per_frame=0.00 window_ms=1000 frames=571 nested=1
2026-09-19 21:43:10.151 performance profile engine operation=axis_lookup avg_ms=1.539732 max_call_ms=0.409700 calls_per_frame=8.27 window_ms=1000 frames=571 nested=1
2026-09-19 21:43:10.151 performance profile engine operation=pivot_query avg_ms=0.000000 max_call_ms=0.000000 calls_per_frame=0.00 window_ms=1000 frames=571 nested=1
2026-09-19 21:43:10.151 collision profile window_ms=1000 frames=571 avg_ms body_collection=0.000000 body_solve=0.000000 body_position=0.000000 body_refine=0.000000 body_velocity=0.000000 addon_prepare_query=0.000000 addon_coherent_solve=0.000000 addon_visible_solve=0.000000 room_sphere=0.000000 room_sweep=0.000000 room_single=0.000000
2026-09-19 21:43:10.152 collision profile window_ms=1000 frames=571 max_call_ms body_collection=0.000000 body_solve=0.000000 body_position=0.000000 body_refine=0.000000 body_velocity=0.000000 addon_prepare_query=0.000000 addon_coherent_solve=0.000000 addon_visible_solve=0.000000 room_sphere=0.000000 room_sweep=0.000000 room_single=0.000000
2026-09-19 21:43:10.152 collision profile window_ms=1000 frames=571 calls body_collection=0 body_solve=0 body_position=0 body_refine=0 body_velocity=0 addon_prepare_query=0 addon_coherent_solve=0 addon_visible_solve=0 room_sphere=0 room_sweep=0 room_single=0
2026-09-19 21:43:10.152 collision profile window_ms=1000 frames=571 counts body_contacts=0 body_passes=0 body_jacobians=0 body_predictions=0 addon_contacts=0 addon_passes=0 addon_gradients=0 room_nodes=0 room_triangles=0
2026-09-19 21:43:11.150 performance profile window_ms=1000 frames=581 avg_ms total=1.561 housekeeping=0.004 bindings=0.003 diagnostics=0.001 colliders=1.524 axes=0.002 penis=0.001 penis_ownership=0.000 penis_gravity=0.000 penis_collision=0.000 penis_setup=0.000 penis_orientation=0.000 penis_translation=0.000 penis_solver=0.000 testicles=0.001 testicle_active=0.000 breasts=0.012 breasts_active=0.012 butt=0.001 butt_active=0.000 addons=0.009 addon_activation=0.008 addon_drive=0.000 addon_guard=0.000 addon_parent_pivot=0.000 addon_parent_translation=0.000 addon_parent_rotation=0.000 addon_gravity=0.000 addon_rotation_binding=0.000 addon_validation=0.000 addon_solver=0.000 addon_output=0.000 addon_cache=0.004 late=0.000 late_testicles=0.000 late_breasts=0.000 late_butt=0.000 traverse=0.000 addon_collision_body=0.000 addon_collision_self=0.000 addon_collision_addons=0.000 max_ms total=3.459 colliders=2.151 addons=0.143 calls late=581 traverse=0 body_collision=0 self_collision=0 addons_collision=0
2026-09-19 21:43:11.151 performance profile engine operation=symbols avg_ms=0.000000 max_call_ms=0.000000 calls_per_frame=0.00 window_ms=1000 frames=581 nested=1
2026-09-19 21:43:11.151 performance profile engine operation=find_object avg_ms=1.039360 max_call_ms=0.104800 calls_per_frame=7141.21 window_ms=1000 frames=581 nested=1
2026-09-19 21:43:11.151 performance profile engine operation=script_find avg_ms=0.000000 max_call_ms=0.000000 calls_per_frame=0.00 window_ms=1000 frames=581 nested=1
2026-09-19 21:43:11.151 performance profile engine operation=axis_lookup avg_ms=1.529483 max_call_ms=0.308800 calls_per_frame=8.27 window_ms=1000 frames=581 nested=1
2026-09-19 21:43:11.152 performance profile engine operation=pivot_query avg_ms=0.000000 max_call_ms=0.000000 calls_per_frame=0.00 window_ms=1000 frames=581 nested=1
2026-09-19 21:43:11.152 collision profile window_ms=1000 frames=581 avg_ms body_collection=0.000000 body_solve=0.000000 body_position=0.000000 body_refine=0.000000 body_velocity=0.000000 addon_prepare_query=0.000000 addon_coherent_solve=0.000000 addon_visible_solve=0.000000 room_sphere=0.000000 room_sweep=0.000000 room_single=0.000000
2026-09-19 21:43:11.152 collision profile window_ms=1000 frames=581 max_call_ms body_collection=0.000000 body_solve=0.000000 body_position=0.000000 body_refine=0.000000 body_velocity=0.000000 addon_prepare_query=0.000000 addon_coherent_solve=0.000000 addon_visible_solve=0.000000 room_sphere=0.000000 room_sweep=0.000000 room_single=0.000000
2026-09-19 21:43:11.152 collision profile window_ms=1000 frames=581 calls body_collection=0 body_solve=0 body_position=0 body_refine=0 body_velocity=0 addon_prepare_query=0 addon_coherent_solve=0 addon_visible_solve=0 room_sphere=0 room_sweep=0 room_single=0
2026-09-19 21:43:11.152 collision profile window_ms=1000 frames=581 counts body_contacts=0 body_passes=0 body_jacobians=0 body_predictions=0 addon_contacts=0 addon_passes=0 addon_gradients=0 room_nodes=0 room_triangles=0
2026-09-19 21:43:12.151 performance profile window_ms=1000 frames=569 avg_ms total=1.586 housekeeping=0.004 bindings=0.003 diagnostics=0.001 colliders=1.547 axes=0.001 penis=0.001 penis_ownership=0.000 penis_gravity=0.000 penis_collision=0.000 penis_setup=0.000 penis_orientation=0.000 penis_translation=0.000 penis_solver=0.000 testicles=0.001 testicle_active=0.000 breasts=0.013 breasts_active=0.013 butt=0.001 butt_active=0.001 addons=0.009 addon_activation=0.009 addon_drive=0.000 addon_guard=0.000 addon_parent_pivot=0.000 addon_parent_translation=0.000 addon_parent_rotation=0.000 addon_gravity=0.000 addon_rotation_binding=0.000 addon_validation=0.000 addon_solver=0.000 addon_output=0.000 addon_cache=0.005 late=0.000 late_testicles=0.000 late_breasts=0.000 late_butt=0.000 traverse=0.000 addon_collision_body=0.000 addon_collision_self=0.000 addon_collision_addons=0.000 max_ms total=3.761 colliders=2.146 addons=0.130 calls late=569 traverse=0 body_collision=0 self_collision=0 addons_collision=0
2026-09-19 21:43:12.151 performance profile engine operation=symbols avg_ms=0.000000 max_call_ms=0.000000 calls_per_frame=0.00 window_ms=1000 frames=569 nested=1
2026-09-19 21:43:12.152 performance profile engine operation=find_object avg_ms=1.056268 max_call_ms=0.097200 calls_per_frame=7139.38 window_ms=1000 frames=569 nested=1
2026-09-19 21:43:12.152 performance profile engine operation=script_find avg_ms=0.000000 max_call_ms=0.000000 calls_per_frame=0.00 window_ms=1000 frames=569 nested=1
2026-09-19 21:43:12.152 performance profile engine operation=axis_lookup avg_ms=1.552280 max_call_ms=0.341700 calls_per_frame=8.27 window_ms=1000 frames=569 nested=1
2026-09-19 21:43:12.152 performance profile engine operation=pivot_query avg_ms=0.000000 max_call_ms=0.000000 calls_per_frame=0.00 window_ms=1000 frames=569 nested=1
2026-09-19 21:43:12.153 collision profile window_ms=1000 frames=569 avg_ms body_collection=0.000000 body_solve=0.000000 body_position=0.000000 body_refine=0.000000 body_velocity=0.000000 addon_prepare_query=0.000000 addon_coherent_solve=0.000000 addon_visible_solve=0.000000 room_sphere=0.000000 room_sweep=0.000000 room_single=0.000000
2026-09-19 21:43:12.153 collision profile window_ms=1000 frames=569 max_call_ms body_collection=0.000000 body_solve=0.000000 body_position=0.000000 body_refine=0.000000 body_velocity=0.000000 addon_prepare_query=0.000000 addon_coherent_solve=0.000000 addon_visible_solve=0.000000 room_sphere=0.000000 room_sweep=0.000000 room_single=0.000000
2026-09-19 21:43:12.153 collision profile window_ms=1000 frames=569 calls body_collection=0 body_solve=0 body_position=0 body_refine=0 body_velocity=0 addon_prepare_query=0 addon_coherent_solve=0 addon_visible_solve=0 room_sphere=0 room_sweep=0 room_single=0
2026-09-19 21:43:12.153 collision profile window_ms=1000 frames=569 counts body_contacts=0 body_passes=0 body_jacobians=0 body_predictions=0 addon_contacts=0 addon_passes=0 addon_gradients=0 room_nodes=0 room_triangles=0
2026-09-19 21:43:13.152 performance profile window_ms=1000 frames=574 avg_ms total=1.582 housekeeping=0.004 bindings=0.004 diagnostics=0.001 colliders=1.543 axes=0.001 penis=0.001 penis_ownership=0.000 penis_gravity=0.000 penis_collision=0.000 penis_setup=0.000 penis_orientation=0.000 penis_translation=0.000 penis_solver=0.000 testicles=0.001 testicle_active=0.000 breasts=0.013 breasts_active=0.013 butt=0.001 butt_active=0.001 addons=0.009 addon_activation=0.009 addon_drive=0.000 addon_guard=0.000 addon_parent_pivot=0.000 addon_parent_translation=0.000 addon_parent_rotation=0.000 addon_gravity=0.000 addon_rotation_binding=0.000 addon_validation=0.000 addon_solver=0.000 addon_output=0.000 addon_cache=0.004 late=0.000 late_testicles=0.000 late_breasts=0.000 late_butt=0.000 traverse=0.000 addon_collision_body=0.000 addon_collision_self=0.000 addon_collision_addons=0.000 max_ms total=4.936 colliders=2.223 addons=0.118 calls late=574 traverse=0 body_collision=0 self_collision=0 addons_collision=0
2026-09-19 21:43:13.152 performance profile engine operation=symbols avg_ms=0.000000 max_call_ms=0.000000 calls_per_frame=0.00 window_ms=1000 frames=574 nested=1
2026-09-19 21:43:13.153 performance profile engine operation=find_object avg_ms=1.053383 max_call_ms=0.120100 calls_per_frame=7138.87 window_ms=1000 frames=574 nested=1
2026-09-19 21:43:13.153 performance profile engine operation=script_find avg_ms=0.000000 max_call_ms=0.000000 calls_per_frame=0.00 window_ms=1000 frames=574 nested=1
2026-09-19 21:43:13.153 performance profile engine operation=axis_lookup avg_ms=1.549455 max_call_ms=0.555200 calls_per_frame=8.28 window_ms=1000 frames=574 nested=1
2026-09-19 21:43:13.154 performance profile engine operation=pivot_query avg_ms=0.000000 max_call_ms=0.000000 calls_per_frame=0.00 window_ms=1000 frames=574 nested=1
2026-09-19 21:43:13.154 collision profile window_ms=1000 frames=574 avg_ms body_collection=0.000000 body_solve=0.000000 body_position=0.000000 body_refine=0.000000 body_velocity=0.000000 addon_prepare_query=0.000000 addon_coherent_solve=0.000000 addon_visible_solve=0.000000 room_sphere=0.000000 room_sweep=0.000000 room_single=0.000000
2026-09-19 21:43:13.154 collision profile window_ms=1000 frames=574 max_call_ms body_collection=0.000000 body_solve=0.000000 body_position=0.000000 body_refine=0.000000 body_velocity=0.000000 addon_prepare_query=0.000000 addon_coherent_solve=0.000000 addon_visible_solve=0.000000 room_sphere=0.000000 room_sweep=0.000000 room_single=0.000000
2026-09-19 21:43:13.155 collision profile window_ms=1000 frames=574 calls body_collection=0 body_solve=0 body_position=0 body_refine=0 body_velocity=0 addon_prepare_query=0 addon_coherent_solve=0 addon_visible_solve=0 room_sphere=0 room_sweep=0 room_single=0
2026-09-19 21:43:13.155 collision profile window_ms=1000 frames=574 counts body_contacts=0 body_passes=0 body_jacobians=0 body_predictions=0 addon_contacts=0 addon_passes=0 addon_gradients=0 room_nodes=0 room_triangles=0
2026-09-19 21:43:14.152 performance profile window_ms=1000 frames=505 avg_ms total=1.744 housekeeping=0.006 bindings=0.004 diagnostics=0.001 colliders=1.691 axes=0.001 penis=0.001 penis_ownership=0.000 penis_gravity=0.000 penis_collision=0.000 penis_setup=0.000 penis_orientation=0.000 penis_translation=0.000 penis_solver=0.000 testicles=0.001 testicle_active=0.001 breasts=0.018 breasts_active=0.018 butt=0.001 butt_active=0.001 addons=0.012 addon_activation=0.011 addon_drive=0.000 addon_guard=0.000 addon_parent_pivot=0.000 addon_parent_translation=0.000 addon_parent_rotation=0.000 addon_gravity=0.000 addon_rotation_binding=0.000 addon_validation=0.000 addon_solver=0.000 addon_output=0.000 addon_cache=0.007 late=0.001 late_testicles=0.000 late_breasts=0.000 late_butt=0.000 traverse=0.000 addon_collision_body=0.000 addon_collision_self=0.000 addon_collision_addons=0.000 max_ms total=4.573 colliders=2.869 addons=0.153 calls late=505 traverse=0 body_collision=0 self_collision=0 addons_collision=0
2026-09-19 21:43:14.153 performance profile engine operation=symbols avg_ms=0.000000 max_call_ms=0.000000 calls_per_frame=0.00 window_ms=1000 frames=505 nested=1
2026-09-19 21:43:14.153 performance profile engine operation=find_object avg_ms=1.159626 max_call_ms=0.437500 calls_per_frame=7153.95 window_ms=1000 frames=505 nested=1
2026-09-19 21:43:14.153 performance profile engine operation=script_find avg_ms=0.000000 max_call_ms=0.000000 calls_per_frame=0.00 window_ms=1000 frames=505 nested=1
2026-09-19 21:43:14.153 performance profile engine operation=axis_lookup avg_ms=1.698592 max_call_ms=0.744400 calls_per_frame=8.34 window_ms=1000 frames=505 nested=1
2026-09-19 21:43:14.153 performance profile engine operation=pivot_query avg_ms=0.000000 max_call_ms=0.000000 calls_per_frame=0.00 window_ms=1000 frames=505 nested=1
2026-09-19 21:43:14.154 collision profile window_ms=1000 frames=505 avg_ms body_collection=0.000000 body_solve=0.000000 body_position=0.000000 body_refine=0.000000 body_velocity=0.000000 addon_prepare_query=0.000000 addon_coherent_solve=0.000000 addon_visible_solve=0.000000 room_sphere=0.000000 room_sweep=0.000000 room_single=0.000000
2026-09-19 21:43:14.154 collision profile window_ms=1000 frames=505 max_call_ms body_collection=0.000000 body_solve=0.000000 body_position=0.000000 body_refine=0.000000 body_velocity=0.000000 addon_prepare_query=0.000000 addon_coherent_solve=0.000000 addon_visible_solve=0.000000 room_sphere=0.000000 room_sweep=0.000000 room_single=0.000000
2026-09-19 21:43:14.154 collision profile window_ms=1000 frames=505 calls body_collection=0 body_solve=0 body_position=0 body_refine=0 body_velocity=0 addon_prepare_query=0 addon_coherent_solve=0 addon_visible_solve=0 room_sphere=0 room_sweep=0 room_single=0
2026-09-19 21:43:14.154 collision profile window_ms=1000 frames=505 counts body_contacts=0 body_passes=0 body_jacobians=0 body_predictions=0 addon_contacts=0 addon_passes=0 addon_gradients=0 room_nodes=0 room_triangles=0
2026-09-19 21:43:15.161 performance profile window_ms=1000 frames=359 avg_ms total=1.875 housekeeping=0.036 bindings=0.006 diagnostics=0.002 colliders=1.776 axes=0.003 penis=0.001 penis_ownership=0.000 penis_gravity=0.000 penis_collision=0.000 penis_setup=0.000 penis_orientation=0.000 penis_translation=0.000 penis_solver=0.000 testicles=0.001 testicle_active=0.001 breasts=0.022 breasts_active=0.022 butt=0.001 butt_active=0.001 addons=0.017 addon_activation=0.016 addon_drive=0.000 addon_guard=0.000 addon_parent_pivot=0.000 addon_parent_translation=0.000 addon_parent_rotation=0.000 addon_gravity=0.000 addon_rotation_binding=0.000 addon_validation=0.000 addon_solver=0.000 addon_output=0.000 addon_cache=0.009 late=0.001 late_testicles=0.000 late_breasts=0.000 late_butt=0.000 traverse=0.000 addon_collision_body=0.000 addon_collision_self=0.000 addon_collision_addons=0.000 max_ms total=14.126 colliders=2.881 addons=0.139 calls late=359 traverse=0 body_collision=0 self_collision=0 addons_collision=0
2026-09-19 21:43:15.162 performance profile engine operation=symbols avg_ms=0.000000 max_call_ms=0.000000 calls_per_frame=0.00 window_ms=1000 frames=359 nested=1
2026-09-19 21:43:15.162 performance profile engine operation=find_object avg_ms=1.220031 max_call_ms=0.268100 calls_per_frame=7174.13 window_ms=1000 frames=359 nested=1
2026-09-19 21:43:15.162 performance profile engine operation=script_find avg_ms=0.000000 max_call_ms=0.000000 calls_per_frame=0.00 window_ms=1000 frames=359 nested=1
2026-09-19 21:43:15.162 performance profile engine operation=axis_lookup avg_ms=1.788304 max_call_ms=0.785600 calls_per_frame=8.43 window_ms=1000 frames=359 nested=1
2026-09-19 21:43:15.162 performance profile engine operation=pivot_query avg_ms=0.000000 max_call_ms=0.000000 calls_per_frame=0.00 window_ms=1000 frames=359 nested=1
2026-09-19 21:43:15.163 collision profile window_ms=1000 frames=359 avg_ms body_collection=0.000000 body_solve=0.000000 body_position=0.000000 body_refine=0.000000 body_velocity=0.000000 addon_prepare_query=0.000000 addon_coherent_solve=0.000000 addon_visible_solve=0.000000 room_sphere=0.000000 room_sweep=0.000000 room_single=0.000000
2026-09-19 21:43:15.163 collision profile window_ms=1000 frames=359 max_call_ms body_collection=0.000000 body_solve=0.000000 body_position=0.000000 body_refine=0.000000 body_velocity=0.000000 addon_prepare_query=0.000000 addon_coherent_solve=0.000000 addon_visible_solve=0.000000 room_sphere=0.000000 room_sweep=0.000000 room_single=0.000000
2026-09-19 21:43:15.163 collision profile window_ms=1000 frames=359 calls body_collection=0 body_solve=0 body_position=0 body_refine=0 body_velocity=0 addon_prepare_query=0 addon_coherent_solve=0 addon_visible_solve=0 room_sphere=0 room_sweep=0 room_single=0
2026-09-19 21:43:15.163 collision profile window_ms=1000 frames=359 counts body_contacts=0 body_passes=0 body_jacobians=0 body_predictions=0 addon_contacts=0 addon_passes=0 addon_gradients=0 room_nodes=0 room_triangles=0
2026-09-19 21:43:16.234 performance profile window_ms=1047 frames=127 avg_ms total=1.795 housekeeping=0.173 bindings=0.013 diagnostics=0.002 colliders=1.546 axes=0.005 penis=0.003 penis_ownership=0.000 penis_gravity=0.000 penis_collision=0.000 penis_setup=0.000 penis_orientation=0.000 penis_translation=0.000 penis_solver=0.000 testicles=0.001 testicle_active=0.001 breasts=0.023 breasts_active=0.023 butt=0.001 butt_active=0.001 addons=0.016 addon_activation=0.015 addon_drive=0.000 addon_guard=0.000 addon_parent_pivot=0.000 addon_parent_translation=0.000 addon_parent_rotation=0.000 addon_gravity=0.000 addon_rotation_binding=0.000 addon_validation=0.000 addon_solver=0.000 addon_output=0.000 addon_cache=0.010 late=0.001 late_testicles=0.000 late_breasts=0.000 late_butt=0.000 traverse=0.000 addon_collision_body=0.000 addon_collision_self=0.000 addon_collision_addons=0.000 max_ms total=25.204 colliders=1.907 addons=0.104 calls late=127 traverse=0 body_collision=0 self_collision=0 addons_collision=0
2026-09-19 21:43:16.234 performance profile engine operation=symbols avg_ms=0.000000 max_call_ms=0.000000 calls_per_frame=0.00 window_ms=1047 frames=127 nested=1
2026-09-19 21:43:16.234 performance profile engine operation=find_object avg_ms=1.061602 max_call_ms=0.147400 calls_per_frame=7206.06 window_ms=1047 frames=127 nested=1
2026-09-19 21:43:16.234 performance profile engine operation=script_find avg_ms=0.000000 max_call_ms=0.000000 calls_per_frame=0.00 window_ms=1047 frames=127 nested=1
2026-09-19 21:43:16.235 performance profile engine operation=axis_lookup avg_ms=1.562079 max_call_ms=0.389200 calls_per_frame=8.61 window_ms=1047 frames=127 nested=1
2026-09-19 21:43:16.235 performance profile engine operation=pivot_query avg_ms=0.000000 max_call_ms=0.000000 calls_per_frame=0.00 window_ms=1047 frames=127 nested=1
2026-09-19 21:43:16.235 collision profile window_ms=1047 frames=127 avg_ms body_collection=0.000000 body_solve=0.000000 body_position=0.000000 body_refine=0.000000 body_velocity=0.000000 addon_prepare_query=0.000000 addon_coherent_solve=0.000000 addon_visible_solve=0.000000 room_sphere=0.000000 room_sweep=0.000000 room_single=0.000000
2026-09-19 21:43:16.235 collision profile window_ms=1047 frames=127 max_call_ms body_collection=0.000000 body_solve=0.000000 body_position=0.000000 body_refine=0.000000 body_velocity=0.000000 addon_prepare_query=0.000000 addon_coherent_solve=0.000000 addon_visible_solve=0.000000 room_sphere=0.000000 room_sweep=0.000000 room_single=0.000000
2026-09-19 21:43:16.235 collision profile window_ms=1047 frames=127 calls body_collection=0 body_solve=0 body_position=0 body_refine=0 body_velocity=0 addon_prepare_query=0 addon_coherent_solve=0 addon_visible_solve=0 room_sphere=0 room_sweep=0 room_single=0
2026-09-19 21:43:16.236 collision profile window_ms=1047 frames=127 counts body_contacts=0 body_passes=0 body_jacobians=0 body_predictions=0 addon_contacts=0 addon_passes=0 addon_gradients=0 room_nodes=0 room_triangles=0
2026-09-19 21:43:17.196 performance profile window_ms=1000 frames=383 avg_ms total=1.615 housekeeping=0.025 bindings=0.005 diagnostics=0.002 colliders=1.535 axes=0.002 penis=0.001 penis_ownership=0.000 penis_gravity=0.000 penis_collision=0.000 penis_setup=0.000 penis_orientation=0.000 penis_translation=0.000 penis_solver=0.000 testicles=0.001 testicle_active=0.001 breasts=0.019 breasts_active=0.019 butt=0.001 butt_active=0.001 addons=0.015 addon_activation=0.014 addon_drive=0.000 addon_guard=0.000 addon_parent_pivot=0.000 addon_parent_translation=0.000 addon_parent_rotation=0.000 addon_gravity=0.000 addon_rotation_binding=0.000 addon_validation=0.000 addon_solver=0.000 addon_output=0.000 addon_cache=0.009 late=0.001 late_testicles=0.000 late_breasts=0.000 late_butt=0.000 traverse=0.000 addon_collision_body=0.000 addon_collision_self=0.000 addon_collision_addons=0.000 max_ms total=9.637 colliders=2.120 addons=0.142 calls late=383 traverse=0 body_collision=0 self_collision=0 addons_collision=0
2026-09-19 21:43:17.196 performance profile engine operation=symbols avg_ms=0.000000 max_call_ms=0.000000 calls_per_frame=0.00 window_ms=1000 frames=383 nested=1
2026-09-19 21:43:17.198 performance profile engine operation=find_object avg_ms=1.057627 max_call_ms=0.238800 calls_per_frame=7168.22 window_ms=1000 frames=383 nested=1
2026-09-19 21:43:17.198 performance profile engine operation=script_find avg_ms=0.000000 max_call_ms=0.000000 calls_per_frame=0.00 window_ms=1000 frames=383 nested=1
2026-09-19 21:43:17.198 performance profile engine operation=axis_lookup avg_ms=1.545380 max_call_ms=0.484800 calls_per_frame=8.40 window_ms=1000 frames=383 nested=1
2026-09-19 21:43:17.198 performance profile engine operation=pivot_query avg_ms=0.000000 max_call_ms=0.000000 calls_per_frame=0.00 window_ms=1000 frames=383 nested=1
2026-09-19 21:43:17.198 collision profile window_ms=1000 frames=383 avg_ms body_collection=0.000000 body_solve=0.000000 body_position=0.000000 body_refine=0.000000 body_velocity=0.000000 addon_prepare_query=0.000000 addon_coherent_solve=0.000000 addon_visible_solve=0.000000 room_sphere=0.000000 room_sweep=0.000000 room_single=0.000000
2026-09-19 21:43:17.199 collision profile window_ms=1000 frames=383 max_call_ms body_collection=0.000000 body_solve=0.000000 body_position=0.000000 body_refine=0.000000 body_velocity=0.000000 addon_prepare_query=0.000000 addon_coherent_solve=0.000000 addon_visible_solve=0.000000 room_sphere=0.000000 room_sweep=0.000000 room_single=0.000000
2026-09-19 21:43:17.199 collision profile window_ms=1000 frames=383 calls body_collection=0 body_solve=0 body_position=0 body_refine=0 body_velocity=0 addon_prepare_query=0 addon_coherent_solve=0 addon_visible_solve=0 room_sphere=0 room_sweep=0 room_single=0
2026-09-19 21:43:17.199 collision profile window_ms=1000 frames=383 counts body_contacts=0 body_passes=0 body_jacobians=0 body_predictions=0 addon_contacts=0 addon_passes=0 addon_gradients=0 room_nodes=0 room_triangles=0
2026-09-19 21:43:18.198 performance profile window_ms=1000 frames=519 avg_ms total=1.537 housekeeping=0.004 bindings=0.004 diagnostics=0.001 colliders=1.494 axes=0.001 penis=0.001 penis_ownership=0.000 penis_gravity=0.000 penis_collision=0.000 penis_setup=0.000 penis_orientation=0.000 penis_translation=0.000 penis_solver=0.000 testicles=0.001 testicle_active=0.001 breasts=0.014 breasts_active=0.013 butt=0.001 butt_active=0.001 addons=0.010 addon_activation=0.010 addon_drive=0.000 addon_guard=0.000 addon_parent_pivot=0.000 addon_parent_translation=0.000 addon_parent_rotation=0.000 addon_gravity=0.000 addon_rotation_binding=0.000 addon_validation=0.000 addon_solver=0.000 addon_output=0.000 addon_cache=0.006 late=0.001 late_testicles=0.000 late_breasts=0.000 late_butt=0.000 traverse=0.000 addon_collision_body=0.000 addon_collision_self=0.000 addon_collision_addons=0.000 max_ms total=3.359 colliders=1.851 addons=0.128 calls late=519 traverse=0 body_collision=0 self_collision=0 addons_collision=0
2026-09-19 21:43:18.199 performance profile engine operation=symbols avg_ms=0.000000 max_call_ms=0.000000 calls_per_frame=0.00 window_ms=1000 frames=519 nested=1
2026-09-19 21:43:18.199 performance profile engine operation=find_object avg_ms=1.026576 max_call_ms=0.027000 calls_per_frame=7146.82 window_ms=1000 frames=519 nested=1
2026-09-19 21:43:18.199 performance profile engine operation=script_find avg_ms=0.000000 max_call_ms=0.000000 calls_per_frame=0.00 window_ms=1000 frames=519 nested=1
2026-09-19 21:43:18.199 performance profile engine operation=axis_lookup avg_ms=1.501052 max_call_ms=0.268200 calls_per_frame=8.30 window_ms=1000 frames=519 nested=1
2026-09-19 21:43:18.199 performance profile engine operation=pivot_query avg_ms=0.000000 max_call_ms=0.000000 calls_per_frame=0.00 window_ms=1000 frames=519 nested=1
2026-09-19 21:43:18.199 collision profile window_ms=1000 frames=519 avg_ms body_collection=0.000000 body_solve=0.000000 body_position=0.000000 body_refine=0.000000 body_velocity=0.000000 addon_prepare_query=0.000000 addon_coherent_solve=0.000000 addon_visible_solve=0.000000 room_sphere=0.000000 room_sweep=0.000000 room_single=0.000000
2026-09-19 21:43:18.199 collision profile window_ms=1000 frames=519 max_call_ms body_collection=0.000000 body_solve=0.000000 body_position=0.000000 body_refine=0.000000 body_velocity=0.000000 addon_prepare_query=0.000000 addon_coherent_solve=0.000000 addon_visible_solve=0.000000 room_sphere=0.000000 room_sweep=0.000000 room_single=0.000000
2026-09-19 21:43:18.200 collision profile window_ms=1000 frames=519 calls body_collection=0 body_solve=0 body_position=0 body_refine=0 body_velocity=0 addon_prepare_query=0 addon_coherent_solve=0 addon_visible_solve=0 room_sphere=0 room_sweep=0 room_single=0
2026-09-19 21:43:18.200 collision profile window_ms=1000 frames=519 counts body_contacts=0 body_passes=0 body_jacobians=0 body_predictions=0 addon_contacts=0 addon_passes=0 addon_gradients=0 room_nodes=0 room_triangles=0
2026-09-19 21:43:18.537 physics room lifecycle command=NewGame_Start note="wind and room bone bindings retired before native disposal; shutdown=0"
2026-09-19 21:43:19.262 performance profile window_ms=1031 frames=176 avg_ms total=1.697 housekeeping=0.125 bindings=0.010 diagnostics=0.001 colliders=1.504 axes=0.005 penis=0.005 penis_ownership=0.000 penis_gravity=0.000 penis_collision=0.000 penis_setup=0.000 penis_orientation=0.000 penis_translation=0.000 penis_solver=0.000 testicles=0.005 testicle_active=0.005 breasts=0.018 breasts_active=0.017 butt=0.005 butt_active=0.005 addons=0.012 addon_activation=0.011 addon_drive=0.000 addon_guard=0.000 addon_parent_pivot=0.000 addon_parent_translation=0.000 addon_parent_rotation=0.000 addon_gravity=0.000 addon_rotation_binding=0.000 addon_validation=0.000 addon_solver=0.000 addon_output=0.000 addon_cache=0.006 late=0.001 late_testicles=0.000 late_breasts=0.000 late_butt=0.000 traverse=0.000 addon_collision_body=0.000 addon_collision_self=0.000 addon_collision_addons=0.000 max_ms total=25.306 colliders=1.795 addons=0.116 calls late=176 traverse=0 body_collision=0 self_collision=0 addons_collision=0
2026-09-19 21:43:19.262 performance profile engine operation=symbols avg_ms=0.000000 max_call_ms=0.000000 calls_per_frame=0.00 window_ms=1031 frames=176 nested=1
2026-09-19 21:43:19.262 performance profile engine operation=find_object avg_ms=1.045158 max_call_ms=0.228100 calls_per_frame=7241.61 window_ms=1031 frames=176 nested=1
2026-09-19 21:43:19.263 performance profile engine operation=script_find avg_ms=0.000000 max_call_ms=0.000000 calls_per_frame=0.00 window_ms=1031 frames=176 nested=1
2026-09-19 21:43:19.263 performance profile engine operation=axis_lookup avg_ms=1.529104 max_call_ms=0.457800 calls_per_frame=8.55 window_ms=1031 frames=176 nested=1
2026-09-19 21:43:19.263 performance profile engine operation=pivot_query avg_ms=0.000000 max_call_ms=0.000000 calls_per_frame=0.00 window_ms=1031 frames=176 nested=1
2026-09-19 21:43:19.263 collision profile window_ms=1031 frames=176 avg_ms body_collection=0.000000 body_solve=0.000000 body_position=0.000000 body_refine=0.000000 body_velocity=0.000000 addon_prepare_query=0.000000 addon_coherent_solve=0.000000 addon_visible_solve=0.000000 room_sphere=0.000000 room_sweep=0.000000 room_single=0.000000
2026-09-19 21:43:19.263 collision profile window_ms=1031 frames=176 max_call_ms body_collection=0.000000 body_solve=0.000000 body_position=0.000000 body_refine=0.000000 body_velocity=0.000000 addon_prepare_query=0.000000 addon_coherent_solve=0.000000 addon_visible_solve=0.000000 room_sphere=0.000000 room_sweep=0.000000 room_single=0.000000
2026-09-19 21:43:19.264 collision profile window_ms=1031 frames=176 calls body_collection=0 body_solve=0 body_position=0 body_refine=0 body_velocity=0 addon_prepare_query=0 addon_coherent_solve=0 addon_visible_solve=0 room_sphere=0 room_sweep=0 room_single=0
2026-09-19 21:43:19.264 collision profile window_ms=1031 frames=176 counts body_contacts=0 body_passes=0 body_jacobians=0 body_predictions=0 addon_contacts=0 addon_passes=0 addon_gradients=0 room_nodes=0 room_triangles=0
2026-09-19 21:43:21.065 body-profile sidecar active person="Person01" body="C:\Users\ErolB\Desktop\Games\TK17\The Klub 17\Addons\Body.[NC].Male - Base Body Morphable\Scenes\Shared\Body\body02.bs" body_type=body02 sidecar="C:\Users\ErolB\Desktop\Games\TK17\The Klub 17\Addons\Body.[NC].Male - Base Body Morphable\Scenes\Shared\Body\body02.physx.ini" source="body-file-open" note="sidecar overrides only this person's effective PhysX config"
2026-09-19 21:43:21.096 performance profile window_ms=1812 frames=2 avg_ms total=35.343 housekeeping=17.523 bindings=4.210 diagnostics=0.004 colliders=2.984 axes=4.340 penis=1.589 penis_ownership=0.000 penis_gravity=0.000 penis_collision=0.000 penis_setup=0.000 penis_orientation=0.000 penis_translation=0.000 penis_solver=0.000 testicles=1.535 testicle_active=1.534 breasts=1.575 breasts_active=1.575 butt=1.492 butt_active=1.491 addons=0.085 addon_activation=0.082 addon_drive=0.000 addon_guard=0.000 addon_parent_pivot=0.000 addon_parent_translation=0.000 addon_parent_rotation=0.000 addon_gravity=0.000 addon_rotation_binding=0.000 addon_validation=0.000 addon_solver=0.000 addon_output=0.000 addon_cache=0.006 late=0.002 late_testicles=0.001 late_breasts=0.000 late_butt=0.000 traverse=0.000 addon_collision_body=0.000 addon_collision_self=0.000 addon_collision_addons=0.000 max_ms total=56.593 colliders=4.188 addons=0.088 calls late=2 traverse=0 body_collision=0 self_collision=0 addons_collision=0
2026-09-19 21:43:21.096 performance profile engine operation=symbols avg_ms=0.000000 max_call_ms=0.000000 calls_per_frame=0.00 window_ms=1812 frames=2 nested=1
2026-09-19 21:43:21.096 performance profile engine operation=find_object avg_ms=10.043050 max_call_ms=0.034100 calls_per_frame=47790.50 window_ms=1812 frames=2 nested=1
2026-09-19 21:43:21.097 performance profile engine operation=script_find avg_ms=0.000000 max_call_ms=0.000000 calls_per_frame=0.00 window_ms=1812 frames=2 nested=1
2026-09-19 21:43:21.097 performance profile engine operation=axis_lookup avg_ms=13.332800 max_call_ms=0.907000 calls_per_frame=41.50 window_ms=1812 frames=2 nested=1
2026-09-19 21:43:21.097 performance profile engine operation=pivot_query avg_ms=0.002000 max_call_ms=0.002200 calls_per_frame=1.50 window_ms=1812 frames=2 nested=1
2026-09-19 21:43:21.097 collision profile window_ms=1812 frames=2 avg_ms body_collection=0.000000 body_solve=0.000000 body_position=0.000000 body_refine=0.000000 body_velocity=0.000000 addon_prepare_query=0.000000 addon_coherent_solve=0.000000 addon_visible_solve=0.000000 room_sphere=0.000000 room_sweep=0.000000 room_single=0.000000
2026-09-19 21:43:21.097 collision profile window_ms=1812 frames=2 max_call_ms body_collection=0.000000 body_solve=0.000000 body_position=0.000000 body_refine=0.000000 body_velocity=0.000000 addon_prepare_query=0.000000 addon_coherent_solve=0.000000 addon_visible_solve=0.000000 room_sphere=0.000000 room_sweep=0.000000 room_single=0.000000
2026-09-19 21:43:21.098 collision profile window_ms=1812 frames=2 calls body_collection=0 body_solve=0 body_position=0 body_refine=0 body_velocity=0 addon_prepare_query=0 addon_coherent_solve=0 addon_visible_solve=0 room_sphere=0 room_sweep=0 room_single=0
2026-09-19 21:43:21.098 collision profile window_ms=1812 frames=2 counts body_contacts=0 body_passes=0 body_jacobians=0 body_predictions=0 addon_contacts=0 addon_passes=0 addon_gradients=0 room_nodes=0 room_triangles=0
2026-09-19 21:43:22.371 incoming collision-strength breasts=1.000 butt=1.000 penis=1.000 testicle=1.000
2026-09-19 21:43:22.429 performance profile window_ms=1250 frames=1 avg_ms total=131.340 housekeeping=95.856 bindings=13.729 diagnostics=0.003 colliders=4.333 axes=8.562 penis=2.246 penis_ownership=0.000 penis_gravity=0.000 penis_collision=0.000 penis_setup=0.000 penis_orientation=0.000 penis_translation=0.000 penis_solver=0.000 testicles=2.185 testicle_active=2.184 breasts=2.181 breasts_active=2.178 butt=2.155 butt_active=2.154 addons=0.083 addon_activation=0.080 addon_drive=0.000 addon_guard=0.000 addon_parent_pivot=0.000 addon_parent_translation=0.000 addon_parent_rotation=0.000 addon_gravity=0.000 addon_rotation_binding=0.000 addon_validation=0.000 addon_solver=0.000 addon_output=0.000 addon_cache=0.006 late=0.003 late_testicles=0.002 late_breasts=0.001 late_butt=0.000 traverse=0.000 addon_collision_body=0.000 addon_collision_self=0.000 addon_collision_addons=0.000 max_ms total=131.340 colliders=4.333 addons=0.083 calls late=1 traverse=0 body_collision=0 self_collision=0 addons_collision=0
2026-09-19 21:43:22.429 performance profile engine operation=symbols avg_ms=0.000000 max_call_ms=0.000000 calls_per_frame=0.00 window_ms=1250 frames=1 nested=1
2026-09-19 21:43:22.429 performance profile engine operation=find_object avg_ms=16.035200 max_call_ms=0.010800 calls_per_frame=81153.00 window_ms=1250 frames=1 nested=1
2026-09-19 21:43:22.430 performance profile engine operation=script_find avg_ms=0.000000 max_call_ms=0.000000 calls_per_frame=0.00 window_ms=1250 frames=1 nested=1
2026-09-19 21:43:22.430 performance profile engine operation=axis_lookup avg_ms=21.457800 max_call_ms=1.113500 calls_per_frame=70.00 window_ms=1250 frames=1 nested=1
2026-09-19 21:43:22.431 performance profile engine operation=pivot_query avg_ms=0.001900 max_call_ms=0.000600 calls_per_frame=6.00 window_ms=1250 frames=1 nested=1
2026-09-19 21:43:22.431 collision profile window_ms=1250 frames=1 avg_ms body_collection=0.000000 body_solve=0.000000 body_position=0.000000 body_refine=0.000000 body_velocity=0.000000 addon_prepare_query=0.000000 addon_coherent_solve=0.000000 addon_visible_solve=0.000000 room_sphere=0.000000 room_sweep=0.000000 room_single=0.000000
2026-09-19 21:43:22.432 collision profile window_ms=1250 frames=1 max_call_ms body_collection=0.000000 body_solve=0.000000 body_position=0.000000 body_refine=0.000000 body_velocity=0.000000 addon_prepare_query=0.000000 addon_coherent_solve=0.000000 addon_visible_solve=0.000000 room_sphere=0.000000 room_sweep=0.000000 room_single=0.000000
2026-09-19 21:43:22.432 collision profile window_ms=1250 frames=1 calls body_collection=0 body_solve=0 body_position=0 body_refine=0 body_velocity=0 addon_prepare_query=0 addon_coherent_solve=0 addon_visible_solve=0 room_sphere=0 room_sweep=0 room_single=0
2026-09-19 21:43:22.432 collision profile window_ms=1250 frames=1 counts body_contacts=0 body_passes=0 body_jacobians=0 body_predictions=0 addon_contacts=0 addon_passes=0 addon_gradients=0 room_nodes=0 room_triangles=0
2026-09-19 21:43:35.238 body-profile sidecar active person="Person03" body="C:\Users\ErolB\Desktop\Games\TK17\The Klub 17\Addons\Body.[NC].Male - Base Body Morphable\Scenes\Shared\Body\body02.bs" body_type=body02 sidecar="C:\Users\ErolB\Desktop\Games\TK17\The Klub 17\Addons\Body.[NC].Male - Base Body Morphable\Scenes\Shared\Body\body02.physx.ini" source="body-file-open" note="sidecar overrides only this person's effective PhysX config"
2026-09-19 21:43:35.267 performance profile window_ms=12922 frames=1 avg_ms total=54.224 housekeeping=25.958 bindings=24.518 diagnostics=0.004 colliders=1.713 axes=1.630 penis=0.114 penis_ownership=0.000 penis_gravity=0.000 penis_collision=0.000 penis_setup=0.000 penis_orientation=0.000 penis_translation=0.000 penis_solver=0.000 testicles=0.053 testicle_active=0.052 breasts=0.056 breasts_active=0.054 butt=0.084 butt_active=0.083 addons=0.086 addon_activation=0.083 addon_drive=0.000 addon_guard=0.000 addon_parent_pivot=0.000 addon_parent_translation=0.000 addon_parent_rotation=0.000 addon_gravity=0.000 addon_rotation_binding=0.000 addon_validation=0.000 addon_solver=0.000 addon_output=0.000 addon_cache=0.007 late=0.004 late_testicles=0.002 late_breasts=0.001 late_butt=0.001 traverse=0.000 addon_collision_body=0.000 addon_collision_self=0.000 addon_collision_addons=0.000 max_ms total=54.224 colliders=1.713 addons=0.086 calls late=1 traverse=0 body_collision=0 self_collision=0 addons_collision=0
2026-09-19 21:43:35.267 performance profile engine operation=symbols avg_ms=0.000000 max_call_ms=0.000000 calls_per_frame=0.00 window_ms=12922 frames=1 nested=1
2026-09-19 21:43:35.267 performance profile engine operation=find_object avg_ms=3.887400 max_call_ms=0.018100 calls_per_frame=18268.00 window_ms=12922 frames=1 nested=1
2026-09-19 21:43:35.268 performance profile engine operation=script_find avg_ms=0.000000 max_call_ms=0.000000 calls_per_frame=0.00 window_ms=12922 frames=1 nested=1
2026-09-19 21:43:35.268 performance profile engine operation=axis_lookup avg_ms=5.046500 max_call_ms=1.655600 calls_per_frame=99.00 window_ms=12922 frames=1 nested=1
2026-09-19 21:43:35.269 performance profile engine operation=pivot_query avg_ms=0.004000 max_call_ms=0.001800 calls_per_frame=9.00 window_ms=12922 frames=1 nested=1
2026-09-19 21:43:35.269 collision profile window_ms=12922 frames=1 avg_ms body_collection=0.000000 body_solve=0.000000 body_position=0.000000 body_refine=0.000000 body_velocity=0.000000 addon_prepare_query=0.000000 addon_coherent_solve=0.000000 addon_visible_solve=0.000000 room_sphere=0.000000 room_sweep=0.000000 room_single=0.000000
2026-09-19 21:43:35.269 collision profile window_ms=12922 frames=1 max_call_ms body_collection=0.000000 body_solve=0.000000 body_position=0.000000 body_refine=0.000000 body_velocity=0.000000 addon_prepare_query=0.000000 addon_coherent_solve=0.000000 addon_visible_solve=0.000000 room_sphere=0.000000 room_sweep=0.000000 room_single=0.000000
2026-09-19 21:43:35.269 collision profile window_ms=12922 frames=1 calls body_collection=0 body_solve=0 body_position=0 body_refine=0 body_velocity=0 addon_prepare_query=0 addon_coherent_solve=0 addon_visible_solve=0 room_sphere=0 room_sweep=0 room_single=0
2026-09-19 21:43:35.269 collision profile window_ms=12922 frames=1 counts body_contacts=0 body_passes=0 body_jacobians=0 body_predictions=0 addon_contacts=0 addon_passes=0 addon_gradients=0 room_nodes=0 room_triangles=0
2026-09-19 21:43:35.933 incoming collision-strength breasts=1.000 butt=1.000 penis=1.000 testicle=1.000
2026-09-19 21:43:36.559 performance profile window_ms=1282 frames=2 avg_ms total=76.947 housekeeping=59.712 bindings=12.318 diagnostics=0.005 colliders=2.722 axes=0.840 penis=0.118 penis_ownership=0.000 penis_gravity=0.000 penis_collision=0.000 penis_setup=0.000 penis_orientation=0.000 penis_translation=0.000 penis_solver=0.000 testicles=0.053 testicle_active=0.053 breasts=0.945 breasts_active=0.940 butt=0.116 butt_active=0.115 addons=0.107 addon_activation=0.103 addon_drive=0.000 addon_guard=0.000 addon_parent_pivot=0.000 addon_parent_translation=0.000 addon_parent_rotation=0.000 addon_gravity=0.000 addon_rotation_binding=0.000 addon_validation=0.000 addon_solver=0.000 addon_output=0.000 addon_cache=0.011 late=0.002 late_testicles=0.001 late_breasts=0.000 late_butt=0.001 traverse=0.000 addon_collision_body=0.000 addon_collision_self=0.000 addon_collision_addons=0.000 max_ms total=98.447 colliders=3.674 addons=0.122 calls late=2 traverse=0 body_collision=0 self_collision=0 addons_collision=0
2026-09-19 21:43:36.560 performance profile engine operation=symbols avg_ms=0.000000 max_call_ms=0.000000 calls_per_frame=0.00 window_ms=1282 frames=2 nested=1
2026-09-19 21:43:36.560 performance profile engine operation=find_object avg_ms=4.058800 max_call_ms=0.017200 calls_per_frame=18250.00 window_ms=1282 frames=2 nested=1
2026-09-19 21:43:36.560 performance profile engine operation=script_find avg_ms=0.000000 max_call_ms=0.000000 calls_per_frame=0.00 window_ms=1282 frames=2 nested=1
2026-09-19 21:43:36.561 performance profile engine operation=axis_lookup avg_ms=5.321750 max_call_ms=1.782400 calls_per_frame=82.00 window_ms=1282 frames=2 nested=1
2026-09-19 21:43:36.561 performance profile engine operation=pivot_query avg_ms=0.005700 max_call_ms=0.003000 calls_per_frame=11.00 window_ms=1282 frames=2 nested=1
2026-09-19 21:43:36.561 collision profile window_ms=1282 frames=2 avg_ms body_collection=0.000000 body_solve=0.000000 body_position=0.000000 body_refine=0.000000 body_velocity=0.000000 addon_prepare_query=0.000000 addon_coherent_solve=0.000000 addon_visible_solve=0.000000 room_sphere=0.000000 room_sweep=0.000000 room_single=0.000000
2026-09-19 21:43:36.561 collision profile window_ms=1282 frames=2 max_call_ms body_collection=0.000000 body_solve=0.000000 body_position=0.000000 body_refine=0.000000 body_velocity=0.000000 addon_prepare_query=0.000000 addon_coherent_solve=0.000000 addon_visible_solve=0.000000 room_sphere=0.000000 room_sweep=0.000000 room_single=0.000000
2026-09-19 21:43:36.561 collision profile window_ms=1282 frames=2 calls body_collection=0 body_solve=0 body_position=0 body_refine=0 body_velocity=0 addon_prepare_query=0 addon_coherent_solve=0 addon_visible_solve=0 room_sphere=0 room_sweep=0 room_single=0
2026-09-19 21:43:36.562 collision profile window_ms=1282 frames=2 counts body_contacts=0 body_passes=0 body_jacobians=0 body_predictions=0 addon_contacts=0 addon_passes=0 addon_gradients=0 room_nodes=0 room_triangles=0
2026-09-19 21:43:41.248 performance profile body-update person=Person01 system=butt update_rate_hz=-1 published_hz=0.6 sample_ms=5360
2026-09-19 21:43:41.249 performance profile window_ms=4703 frames=2 avg_ms total=43.641 housekeeping=24.701 bindings=11.947 diagnostics=0.004 colliders=2.783 axes=3.565 penis=0.111 penis_ownership=0.000 penis_gravity=0.000 penis_collision=0.000 penis_setup=0.000 penis_orientation=0.000 penis_translation=0.000 penis_solver=0.000 testicles=0.055 testicle_active=0.055 breasts=0.057 breasts_active=0.053 butt=0.306 butt_active=0.306 addons=0.101 addon_activation=0.098 addon_drive=0.000 addon_guard=0.000 addon_parent_pivot=0.000 addon_parent_translation=0.000 addon_parent_rotation=0.000 addon_gravity=0.000 addon_rotation_binding=0.000 addon_validation=0.000 addon_solver=0.000 addon_output=0.000 addon_cache=0.008 late=0.007 late_testicles=0.002 late_breasts=0.001 late_butt=0.004 traverse=0.000 addon_collision_body=0.000 addon_collision_self=0.000 addon_collision_addons=0.000 max_ms total=54.160 colliders=3.671 addons=0.108 calls late=2 traverse=0 body_collision=0 self_collision=0 addons_collision=0
2026-09-19 21:43:41.249 performance profile engine operation=symbols avg_ms=0.000000 max_call_ms=0.000000 calls_per_frame=0.00 window_ms=4703 frames=2 nested=1
2026-09-19 21:43:41.249 performance profile engine operation=find_object avg_ms=5.632600 max_call_ms=0.025500 calls_per_frame=25524.00 window_ms=4703 frames=2 nested=1
2026-09-19 21:43:41.249 performance profile engine operation=script_find avg_ms=0.000000 max_call_ms=0.000000 calls_per_frame=0.00 window_ms=4703 frames=2 nested=1
2026-09-19 21:43:41.249 performance profile engine operation=axis_lookup avg_ms=7.277300 max_call_ms=1.805700 calls_per_frame=96.50 window_ms=4703 frames=2 nested=1
2026-09-19 21:43:41.250 performance profile engine operation=pivot_query avg_ms=0.006400 max_call_ms=0.002600 calls_per_frame=13.00 window_ms=4703 frames=2 nested=1
2026-09-19 21:43:41.250 collision profile window_ms=4703 frames=2 avg_ms body_collection=0.000000 body_solve=0.000000 body_position=0.000000 body_refine=0.000000 body_velocity=0.000000 addon_prepare_query=0.000000 addon_coherent_solve=0.000000 addon_visible_solve=0.000000 room_sphere=0.000000 room_sweep=0.000000 room_single=0.000000
2026-09-19 21:43:41.250 collision profile window_ms=4703 frames=2 max_call_ms body_collection=0.000000 body_solve=0.000000 body_position=0.000000 body_refine=0.000000 body_velocity=0.000000 addon_prepare_query=0.000000 addon_coherent_solve=0.000000 addon_visible_solve=0.000000 room_sphere=0.000000 room_sweep=0.000000 room_single=0.000000
2026-09-19 21:43:41.250 collision profile window_ms=4703 frames=2 calls body_collection=0 body_solve=0 body_position=0 body_refine=0 body_velocity=0 addon_prepare_query=0 addon_coherent_solve=0 addon_visible_solve=0 room_sphere=0 room_sweep=0 room_single=0
2026-09-19 21:43:41.250 collision profile window_ms=4703 frames=2 counts body_contacts=0 body_passes=0 body_jacobians=0 body_predictions=0 addon_contacts=0 addon_passes=0 addon_gradients=0 room_nodes=0 room_triangles=0
2026-09-19 21:43:44.511 performance profile body-update person=Person03 system=butt update_rate_hz=-1 published_hz=0.3 sample_ms=7218
2026-09-19 21:43:44.511 performance profile window_ms=3265 frames=1 avg_ms total=38.847 housekeeping=10.082 bindings=23.618 diagnostics=0.008 colliders=1.824 axes=1.779 penis=0.196 penis_ownership=0.000 penis_gravity=0.000 penis_collision=0.000 penis_setup=0.000 penis_orientation=0.000 penis_translation=0.000 penis_solver=0.000 testicles=0.095 testicle_active=0.094 breasts=0.105 breasts_active=0.094 butt=0.978 butt_active=0.977 addons=0.141 addon_activation=0.138 addon_drive=0.000 addon_guard=0.000 addon_parent_pivot=0.000 addon_parent_translation=0.000 addon_parent_rotation=0.000 addon_gravity=0.000 addon_rotation_binding=0.000 addon_validation=0.000 addon_solver=0.000 addon_output=0.000 addon_cache=0.017 late=0.007 late_testicles=0.001 late_breasts=0.001 late_butt=0.005 traverse=0.000 addon_collision_body=0.000 addon_collision_self=0.000 addon_collision_addons=0.000 max_ms total=38.847 colliders=1.824 addons=0.141 calls late=1 traverse=0 body_collision=0 self_collision=0 addons_collision=0
2026-09-19 21:43:44.512 performance profile engine operation=symbols avg_ms=0.000000 max_call_ms=0.000000 calls_per_frame=0.00 window_ms=3265 frames=1 nested=1
2026-09-19 21:43:44.512 performance profile engine operation=find_object avg_ms=4.335000 max_call_ms=0.027200 calls_per_frame=19175.00 window_ms=3265 frames=1 nested=1
2026-09-19 21:43:44.512 performance profile engine operation=script_find avg_ms=0.000000 max_call_ms=0.000000 calls_per_frame=0.00 window_ms=3265 frames=1 nested=1
2026-09-19 21:43:44.512 performance profile engine operation=axis_lookup avg_ms=5.521400 max_call_ms=1.812800 calls_per_frame=97.00 window_ms=3265 frames=1 nested=1
2026-09-19 21:43:44.512 performance profile engine operation=pivot_query avg_ms=0.007400 max_call_ms=0.002900 calls_per_frame=13.00 window_ms=3265 frames=1 nested=1
2026-09-19 21:43:44.513 collision profile window_ms=3265 frames=1 avg_ms body_collection=0.000000 body_solve=0.000000 body_position=0.000000 body_refine=0.000000 body_velocity=0.000000 addon_prepare_query=0.000000 addon_coherent_solve=0.000000 addon_visible_solve=0.000000 room_sphere=0.000000 room_sweep=0.000000 room_single=0.000000
2026-09-19 21:43:44.513 collision profile window_ms=3265 frames=1 max_call_ms body_collection=0.000000 body_solve=0.000000 body_position=0.000000 body_refine=0.000000 body_velocity=0.000000 addon_prepare_query=0.000000 addon_coherent_solve=0.000000 addon_visible_solve=0.000000 room_sphere=0.000000 room_sweep=0.000000 room_single=0.000000
2026-09-19 21:43:44.513 collision profile window_ms=3265 frames=1 calls body_collection=0 body_solve=0 body_position=0 body_refine=0 body_velocity=0 addon_prepare_query=0 addon_coherent_solve=0 addon_visible_solve=0 room_sphere=0 room_sweep=0 room_single=0
2026-09-19 21:43:44.513 collision profile window_ms=3265 frames=1 counts body_contacts=0 body_passes=0 body_jacobians=0 body_predictions=0 addon_contacts=0 addon_passes=0 addon_gradients=0 room_nodes=0 room_triangles=0
2026-09-19 21:43:47.862 performance profile body-update person=Person01 system=butt update_rate_hz=-1 published_hz=0.3 sample_ms=6609
2026-09-19 21:43:47.862 performance profile window_ms=3344 frames=1 avg_ms total=55.982 housekeeping=25.506 bindings=24.947 diagnostics=0.005 colliders=1.985 axes=2.768 penis=0.119 penis_ownership=0.000 penis_gravity=0.000 penis_collision=0.000 penis_setup=0.000 penis_orientation=0.000 penis_translation=0.000 penis_solver=0.000 testicles=0.056 testicle_active=0.055 breasts=0.059 breasts_active=0.055 butt=0.431 butt_active=0.430 addons=0.095 addon_activation=0.092 addon_drive=0.000 addon_guard=0.000 addon_parent_pivot=0.000 addon_parent_translation=0.000 addon_parent_rotation=0.000 addon_gravity=0.000 addon_rotation_binding=0.000 addon_validation=0.000 addon_solver=0.000 addon_output=0.000 addon_cache=0.009 late=0.007 late_testicles=0.001 late_breasts=0.001 late_butt=0.006 traverse=0.000 addon_collision_body=0.000 addon_collision_self=0.000 addon_collision_addons=0.000 max_ms total=55.982 colliders=1.985 addons=0.095 calls late=1 traverse=0 body_collision=0 self_collision=0 addons_collision=0
2026-09-19 21:43:47.863 performance profile engine operation=symbols avg_ms=0.000000 max_call_ms=0.000000 calls_per_frame=0.00 window_ms=3344 frames=1 nested=1
2026-09-19 21:43:47.863 performance profile engine operation=find_object avg_ms=5.161600 max_call_ms=0.166700 calls_per_frame=19175.00 window_ms=3344 frames=1 nested=1
2026-09-19 21:43:47.863 performance profile engine operation=script_find avg_ms=0.000000 max_call_ms=0.000000 calls_per_frame=0.00 window_ms=3344 frames=1 nested=1
2026-09-19 21:43:47.863 performance profile engine operation=axis_lookup avg_ms=6.671900 max_call_ms=2.714200 calls_per_frame=97.00 window_ms=3344 frames=1 nested=1
2026-09-19 21:43:47.863 performance profile engine operation=pivot_query avg_ms=0.006300 max_call_ms=0.002100 calls_per_frame=13.00 window_ms=3344 frames=1 nested=1
2026-09-19 21:43:47.864 collision profile window_ms=3344 frames=1 avg_ms body_collection=0.000000 body_solve=0.000000 body_position=0.000000 body_refine=0.000000 body_velocity=0.000000 addon_prepare_query=0.000000 addon_coherent_solve=0.000000 addon_visible_solve=0.000000 room_sphere=0.000000 room_sweep=0.000000 room_single=0.000000
2026-09-19 21:43:47.864 collision profile window_ms=3344 frames=1 max_call_ms body_collection=0.000000 body_solve=0.000000 body_position=0.000000 body_refine=0.000000 body_velocity=0.000000 addon_prepare_query=0.000000 addon_coherent_solve=0.000000 addon_visible_solve=0.000000 room_sphere=0.000000 room_sweep=0.000000 room_single=0.000000
2026-09-19 21:43:47.864 collision profile window_ms=3344 frames=1 calls body_collection=0 body_solve=0 body_position=0 body_refine=0 body_velocity=0 addon_prepare_query=0 addon_coherent_solve=0 addon_visible_solve=0 room_sphere=0 room_sweep=0 room_single=0
2026-09-19 21:43:47.865 collision profile window_ms=3344 frames=1 counts body_contacts=0 body_passes=0 body_jacobians=0 body_predictions=0 addon_contacts=0 addon_passes=0 addon_gradients=0 room_nodes=0 room_triangles=0
2026-09-19 21:43:49.096 performance profile window_ms=1234 frames=1 avg_ms total=54.197 housekeeping=26.010 bindings=23.983 diagnostics=0.005 colliders=1.821 axes=0.007 penis=0.085 penis_ownership=0.000 penis_gravity=0.000 penis_collision=0.000 penis_setup=0.000 penis_orientation=0.000 penis_translation=0.000 penis_solver=0.000 testicles=0.051 testicle_active=0.050 breasts=1.892 breasts_active=1.888 butt=0.170 butt_active=0.169 addons=0.148 addon_activation=0.145 addon_drive=0.000 addon_guard=0.000 addon_parent_pivot=0.000 addon_parent_translation=0.000 addon_parent_rotation=0.000 addon_gravity=0.000 addon_rotation_binding=0.000 addon_validation=0.000 addon_solver=0.000 addon_output=0.000 addon_cache=0.024 late=0.008 late_testicles=0.001 late_breasts=0.001 late_butt=0.006 traverse=0.000 addon_collision_body=0.000 addon_collision_self=0.000 addon_collision_addons=0.000 max_ms total=54.197 colliders=1.821 addons=0.148 calls late=1 traverse=0 body_collision=0 self_collision=0 addons_collision=0
2026-09-19 21:43:49.096 performance profile engine operation=symbols avg_ms=0.000000 max_call_ms=0.000000 calls_per_frame=0.00 window_ms=1234 frames=1 nested=1
2026-09-19 21:43:49.096 performance profile engine operation=find_object avg_ms=4.309300 max_call_ms=0.080300 calls_per_frame=19163.00 window_ms=1234 frames=1 nested=1
2026-09-19 21:43:49.098 performance profile engine operation=script_find avg_ms=0.000000 max_call_ms=0.000000 calls_per_frame=0.00 window_ms=1234 frames=1 nested=1
2026-09-19 21:43:49.098 performance profile engine operation=axis_lookup avg_ms=5.539600 max_call_ms=1.834900 calls_per_frame=85.00 window_ms=1234 frames=1 nested=1
2026-09-19 21:43:49.098 performance profile engine operation=pivot_query avg_ms=0.005300 max_call_ms=0.001700 calls_per_frame=13.00 window_ms=1234 frames=1 nested=1
2026-09-19 21:43:49.099 collision profile window_ms=1234 frames=1 avg_ms body_collection=0.000000 body_solve=0.000000 body_position=0.000000 body_refine=0.000000 body_velocity=0.000000 addon_prepare_query=0.000000 addon_coherent_solve=0.000000 addon_visible_solve=0.000000 room_sphere=0.000000 room_sweep=0.000000 room_single=0.000000
2026-09-19 21:43:49.099 collision profile window_ms=1234 frames=1 max_call_ms body_collection=0.000000 body_solve=0.000000 body_position=0.000000 body_refine=0.000000 body_velocity=0.000000 addon_prepare_query=0.000000 addon_coherent_solve=0.000000 addon_visible_solve=0.000000 room_sphere=0.000000 room_sweep=0.000000 room_single=0.000000
2026-09-19 21:43:49.099 collision profile window_ms=1234 frames=1 calls body_collection=0 body_solve=0 body_position=0 body_refine=0 body_velocity=0 addon_prepare_query=0 addon_coherent_solve=0 addon_visible_solve=0 room_sphere=0 room_sweep=0 room_single=0
2026-09-19 21:43:49.100 collision profile window_ms=1234 frames=1 counts body_contacts=0 body_passes=0 body_jacobians=0 body_predictions=0 addon_contacts=0 addon_passes=0 addon_gradients=0 room_nodes=0 room_triangles=0
2026-09-19 21:43:49.911 performance profile body-update person=Person03 system=butt update_rate_hz=-1 published_hz=0.6 sample_ms=5407
2026-09-19 21:43:55.317 PoseEdit file handoff fade-wait exec="native-queue" note="retain outgoing physics until the native fade readiness gate"
2026-09-19 21:43:55.319 PoseEdit file handoff end exec="native-queue" result=0x00000000 editpose=670fd3e0 pending_reset=1 note="physics waits for the native pending-reset flag to clear before binding the resulting pose"
2026-09-19 21:43:55.659 PoseEdit file handoff begin exec="native-fade-ready" editpose=670fd3e0 note="returned current tracks to TK17 before native pose replacement; discarded old snapshots"
2026-09-19 21:44:03.855 PoseEdit file handoff begin exec="native-reset" editpose=670fd3e0 note="returned current tracks to TK17 before native pose replacement; discarded old snapshots"
2026-09-19 21:44:03.855 PoseEdit file handoff rotation-trace phase=native-reset-before person=1 joint=1 track=67100154 target=347db4a0 member=0x02fff04a keys=73254170 count=0 keys_read=0 first_frame=0 first=(0.000000,0.000000,0.000000) last_frame=0 last=(0.000000,0.000000,0.000000) output_raw=41bb8ac0 output_offset=0x6c output_read=1 output=(0.000000,0.000000,0.000000)
2026-09-19 21:44:03.856 PoseEdit file handoff rotation-trace phase=native-reset-before person=1 joint=2 track=671009c4 target=4908d080 member=0x01fff04e keys=73254170 count=0 keys_read=0 first_frame=0 first=(0.000000,0.000000,0.000000) last_frame=0 last=(0.000000,0.000000,0.000000) output_raw=41bb7440 output_offset=0x6c output_read=1 output=(0.000000,0.000000,0.000000)
2026-09-19 21:44:03.856 PoseEdit file handoff rotation-trace phase=native-reset-before person=1 joint=3 track=67100a14 target=4908cf40 member=0x01fff04e keys=73254170 count=0 keys_read=0 first_frame=0 first=(0.000000,0.000000,0.000000) last_frame=0 last=(0.000000,0.000000,0.000000) output_raw=41bb7b40 output_offset=0x6c output_read=1 output=(0.000000,0.000000,0.000000)
2026-09-19 21:44:03.856 PoseEdit file handoff rotation-trace phase=native-reset-before person=2 joint=1 track=671120d4 target=4a42d480 member=0x02fff04a keys=73254170 count=0 keys_read=0 first_frame=0 first=(0.000000,0.000000,0.000000) last_frame=0 last=(0.000000,0.000000,0.000000) output_raw=4a3bc200 output_offset=0x6c output_read=1 output=(0.000000,0.000000,-47.500000)
2026-09-19 21:44:03.856 PoseEdit file handoff rotation-trace phase=native-reset-before person=2 joint=2 track=67112944 target=4b976360 member=0x01fff04e keys=73254170 count=0 keys_read=0 first_frame=0 first=(0.000000,0.000000,0.000000) last_frame=0 last=(0.000000,0.000000,0.000000) output_raw=4a3bdcc0 output_offset=0x6c output_read=1 output=(0.000000,0.000000,-17.160000)
2026-09-19 21:44:03.857 PoseEdit file handoff rotation-trace phase=native-reset-before person=2 joint=3 track=67112994 target=4b976640 member=0x01fff04e keys=73254170 count=0 keys_read=0 first_frame=0 first=(0.000000,0.000000,0.000000) last_frame=0 last=(0.000000,0.000000,0.000000) output_raw=4a3beac0 output_offset=0x6c output_read=1 output=(0.000000,0.000000,-6.988000)
2026-09-19 21:44:03.857 PoseEdit file handoff rotation-trace phase=native-reset-before person=3 joint=1 track=67124054 target=4f3330a0 member=0x02fff04a keys=73254170 count=0 keys_read=0 first_frame=0 first=(0.000000,0.000000,0.000000) last_frame=0 last=(0.000000,0.000000,0.000000) output_raw=4a3bd180 output_offset=0x6c output_read=1 output=(0.000000,0.000000,0.000000)
2026-09-19 21:44:03.857 PoseEdit file handoff rotation-trace phase=native-reset-before person=3 joint=2 track=671248c4 target=52e5ad60 member=0x01fff04e keys=73254170 count=0 keys_read=0 first_frame=0 first=(0.000000,0.000000,0.000000) last_frame=0 last=(0.000000,0.000000,0.000000) output_raw=5023d900 output_offset=0x6c output_read=1 output=(0.000000,0.000000,0.000000)
2026-09-19 21:44:03.857 PoseEdit file handoff rotation-trace phase=native-reset-before person=3 joint=3 track=67124914 target=52e5c9c0 member=0x01fff04e keys=73254170 count=0 keys_read=0 first_frame=0 first=(0.000000,0.000000,0.000000) last_frame=0 last=(0.000000,0.000000,0.000000) output_raw=5023eb40 output_offset=0x6c output_read=1 output=(0.000000,0.000000,0.000000)
2026-09-19 21:44:03.906 PoseEdit file handoff rotation-trace phase=native-reset-after person=1 joint=1 track=67100154 target=347db4a0 member=0x02fff04a keys=73254170 count=0 keys_read=0 first_frame=0 first=(0.000000,0.000000,0.000000) last_frame=0 last=(0.000000,0.000000,0.000000) output_raw=41bb8ac0 output_offset=0x6c output_read=1 output=(0.000000,0.000000,0.000000)
2026-09-19 21:44:03.906 PoseEdit file handoff rotation-trace phase=native-reset-after person=1 joint=2 track=671009c4 target=4908d080 member=0x01fff04e keys=73254170 count=0 keys_read=0 first_frame=0 first=(0.000000,0.000000,0.000000) last_frame=0 last=(0.000000,0.000000,0.000000) output_raw=41bb7440 output_offset=0x6c output_read=1 output=(0.000000,0.000000,0.000000)
2026-09-19 21:44:03.906 PoseEdit file handoff rotation-trace phase=native-reset-after person=1 joint=3 track=67100a14 target=4908cf40 member=0x01fff04e keys=73254170 count=0 keys_read=0 first_frame=0 first=(0.000000,0.000000,0.000000) last_frame=0 last=(0.000000,0.000000,0.000000) output_raw=41bb7b40 output_offset=0x6c output_read=1 output=(0.000000,0.000000,0.000000)
2026-09-19 21:44:03.906 PoseEdit file handoff rotation-trace phase=native-reset-after person=2 joint=1 track=671120d4 target=4a42d480 member=0x02fff04a keys=67f2d860 count=1 keys_read=1 first_frame=0 first=(0.000000,0.000000,-47.500000) last_frame=0 last=(0.000000,0.000000,-47.500000) output_raw=4a3bc200 output_offset=0x6c output_read=1 output=(0.000000,0.000000,-47.500000)
2026-09-19 21:44:03.908 PoseEdit file handoff rotation-trace phase=native-reset-after person=2 joint=2 track=67112944 target=4b976360 member=0x01fff04e keys=67f30f00 count=1 keys_read=1 first_frame=0 first=(0.000000,0.000000,0.000000) last_frame=0 last=(0.000000,0.000000,0.000000) output_raw=4a3bdcc0 output_offset=0x6c output_read=1 output=(0.000000,0.000000,-17.160000)
2026-09-19 21:44:03.908 PoseEdit file handoff rotation-trace phase=native-reset-after person=2 joint=3 track=67112994 target=4b976640 member=0x01fff04e keys=67f30760 count=1 keys_read=1 first_frame=0 first=(0.000000,0.000000,0.000000) last_frame=0 last=(0.000000,0.000000,0.000000) output_raw=4a3beac0 output_offset=0x6c output_read=1 output=(0.000000,0.000000,-6.988000)
2026-09-19 21:44:03.908 PoseEdit file handoff rotation-trace phase=native-reset-after person=3 joint=1 track=67124054 target=4f3330a0 member=0x02fff04a keys=73254170 count=0 keys_read=0 first_frame=0 first=(0.000000,0.000000,0.000000) last_frame=0 last=(0.000000,0.000000,0.000000) output_raw=4a3bd180 output_offset=0x6c output_read=1 output=(0.000000,0.000000,0.000000)
2026-09-19 21:44:03.909 PoseEdit file handoff rotation-trace phase=native-reset-after person=3 joint=2 track=671248c4 target=52e5ad60 member=0x01fff04e keys=73254170 count=0 keys_read=0 first_frame=0 first=(0.000000,0.000000,0.000000) last_frame=0 last=(0.000000,0.000000,0.000000) output_raw=5023d900 output_offset=0x6c output_read=1 output=(0.000000,0.000000,0.000000)
2026-09-19 21:44:03.909 PoseEdit file handoff rotation-trace phase=native-reset-after person=3 joint=3 track=67124914 target=52e5c9c0 member=0x01fff04e keys=73254170 count=0 keys_read=0 first_frame=0 first=(0.000000,0.000000,0.000000) last_frame=0 last=(0.000000,0.000000,0.000000) output_raw=5023eb40 output_offset=0x6c output_read=1 output=(0.000000,0.000000,0.000000)
2026-09-19 21:44:03.911 PoseEdit file handoff end exec="native-reset" result=0x00000000 editpose=670fd3e0 pending_reset=1 note="physics waits for the native pending-reset flag to clear before binding the resulting pose"
2026-09-19 21:44:04.215 genital physics state person=Person02 physics_paused=1 reason=clothing-hidden
2026-09-19 21:44:04.219 performance profile window_ms=15094 frames=3 avg_ms total=40.790 housekeeping=27.393 bindings=8.620 diagnostics=0.006 colliders=2.895 axes=0.606 penis=0.105 penis_ownership=0.000 penis_gravity=0.000 penis_collision=0.000 penis_setup=0.000 penis_orientation=0.000 penis_translation=0.000 penis_solver=0.000 testicles=0.042 testicle_active=0.041 breasts=0.825 breasts_active=0.818 butt=0.193 butt_active=0.192 addons=0.096 addon_activation=0.093 addon_drive=0.000 addon_guard=0.000 addon_parent_pivot=0.000 addon_parent_translation=0.000 addon_parent_rotation=0.000 addon_gravity=0.000 addon_rotation_binding=0.000 addon_validation=0.000 addon_solver=0.000 addon_output=0.000 addon_cache=0.008 late=0.019 late_testicles=0.007 late_breasts=0.004 late_butt=0.007 traverse=0.000 addon_collision_body=0.000 addon_collision_self=0.000 addon_collision_addons=0.000 max_ms total=85.006 colliders=3.975 addons=0.108 calls late=16 traverse=0 body_collision=0 self_collision=0 addons_collision=0
2026-09-19 21:44:04.219 performance profile engine operation=symbols avg_ms=0.000000 max_call_ms=0.000000 calls_per_frame=0.00 window_ms=15094 frames=3 nested=1
2026-09-19 21:44:04.219 performance profile engine operation=find_object avg_ms=8.577000 max_call_ms=0.047100 calls_per_frame=37815.33 window_ms=15094 frames=3 nested=1
2026-09-19 21:44:04.219 performance profile engine operation=script_find avg_ms=0.000000 max_call_ms=0.000000 calls_per_frame=0.00 window_ms=15094 frames=3 nested=1
2026-09-19 21:44:04.220 performance profile engine operation=axis_lookup avg_ms=11.427867 max_call_ms=2.277900 calls_per_frame=82.33 window_ms=15094 frames=3 nested=1
2026-09-19 21:44:04.220 performance profile engine operation=pivot_query avg_ms=0.025933 max_call_ms=0.005000 calls_per_frame=37.00 window_ms=15094 frames=3 nested=1
2026-09-19 21:44:04.220 collision profile window_ms=15094 frames=3 avg_ms body_collection=0.000000 body_solve=0.000000 body_position=0.000000 body_refine=0.000000 body_velocity=0.000000 addon_prepare_query=0.000000 addon_coherent_solve=0.000000 addon_visible_solve=0.000000 room_sphere=0.000000 room_sweep=0.000000 room_single=0.000000
2026-09-19 21:44:04.220 collision profile window_ms=15094 frames=3 max_call_ms body_collection=0.000000 body_solve=0.000000 body_position=0.000000 body_refine=0.000000 body_velocity=0.000000 addon_prepare_query=0.000000 addon_coherent_solve=0.000000 addon_visible_solve=0.000000 room_sphere=0.000000 room_sweep=0.000000 room_single=0.000000
2026-09-19 21:44:04.220 collision profile window_ms=15094 frames=3 calls body_collection=0 body_solve=0 body_position=0 body_refine=0 body_velocity=0 addon_prepare_query=0 addon_coherent_solve=0 addon_visible_solve=0 room_sphere=0 room_sweep=0 room_single=0
2026-09-19 21:44:04.221 collision profile window_ms=15094 frames=3 counts body_contacts=0 body_passes=0 body_jacobians=0 body_predictions=0 addon_contacts=0 addon_passes=0 addon_gradients=0 room_nodes=0 room_triangles=0
2026-09-19 21:44:05.157 performance profile window_ms=1000 frames=82 avg_ms total=1.456 housekeeping=0.037 bindings=0.559 diagnostics=0.004 colliders=0.180 axes=0.001 penis=0.226 penis_ownership=0.000 penis_gravity=0.000 penis_collision=0.000 penis_setup=0.000 penis_orientation=0.000 penis_translation=0.000 penis_solver=0.000 testicles=0.009 testicle_active=0.007 breasts=0.259 breasts_active=0.253 butt=0.092 butt_active=0.092 addons=0.074 addon_activation=0.072 addon_drive=0.000 addon_guard=0.000 addon_parent_pivot=0.000 addon_parent_translation=0.000 addon_parent_rotation=0.000 addon_gravity=0.000 addon_rotation_binding=0.000 addon_validation=0.000 addon_solver=0.000 addon_output=0.000 addon_cache=0.014 late=0.002 late_testicles=0.001 late_breasts=0.001 late_butt=0.000 traverse=0.000 addon_collision_body=0.000 addon_collision_self=0.000 addon_collision_addons=0.000 max_ms total=23.883 colliders=0.473 addons=0.183 calls late=82 traverse=0 body_collision=0 self_collision=0 addons_collision=0
2026-09-19 21:44:05.157 performance profile engine operation=symbols avg_ms=0.000000 max_call_ms=0.000000 calls_per_frame=0.00 window_ms=1000 frames=82 nested=1
2026-09-19 21:44:05.158 performance profile engine operation=find_object avg_ms=0.413789 max_call_ms=0.033000 calls_per_frame=1528.89 window_ms=1000 frames=82 nested=1
2026-09-19 21:44:05.158 performance profile engine operation=script_find avg_ms=0.000000 max_call_ms=0.000000 calls_per_frame=0.00 window_ms=1000 frames=82 nested=1
2026-09-19 21:44:05.159 performance profile engine operation=axis_lookup avg_ms=0.498534 max_call_ms=2.154200 calls_per_frame=32.65 window_ms=1000 frames=82 nested=1
2026-09-19 21:44:05.159 performance profile engine operation=pivot_query avg_ms=0.028857 max_call_ms=0.007200 calls_per_frame=88.90 window_ms=1000 frames=82 nested=1
2026-09-19 21:44:05.159 collision profile window_ms=1000 frames=82 avg_ms body_collection=0.000000 body_solve=0.000000 body_position=0.000000 body_refine=0.000000 body_velocity=0.000000 addon_prepare_query=0.000000 addon_coherent_solve=0.000000 addon_visible_solve=0.000000 room_sphere=0.000000 room_sweep=0.000000 room_single=0.000000
2026-09-19 21:44:05.159 collision profile window_ms=1000 frames=82 max_call_ms body_collection=0.000000 body_solve=0.000000 body_position=0.000000 body_refine=0.000000 body_velocity=0.000000 addon_prepare_query=0.000000 addon_coherent_solve=0.000000 addon_visible_solve=0.000000 room_sphere=0.000000 room_sweep=0.000000 room_single=0.000000
2026-09-19 21:44:05.159 collision profile window_ms=1000 frames=82 calls body_collection=0 body_solve=0 body_position=0 body_refine=0 body_velocity=0 addon_prepare_query=0 addon_coherent_solve=0 addon_visible_solve=0 room_sphere=0 room_sweep=0 room_single=0
2026-09-19 21:44:05.160 collision profile window_ms=1000 frames=82 counts body_contacts=0 body_passes=0 body_jacobians=0 body_predictions=0 addon_contacts=0 addon_passes=0 addon_gradients=0 room_nodes=0 room_triangles=0
2026-09-19 21:44:06.163 performance profile window_ms=1000 frames=82 avg_ms total=1.675 housekeeping=0.031 bindings=0.614 diagnostics=0.004 colliders=0.187 axes=0.098 penis=0.237 penis_ownership=0.000 penis_gravity=0.000 penis_collision=0.000 penis_setup=0.000 penis_orientation=0.000 penis_translation=0.000 penis_solver=0.000 testicles=0.009 testicle_active=0.008 breasts=0.275 breasts_active=0.269 butt=0.091 butt_active=0.091 addons=0.115 addon_activation=0.112 addon_drive=0.001 addon_guard=0.000 addon_parent_pivot=0.000 addon_parent_translation=0.000 addon_parent_rotation=0.000 addon_gravity=0.000 addon_rotation_binding=0.000 addon_validation=0.000 addon_solver=0.000 addon_output=0.000 addon_cache=0.013 late=0.002 late_testicles=0.001 late_breasts=0.001 late_butt=0.000 traverse=0.000 addon_collision_body=0.000 addon_collision_self=0.000 addon_collision_addons=0.000 max_ms total=23.762 colliders=0.405 addons=2.507 calls late=82 traverse=0 body_collision=0 self_collision=0 addons_collision=0
2026-09-19 21:44:06.164 performance profile engine operation=symbols avg_ms=0.000000 max_call_ms=0.000000 calls_per_frame=0.00 window_ms=1000 frames=82 nested=1
2026-09-19 21:44:06.164 performance profile engine operation=find_object avg_ms=0.522450 max_call_ms=0.041800 calls_per_frame=1943.80 window_ms=1000 frames=82 nested=1
2026-09-19 21:44:06.164 performance profile engine operation=script_find avg_ms=0.000000 max_call_ms=0.000000 calls_per_frame=0.00 window_ms=1000 frames=82 nested=1
2026-09-19 21:44:06.164 performance profile engine operation=axis_lookup avg_ms=0.651015 max_call_ms=2.602600 calls_per_frame=34.06 window_ms=1000 frames=82 nested=1
2026-09-19 21:44:06.165 performance profile engine operation=pivot_query avg_ms=0.029626 max_call_ms=0.006200 calls_per_frame=89.00 window_ms=1000 frames=82 nested=1
2026-09-19 21:44:06.165 collision profile window_ms=1000 frames=82 avg_ms body_collection=0.000000 body_solve=0.000000 body_position=0.000000 body_refine=0.000000 body_velocity=0.000000 addon_prepare_query=0.000000 addon_coherent_solve=0.000000 addon_visible_solve=0.000000 room_sphere=0.000000 room_sweep=0.000000 room_single=0.000000
2026-09-19 21:44:06.165 collision profile window_ms=1000 frames=82 max_call_ms body_collection=0.000000 body_solve=0.000000 body_position=0.000000 body_refine=0.000000 body_velocity=0.000000 addon_prepare_query=0.000000 addon_coherent_solve=0.000000 addon_visible_solve=0.000000 room_sphere=0.000000 room_sweep=0.000000 room_single=0.000000
2026-09-19 21:44:06.165 collision profile window_ms=1000 frames=82 calls body_collection=0 body_solve=0 body_position=0 body_refine=0 body_velocity=0 addon_prepare_query=0 addon_coherent_solve=0 addon_visible_solve=0 room_sphere=0 room_sweep=0 room_single=0
2026-09-19 21:44:06.165 collision profile window_ms=1000 frames=82 counts body_contacts=0 body_passes=0 body_jacobians=0 body_predictions=0 addon_contacts=0 addon_passes=0 addon_gradients=0 room_nodes=0 room_triangles=0
2026-09-19 21:44:06.199 addon physics active owner="Person02" chain="NcEarring2L_Part1" targets=2 sidecar="C:\Users\ErolB\Desktop\Games\TK17\The Klub 17\Addons\Accessory.[NC].NcEarring2 - Heart Earring\Scenes\Shared\Cloth\NcEarring2L.physx.ini"
2026-09-19 21:44:06.200 addon physics active owner="Person02" chain="NcEarring2R_Part1" targets=2 sidecar="C:\Users\ErolB\Desktop\Games\TK17\The Klub 17\Addons\Accessory.[NC].NcEarring2 - Heart Earring\Scenes\Shared\Cloth\NcEarring2R.physx.ini"
2026-09-19 21:44:07.155 performance profile window_ms=1000 frames=80 avg_ms total=1.779 housekeeping=0.031 bindings=0.603 diagnostics=0.004 colliders=0.181 axes=0.001 penis=0.241 penis_ownership=0.000 penis_gravity=0.000 penis_collision=0.000 penis_setup=0.000 penis_orientation=0.000 penis_translation=0.000 penis_solver=0.000 testicles=0.008 testicle_active=0.007 breasts=0.283 breasts_active=0.277 butt=0.090 butt_active=0.090 addons=0.323 addon_activation=0.144 addon_drive=0.133 addon_guard=0.001 addon_parent_pivot=0.001 addon_parent_translation=0.003 addon_parent_rotation=0.002 addon_gravity=0.002 addon_rotation_binding=0.000 addon_validation=0.124 addon_solver=0.042 addon_output=0.031 addon_cache=0.012 late=0.003 late_testicles=0.001 late_breasts=0.001 late_butt=0.001 traverse=0.000 addon_collision_body=0.000 addon_collision_self=0.000 addon_collision_addons=0.000 max_ms total=24.483 colliders=0.404 addons=4.536 calls late=80 traverse=0 body_collision=0 self_collision=0 addons_collision=0
2026-09-19 21:44:07.155 performance profile engine operation=symbols avg_ms=0.000000 max_call_ms=0.000000 calls_per_frame=0.00 window_ms=1000 frames=80 nested=1
2026-09-19 21:44:07.156 performance profile engine operation=find_object avg_ms=0.479793 max_call_ms=0.045500 calls_per_frame=1737.45 window_ms=1000 frames=80 nested=1
2026-09-19 21:44:07.156 performance profile engine operation=script_find avg_ms=0.000000 max_call_ms=0.000000 calls_per_frame=0.00 window_ms=1000 frames=80 nested=1
2026-09-19 21:44:07.156 performance profile engine operation=axis_lookup avg_ms=0.593231 max_call_ms=2.652700 calls_per_frame=34.49 window_ms=1000 frames=80 nested=1
2026-09-19 21:44:07.156 performance profile engine operation=pivot_query avg_ms=0.028449 max_call_ms=0.006300 calls_per_frame=89.00 window_ms=1000 frames=80 nested=1
2026-09-19 21:44:07.156 collision profile window_ms=1000 frames=80 avg_ms body_collection=0.000000 body_solve=0.000000 body_position=0.000000 body_refine=0.000000 body_velocity=0.000000 addon_prepare_query=0.000000 addon_coherent_solve=0.000000 addon_visible_solve=0.000000 room_sphere=0.000000 room_sweep=0.000000 room_single=0.000000
2026-09-19 21:44:07.156 collision profile window_ms=1000 frames=80 max_call_ms body_collection=0.000000 body_solve=0.000000 body_position=0.000000 body_refine=0.000000 body_velocity=0.000000 addon_prepare_query=0.000000 addon_coherent_solve=0.000000 addon_visible_solve=0.000000 room_sphere=0.000000 room_sweep=0.000000 room_single=0.000000
2026-09-19 21:44:07.156 collision profile window_ms=1000 frames=80 calls body_collection=0 body_solve=0 body_position=0 body_refine=0 body_velocity=0 addon_prepare_query=0 addon_coherent_solve=0 addon_visible_solve=0 room_sphere=0 room_sweep=0 room_single=0
2026-09-19 21:44:07.158 collision profile window_ms=1000 frames=80 counts body_contacts=0 body_passes=0 body_jacobians=0 body_predictions=0 addon_contacts=0 addon_passes=0 addon_gradients=0 room_nodes=0 room_triangles=0
2026-09-19 21:44:08.161 performance profile window_ms=1000 frames=80 avg_ms total=1.945 housekeeping=0.039 bindings=0.641 diagnostics=0.004 colliders=0.198 axes=0.101 penis=0.243 penis_ownership=0.000 penis_gravity=0.000 penis_collision=0.000 penis_setup=0.000 penis_orientation=0.000 penis_translation=0.000 penis_solver=0.000 testicles=0.009 testicle_active=0.008 breasts=0.289 breasts_active=0.282 butt=0.096 butt_active=0.096 addons=0.310 addon_activation=0.120 addon_drive=0.131 addon_guard=0.001 addon_parent_pivot=0.000 addon_parent_translation=0.003 addon_parent_rotation=0.002 addon_gravity=0.002 addon_rotation_binding=0.000 addon_validation=0.122 addon_solver=0.057 addon_output=0.054 addon_cache=0.013 late=0.004 late_testicles=0.003 late_breasts=0.001 late_butt=0.000 traverse=0.000 addon_collision_body=0.000 addon_collision_self=0.000 addon_collision_addons=0.000 max_ms total=25.847 colliders=0.479 addons=3.074 calls late=80 traverse=0 body_collision=0 self_collision=0 addons_collision=0
2026-09-19 21:44:08.162 performance profile engine operation=symbols avg_ms=0.000000 max_call_ms=0.000000 calls_per_frame=0.00 window_ms=1000 frames=80 nested=1
2026-09-19 21:44:08.162 performance profile engine operation=find_object avg_ms=0.540771 max_call_ms=0.104700 calls_per_frame=1991.78 window_ms=1000 frames=80 nested=1
2026-09-19 21:44:08.162 performance profile engine operation=script_find avg_ms=0.000000 max_call_ms=0.000000 calls_per_frame=0.00 window_ms=1000 frames=80 nested=1
2026-09-19 21:44:08.163 performance profile engine operation=axis_lookup avg_ms=0.668671 max_call_ms=2.590900 calls_per_frame=34.51 window_ms=1000 frames=80 nested=1
2026-09-19 21:44:08.163 performance profile engine operation=pivot_query avg_ms=0.031711 max_call_ms=0.006000 calls_per_frame=89.00 window_ms=1000 frames=80 nested=1
2026-09-19 21:44:08.164 collision profile window_ms=1000 frames=80 avg_ms body_collection=0.000000 body_solve=0.000000 body_position=0.000000 body_refine=0.000000 body_velocity=0.000000 addon_prepare_query=0.000000 addon_coherent_solve=0.000000 addon_visible_solve=0.000000 room_sphere=0.000000 room_sweep=0.000000 room_single=0.000000
2026-09-19 21:44:08.164 collision profile window_ms=1000 frames=80 max_call_ms body_collection=0.000000 body_solve=0.000000 body_position=0.000000 body_refine=0.000000 body_velocity=0.000000 addon_prepare_query=0.000000 addon_coherent_solve=0.000000 addon_visible_solve=0.000000 room_sphere=0.000000 room_sweep=0.000000 room_single=0.000000
2026-09-19 21:44:08.164 collision profile window_ms=1000 frames=80 calls body_collection=0 body_solve=0 body_position=0 body_refine=0 body_velocity=0 addon_prepare_query=0 addon_coherent_solve=0 addon_visible_solve=0 room_sphere=0 room_sweep=0 room_single=0
2026-09-19 21:44:08.165 collision profile window_ms=1000 frames=80 counts body_contacts=0 body_passes=0 body_jacobians=0 body_predictions=0 addon_contacts=0 addon_passes=0 addon_gradients=0 room_nodes=0 room_triangles=0
2026-09-19 21:44:09.155 performance profile window_ms=1000 frames=76 avg_ms total=1.975 housekeeping=0.037 bindings=0.675 diagnostics=0.005 colliders=0.220 axes=0.053 penis=0.236 penis_ownership=0.000 penis_gravity=0.000 penis_collision=0.000 penis_setup=0.000 penis_orientation=0.000 penis_translation=0.000 penis_solver=0.000 testicles=0.009 testicle_active=0.007 breasts=0.296 breasts_active=0.289 butt=0.098 butt_active=0.097 addons=0.332 addon_activation=0.133 addon_drive=0.134 addon_guard=0.001 addon_parent_pivot=0.000 addon_parent_translation=0.003 addon_parent_rotation=0.002 addon_gravity=0.002 addon_rotation_binding=0.000 addon_validation=0.125 addon_solver=0.061 addon_output=0.059 addon_cache=0.014 late=0.003 late_testicles=0.001 late_breasts=0.001 late_butt=0.001 traverse=0.000 addon_collision_body=0.000 addon_collision_self=0.000 addon_collision_addons=0.000 max_ms total=23.310 colliders=0.484 addons=5.333 calls late=76 traverse=0 body_collision=0 self_collision=0 addons_collision=0
2026-09-19 21:44:09.155 performance profile engine operation=symbols avg_ms=0.000000 max_call_ms=0.000000 calls_per_frame=0.00 window_ms=1000 frames=76 nested=1
2026-09-19 21:44:09.156 performance profile engine operation=find_object avg_ms=0.510561 max_call_ms=0.033200 calls_per_frame=1826.79 window_ms=1000 frames=76 nested=1
2026-09-19 21:44:09.156 performance profile engine operation=script_find avg_ms=0.000000 max_call_ms=0.000000 calls_per_frame=0.00 window_ms=1000 frames=76 nested=1
2026-09-19 21:44:09.156 performance profile engine operation=axis_lookup avg_ms=0.633601 max_call_ms=2.959700 calls_per_frame=34.59 window_ms=1000 frames=76 nested=1
2026-09-19 21:44:09.156 performance profile engine operation=pivot_query avg_ms=0.035586 max_call_ms=0.018900 calls_per_frame=89.00 window_ms=1000 frames=76 nested=1
2026-09-19 21:44:09.156 collision profile window_ms=1000 frames=76 avg_ms body_collection=0.000000 body_solve=0.000000 body_position=0.000000 body_refine=0.000000 body_velocity=0.000000 addon_prepare_query=0.000000 addon_coherent_solve=0.000000 addon_visible_solve=0.000000 room_sphere=0.000000 room_sweep=0.000000 room_single=0.000000
2026-09-19 21:44:09.157 collision profile window_ms=1000 frames=76 max_call_ms body_collection=0.000000 body_solve=0.000000 body_position=0.000000 body_refine=0.000000 body_velocity=0.000000 addon_prepare_query=0.000000 addon_coherent_solve=0.000000 addon_visible_solve=0.000000 room_sphere=0.000000 room_sweep=0.000000 room_single=0.000000
2026-09-19 21:44:09.157 collision profile window_ms=1000 frames=76 calls body_collection=0 body_solve=0 body_position=0 body_refine=0 body_velocity=0 addon_prepare_query=0 addon_coherent_solve=0 addon_visible_solve=0 room_sphere=0 room_sweep=0 room_single=0
2026-09-19 21:44:09.157 collision profile window_ms=1000 frames=76 counts body_contacts=0 body_passes=0 body_jacobians=0 body_predictions=0 addon_contacts=0 addon_passes=0 addon_gradients=0 room_nodes=0 room_triangles=0
2026-09-19 21:44:09.271 performance profile body-update person=Person02 system=breasts update_rate_hz=-1 published_hz=81.2 sample_ms=5000
2026-09-19 21:44:09.272 performance profile body-update person=Person02 system=butt update_rate_hz=-1 published_hz=81.2 sample_ms=5000
2026-09-19 21:44:10.163 performance profile window_ms=1000 frames=83 avg_ms total=1.752 housekeeping=0.030 bindings=0.597 diagnostics=0.004 colliders=0.191 axes=0.047 penis=0.236 penis_ownership=0.000 penis_gravity=0.000 penis_collision=0.000 penis_setup=0.000 penis_orientation=0.000 penis_translation=0.000 penis_solver=0.000 testicles=0.009 testicle_active=0.008 breasts=0.278 breasts_active=0.272 butt=0.090 butt_active=0.090 addons=0.256 addon_activation=0.105 addon_drive=0.101 addon_guard=0.001 addon_parent_pivot=0.000 addon_parent_translation=0.002 addon_parent_rotation=0.002 addon_gravity=0.001 addon_rotation_binding=0.000 addon_validation=0.095 addon_solver=0.047 addon_output=0.045 addon_cache=0.012 late=0.002 late_testicles=0.001 late_breasts=0.001 late_butt=0.000 traverse=0.000 addon_collision_body=0.000 addon_collision_self=0.000 addon_collision_addons=0.000 max_ms total=24.526 colliders=0.474 addons=2.102 calls late=83 traverse=0 body_collision=0 self_collision=0 addons_collision=0
2026-09-19 21:44:10.163 performance profile engine operation=symbols avg_ms=0.000000 max_call_ms=0.000000 calls_per_frame=0.00 window_ms=1000 frames=83 nested=1
2026-09-19 21:44:10.163 performance profile engine operation=find_object avg_ms=0.478819 max_call_ms=0.099200 calls_per_frame=1757.77 window_ms=1000 frames=83 nested=1
2026-09-19 21:44:10.163 performance profile engine operation=script_find avg_ms=0.000000 max_call_ms=0.000000 calls_per_frame=0.00 window_ms=1000 frames=83 nested=1
2026-09-19 21:44:10.164 performance profile engine operation=axis_lookup avg_ms=0.588741 max_call_ms=2.526200 calls_per_frame=34.42 window_ms=1000 frames=83 nested=1
2026-09-19 21:44:10.164 performance profile engine operation=pivot_query avg_ms=0.030706 max_call_ms=0.006800 calls_per_frame=89.00 window_ms=1000 frames=83 nested=1
2026-09-19 21:44:10.164 collision profile window_ms=1000 frames=83 avg_ms body_collection=0.000000 body_solve=0.000000 body_position=0.000000 body_refine=0.000000 body_velocity=0.000000 addon_prepare_query=0.000000 addon_coherent_solve=0.000000 addon_visible_solve=0.000000 room_sphere=0.000000 room_sweep=0.000000 room_single=0.000000
2026-09-19 21:44:10.164 collision profile window_ms=1000 frames=83 max_call_ms body_collection=0.000000 body_solve=0.000000 body_position=0.000000 body_refine=0.000000 body_velocity=0.000000 addon_prepare_query=0.000000 addon_coherent_solve=0.000000 addon_visible_solve=0.000000 room_sphere=0.000000 room_sweep=0.000000 room_single=0.000000
2026-09-19 21:44:10.165 collision profile window_ms=1000 frames=83 calls body_collection=0 body_solve=0 body_position=0 body_refine=0 body_velocity=0 addon_prepare_query=0 addon_coherent_solve=0 addon_visible_solve=0 room_sphere=0 room_sweep=0 room_single=0
2026-09-19 21:44:10.165 collision profile window_ms=1000 frames=83 counts body_contacts=0 body_passes=0 body_jacobians=0 body_predictions=0 addon_contacts=0 addon_passes=0 addon_gradients=0 room_nodes=0 room_triangles=0
2026-09-19 21:44:11.155 performance profile window_ms=1000 frames=85 avg_ms total=1.624 housekeeping=0.032 bindings=0.563 diagnostics=0.004 colliders=0.173 axes=0.050 penis=0.194 penis_ownership=0.000 penis_gravity=0.000 penis_collision=0.000 penis_setup=0.000 penis_orientation=0.000 penis_translation=0.000 penis_solver=0.000 testicles=0.008 testicle_active=0.007 breasts=0.260 breasts_active=0.255 butt=0.083 butt_active=0.083 addons=0.242 addon_activation=0.109 addon_drive=0.081 addon_guard=0.001 addon_parent_pivot=0.000 addon_parent_translation=0.003 addon_parent_rotation=0.002 addon_gravity=0.001 addon_rotation_binding=0.000 addon_validation=0.073 addon_solver=0.049 addon_output=0.047 addon_cache=0.012 late=0.002 late_testicles=0.001 late_breasts=0.001 late_butt=0.000 traverse=0.000 addon_collision_body=0.000 addon_collision_self=0.000 addon_collision_addons=0.000 max_ms total=24.320 colliders=0.422 addons=2.495 calls late=85 traverse=0 body_collision=0 self_collision=0 addons_collision=0
2026-09-19 21:44:11.156 performance profile engine operation=symbols avg_ms=0.000000 max_call_ms=0.000000 calls_per_frame=0.00 window_ms=1000 frames=85 nested=1
2026-09-19 21:44:11.156 performance profile engine operation=find_object avg_ms=0.444472 max_call_ms=0.155800 calls_per_frame=1637.56 window_ms=1000 frames=85 nested=1
2026-09-19 21:44:11.156 performance profile engine operation=script_find avg_ms=0.000000 max_call_ms=0.000000 calls_per_frame=0.00 window_ms=1000 frames=85 nested=1
2026-09-19 21:44:11.156 performance profile engine operation=axis_lookup avg_ms=0.542954 max_call_ms=2.260500 calls_per_frame=34.39 window_ms=1000 frames=85 nested=1
2026-09-19 21:44:11.158 performance profile engine operation=pivot_query avg_ms=0.027511 max_call_ms=0.005500 calls_per_frame=89.00 window_ms=1000 frames=85 nested=1
2026-09-19 21:44:11.158 collision profile window_ms=1000 frames=85 avg_ms body_collection=0.000000 body_solve=0.000000 body_position=0.000000 body_refine=0.000000 body_velocity=0.000000 addon_prepare_query=0.000000 addon_coherent_solve=0.000000 addon_visible_solve=0.000000 room_sphere=0.000000 room_sweep=0.000000 room_single=0.000000
2026-09-19 21:44:11.158 collision profile window_ms=1000 frames=85 max_call_ms body_collection=0.000000 body_solve=0.000000 body_position=0.000000 body_refine=0.000000 body_velocity=0.000000 addon_prepare_query=0.000000 addon_coherent_solve=0.000000 addon_visible_solve=0.000000 room_sphere=0.000000 room_sweep=0.000000 room_single=0.000000
2026-09-19 21:44:11.158 collision profile window_ms=1000 frames=85 calls body_collection=0 body_solve=0 body_position=0 body_refine=0 body_velocity=0 addon_prepare_query=0 addon_coherent_solve=0 addon_visible_solve=0 room_sphere=0 room_sweep=0 room_single=0
2026-09-19 21:44:11.158 collision profile window_ms=1000 frames=85 counts body_contacts=0 body_passes=0 body_jacobians=0 body_predictions=0 addon_contacts=0 addon_passes=0 addon_gradients=0 room_nodes=0 room_triangles=0
2026-09-19 21:44:12.159 performance profile window_ms=1000 frames=79 avg_ms total=1.886 housekeeping=0.039 bindings=0.624 diagnostics=0.004 colliders=0.204 axes=0.050 penis=0.263 penis_ownership=0.000 penis_gravity=0.000 penis_collision=0.000 penis_setup=0.000 penis_orientation=0.000 penis_translation=0.000 penis_solver=0.000 testicles=0.009 testicle_active=0.008 breasts=0.279 breasts_active=0.271 butt=0.098 butt_active=0.098 addons=0.303 addon_activation=0.146 addon_drive=0.097 addon_guard=0.001 addon_parent_pivot=0.000 addon_parent_translation=0.002 addon_parent_rotation=0.002 addon_gravity=0.002 addon_rotation_binding=0.000 addon_validation=0.089 addon_solver=0.057 addon_output=0.054 addon_cache=0.013 late=0.003 late_testicles=0.001 late_breasts=0.001 late_butt=0.000 traverse=0.000 addon_collision_body=0.000 addon_collision_self=0.000 addon_collision_addons=0.000 max_ms total=23.530 colliders=0.435 addons=2.702 calls late=79 traverse=0 body_collision=0 self_collision=0 addons_collision=0
2026-09-19 21:44:12.160 performance profile engine operation=symbols avg_ms=0.000000 max_call_ms=0.000000 calls_per_frame=0.00 window_ms=1000 frames=79 nested=1
2026-09-19 21:44:12.160 performance profile engine operation=find_object avg_ms=0.526209 max_call_ms=0.154000 calls_per_frame=1930.67 window_ms=1000 frames=79 nested=1
2026-09-19 21:44:12.160 performance profile engine operation=script_find avg_ms=0.000000 max_call_ms=0.000000 calls_per_frame=0.00 window_ms=1000 frames=79 nested=1
2026-09-19 21:44:12.161 performance profile engine operation=axis_lookup avg_ms=0.658858 max_call_ms=2.622100 calls_per_frame=34.57 window_ms=1000 frames=79 nested=1
2026-09-19 21:44:12.161 performance profile engine operation=pivot_query avg_ms=0.032980 max_call_ms=0.006900 calls_per_frame=89.00 window_ms=1000 frames=79 nested=1
2026-09-19 21:44:12.161 collision profile window_ms=1000 frames=79 avg_ms body_collection=0.000000 body_solve=0.000000 body_position=0.000000 body_refine=0.000000 body_velocity=0.000000 addon_prepare_query=0.000000 addon_coherent_solve=0.000000 addon_visible_solve=0.000000 room_sphere=0.000000 room_sweep=0.000000 room_single=0.000000
2026-09-19 21:44:12.161 collision profile window_ms=1000 frames=79 max_call_ms body_collection=0.000000 body_solve=0.000000 body_position=0.000000 body_refine=0.000000 body_velocity=0.000000 addon_prepare_query=0.000000 addon_coherent_solve=0.000000 addon_visible_solve=0.000000 room_sphere=0.000000 room_sweep=0.000000 room_single=0.000000
2026-09-19 21:44:12.161 collision profile window_ms=1000 frames=79 calls body_collection=0 body_solve=0 body_position=0 body_refine=0 body_velocity=0 addon_prepare_query=0 addon_coherent_solve=0 addon_visible_solve=0 room_sphere=0 room_sweep=0 room_single=0
2026-09-19 21:44:12.161 collision profile window_ms=1000 frames=79 counts body_contacts=0 body_passes=0 body_jacobians=0 body_predictions=0 addon_contacts=0 addon_passes=0 addon_gradients=0 room_nodes=0 room_triangles=0
2026-09-19 21:44:13.161 performance profile window_ms=1000 frames=82 avg_ms total=1.836 housekeeping=0.034 bindings=0.604 diagnostics=0.004 colliders=0.188 axes=0.049 penis=0.251 penis_ownership=0.000 penis_gravity=0.000 penis_collision=0.000 penis_setup=0.000 penis_orientation=0.000 penis_translation=0.000 penis_solver=0.000 testicles=0.009 testicle_active=0.008 breasts=0.286 breasts_active=0.279 butt=0.095 butt_active=0.094 addons=0.303 addon_activation=0.116 addon_drive=0.125 addon_guard=0.001 addon_parent_pivot=0.000 addon_parent_translation=0.003 addon_parent_rotation=0.002 addon_gravity=0.002 addon_rotation_binding=0.000 addon_validation=0.117 addon_solver=0.060 addon_output=0.057 addon_cache=0.013 late=0.003 late_testicles=0.001 late_breasts=0.001 late_butt=0.001 traverse=0.000 addon_collision_body=0.000 addon_collision_self=0.000 addon_collision_addons=0.000 max_ms total=24.052 colliders=0.537 addons=2.315 calls late=82 traverse=0 body_collision=0 self_collision=0 addons_collision=0
2026-09-19 21:44:13.161 performance profile engine operation=symbols avg_ms=0.000000 max_call_ms=0.000000 calls_per_frame=0.00 window_ms=1000 frames=82 nested=1
2026-09-19 21:44:13.161 performance profile engine operation=find_object avg_ms=0.500638 max_call_ms=0.059000 calls_per_frame=1778.73 window_ms=1000 frames=82 nested=1
2026-09-19 21:44:13.162 performance profile engine operation=script_find avg_ms=0.000000 max_call_ms=0.000000 calls_per_frame=0.00 window_ms=1000 frames=82 nested=1
2026-09-19 21:44:13.162 performance profile engine operation=axis_lookup avg_ms=0.621635 max_call_ms=2.716700 calls_per_frame=34.45 window_ms=1000 frames=82 nested=1
2026-09-19 21:44:13.162 performance profile engine operation=pivot_query avg_ms=0.029339 max_call_ms=0.008100 calls_per_frame=89.00 window_ms=1000 frames=82 nested=1
2026-09-19 21:44:13.162 collision profile window_ms=1000 frames=82 avg_ms body_collection=0.000000 body_solve=0.000000 body_position=0.000000 body_refine=0.000000 body_velocity=0.000000 addon_prepare_query=0.000000 addon_coherent_solve=0.000000 addon_visible_solve=0.000000 room_sphere=0.000000 room_sweep=0.000000 room_single=0.000000
2026-09-19 21:44:13.162 collision profile window_ms=1000 frames=82 max_call_ms body_collection=0.000000 body_solve=0.000000 body_position=0.000000 body_refine=0.000000 body_velocity=0.000000 addon_prepare_query=0.000000 addon_coherent_solve=0.000000 addon_visible_solve=0.000000 room_sphere=0.000000 room_sweep=0.000000 room_single=0.000000
2026-09-19 21:44:13.163 collision profile window_ms=1000 frames=82 calls body_collection=0 body_solve=0 body_position=0 body_refine=0 body_velocity=0 addon_prepare_query=0 addon_coherent_solve=0 addon_visible_solve=0 room_sphere=0 room_sweep=0 room_single=0
2026-09-19 21:44:13.163 collision profile window_ms=1000 frames=82 counts body_contacts=0 body_passes=0 body_jacobians=0 body_predictions=0 addon_contacts=0 addon_passes=0 addon_gradients=0 room_nodes=0 room_triangles=0
2026-09-19 21:44:14.161 performance profile window_ms=1000 frames=85 avg_ms total=1.722 housekeeping=0.036 bindings=0.578 diagnostics=0.004 colliders=0.184 axes=0.046 penis=0.238 penis_ownership=0.000 penis_gravity=0.000 penis_collision=0.000 penis_setup=0.000 penis_orientation=0.000 penis_translation=0.000 penis_solver=0.000 testicles=0.009 testicle_active=0.007 breasts=0.266 breasts_active=0.260 butt=0.089 butt_active=0.089 addons=0.259 addon_activation=0.106 addon_drive=0.100 addon_guard=0.001 addon_parent_pivot=0.000 addon_parent_translation=0.002 addon_parent_rotation=0.002 addon_gravity=0.001 addon_rotation_binding=0.000 addon_validation=0.093 addon_solver=0.050 addon_output=0.048 addon_cache=0.013 late=0.002 late_testicles=0.001 late_breasts=0.001 late_butt=0.000 traverse=0.000 addon_collision_body=0.000 addon_collision_self=0.000 addon_collision_addons=0.000 max_ms total=24.277 colliders=0.520 addons=2.160 calls late=85 traverse=0 body_collision=0 self_collision=0 addons_collision=0
2026-09-19 21:44:14.161 performance profile engine operation=symbols avg_ms=0.000000 max_call_ms=0.000000 calls_per_frame=0.00 window_ms=1000 frames=85 nested=1
2026-09-19 21:44:14.162 performance profile engine operation=find_object avg_ms=0.470142 max_call_ms=0.036500 calls_per_frame=1717.35 window_ms=1000 frames=85 nested=1
2026-09-19 21:44:14.162 performance profile engine operation=script_find avg_ms=0.000000 max_call_ms=0.000000 calls_per_frame=0.00 window_ms=1000 frames=85 nested=1
2026-09-19 21:44:14.162 performance profile engine operation=axis_lookup avg_ms=0.583229 max_call_ms=2.848200 calls_per_frame=34.39 window_ms=1000 frames=85 nested=1
2026-09-19 21:44:14.163 performance profile engine operation=pivot_query avg_ms=0.028416 max_call_ms=0.005500 calls_per_frame=89.00 window_ms=1000 frames=85 nested=1
2026-09-19 21:44:14.163 collision profile window_ms=1000 frames=85 avg_ms body_collection=0.000000 body_solve=0.000000 body_position=0.000000 body_refine=0.000000 body_velocity=0.000000 addon_prepare_query=0.000000 addon_coherent_solve=0.000000 addon_visible_solve=0.000000 room_sphere=0.000000 room_sweep=0.000000 room_single=0.000000
2026-09-19 21:44:14.163 collision profile window_ms=1000 frames=85 max_call_ms body_collection=0.000000 body_solve=0.000000 body_position=0.000000 body_refine=0.000000 body_velocity=0.000000 addon_prepare_query=0.000000 addon_coherent_solve=0.000000 addon_visible_solve=0.000000 room_sphere=0.000000 room_sweep=0.000000 room_single=0.000000
2026-09-19 21:44:14.163 collision profile window_ms=1000 frames=85 calls body_collection=0 body_solve=0 body_position=0 body_refine=0 body_velocity=0 addon_prepare_query=0 addon_coherent_solve=0 addon_visible_solve=0 room_sphere=0 room_sweep=0 room_single=0
2026-09-19 21:44:14.164 collision profile window_ms=1000 frames=85 counts body_contacts=0 body_passes=0 body_jacobians=0 body_predictions=0 addon_contacts=0 addon_passes=0 addon_gradients=0 room_nodes=0 room_triangles=0
2026-09-19 21:44:14.262 performance profile body-update person=Person02 system=breasts update_rate_hz=-1 published_hz=82.6 sample_ms=5000
2026-09-19 21:44:14.263 performance profile body-update person=Person02 system=butt update_rate_hz=-1 published_hz=82.6 sample_ms=5000
2026-09-19 21:44:15.164 performance profile window_ms=1000 frames=87 avg_ms total=1.702 housekeeping=0.032 bindings=0.553 diagnostics=0.004 colliders=0.184 axes=0.090 penis=0.231 penis_ownership=0.000 penis_gravity=0.000 penis_collision=0.000 penis_setup=0.000 penis_orientation=0.000 penis_translation=0.000 penis_solver=0.000 testicles=0.009 testicle_active=0.008 breasts=0.258 breasts_active=0.251 butt=0.091 butt_active=0.090 addons=0.235 addon_activation=0.108 addon_drive=0.080 addon_guard=0.001 addon_parent_pivot=0.000 addon_parent_translation=0.002 addon_parent_rotation=0.002 addon_gravity=0.001 addon_rotation_binding=0.000 addon_validation=0.074 addon_solver=0.044 addon_output=0.042 addon_cache=0.013 late=0.002 late_testicles=0.001 late_breasts=0.001 late_butt=0.000 traverse=0.000 addon_collision_body=0.000 addon_collision_self=0.000 addon_collision_addons=0.000 max_ms total=23.411 colliders=0.528 addons=2.636 calls late=87 traverse=0 body_collision=0 self_collision=0 addons_collision=0
2026-09-19 21:44:15.164 performance profile engine operation=symbols avg_ms=0.000000 max_call_ms=0.000000 calls_per_frame=0.00 window_ms=1000 frames=87 nested=1
2026-09-19 21:44:15.165 performance profile engine operation=find_object avg_ms=0.488666 max_call_ms=0.068300 calls_per_frame=1834.75 window_ms=1000 frames=87 nested=1
2026-09-19 21:44:15.165 performance profile engine operation=script_find avg_ms=0.000000 max_call_ms=0.000000 calls_per_frame=0.00 window_ms=1000 frames=87 nested=1
2026-09-19 21:44:15.165 performance profile engine operation=axis_lookup avg_ms=0.609726 max_call_ms=2.576200 calls_per_frame=34.40 window_ms=1000 frames=87 nested=1
2026-09-19 21:44:15.165 performance profile engine operation=pivot_query avg_ms=0.029776 max_call_ms=0.012100 calls_per_frame=89.00 window_ms=1000 frames=87 nested=1
2026-09-19 21:44:15.165 collision profile window_ms=1000 frames=87 avg_ms body_collection=0.000000 body_solve=0.000000 body_position=0.000000 body_refine=0.000000 body_velocity=0.000000 addon_prepare_query=0.000000 addon_coherent_solve=0.000000 addon_visible_solve=0.000000 room_sphere=0.000000 room_sweep=0.000000 room_single=0.000000
2026-09-19 21:44:15.166 collision profile window_ms=1000 frames=87 max_call_ms body_collection=0.000000 body_solve=0.000000 body_position=0.000000 body_refine=0.000000 body_velocity=0.000000 addon_prepare_query=0.000000 addon_coherent_solve=0.000000 addon_visible_solve=0.000000 room_sphere=0.000000 room_sweep=0.000000 room_single=0.000000
2026-09-19 21:44:15.166 collision profile window_ms=1000 frames=87 calls body_collection=0 body_solve=0 body_position=0 body_refine=0 body_velocity=0 addon_prepare_query=0 addon_coherent_solve=0 addon_visible_solve=0 room_sphere=0 room_sweep=0 room_single=0
2026-09-19 21:44:15.166 collision profile window_ms=1000 frames=87 counts body_contacts=0 body_passes=0 body_jacobians=0 body_predictions=0 addon_contacts=0 addon_passes=0 addon_gradients=0 room_nodes=0 room_triangles=0
2026-09-19 21:44:16.156 performance profile window_ms=1000 frames=86 avg_ms total=1.674 housekeeping=0.032 bindings=0.566 diagnostics=0.004 colliders=0.186 axes=0.047 penis=0.227 penis_ownership=0.000 penis_gravity=0.000 penis_collision=0.000 penis_setup=0.000 penis_orientation=0.000 penis_translation=0.000 penis_solver=0.000 testicles=0.009 testicle_active=0.007 breasts=0.256 breasts_active=0.250 butt=0.088 butt_active=0.088 addons=0.245 addon_activation=0.106 addon_drive=0.088 addon_guard=0.001 addon_parent_pivot=0.000 addon_parent_translation=0.003 addon_parent_rotation=0.002 addon_gravity=0.001 addon_rotation_binding=0.000 addon_validation=0.081 addon_solver=0.048 addon_output=0.046 addon_cache=0.012 late=0.002 late_testicles=0.001 late_breasts=0.001 late_butt=0.000 traverse=0.000 addon_collision_body=0.000 addon_collision_self=0.000 addon_collision_addons=0.000 max_ms total=23.592 colliders=0.675 addons=2.166 calls late=86 traverse=0 body_collision=0 self_collision=0 addons_collision=0
2026-09-19 21:44:16.156 performance profile engine operation=symbols avg_ms=0.000000 max_call_ms=0.000000 calls_per_frame=0.00 window_ms=1000 frames=86 nested=1
2026-09-19 21:44:16.156 performance profile engine operation=find_object avg_ms=0.462594 max_call_ms=0.180100 calls_per_frame=1697.81 window_ms=1000 frames=86 nested=1
2026-09-19 21:44:16.156 performance profile engine operation=script_find avg_ms=0.000000 max_call_ms=0.000000 calls_per_frame=0.00 window_ms=1000 frames=86 nested=1
2026-09-19 21:44:16.158 performance profile engine operation=axis_lookup avg_ms=0.565627 max_call_ms=2.639800 calls_per_frame=34.34 window_ms=1000 frames=86 nested=1
2026-09-19 21:44:16.158 performance profile engine operation=pivot_query avg_ms=0.027702 max_call_ms=0.015900 calls_per_frame=89.00 window_ms=1000 frames=86 nested=1
2026-09-19 21:44:16.158 collision profile window_ms=1000 frames=86 avg_ms body_collection=0.000000 body_solve=0.000000 body_position=0.000000 body_refine=0.000000 body_velocity=0.000000 addon_prepare_query=0.000000 addon_coherent_solve=0.000000 addon_visible_solve=0.000000 room_sphere=0.000000 room_sweep=0.000000 room_single=0.000000
2026-09-19 21:44:16.158 collision profile window_ms=1000 frames=86 max_call_ms body_collection=0.000000 body_solve=0.000000 body_position=0.000000 body_refine=0.000000 body_velocity=0.000000 addon_prepare_query=0.000000 addon_coherent_solve=0.000000 addon_visible_solve=0.000000 room_sphere=0.000000 room_sweep=0.000000 room_single=0.000000
2026-09-19 21:44:16.158 collision profile window_ms=1000 frames=86 calls body_collection=0 body_solve=0 body_position=0 body_refine=0 body_velocity=0 addon_prepare_query=0 addon_coherent_solve=0 addon_visible_solve=0 room_sphere=0 room_sweep=0 room_single=0
2026-09-19 21:44:16.159 collision profile window_ms=1000 frames=86 counts body_contacts=0 body_passes=0 body_jacobians=0 body_predictions=0 addon_contacts=0 addon_passes=0 addon_gradients=0 room_nodes=0 room_triangles=0
2026-09-19 21:44:17.162 performance profile window_ms=1000 frames=87 avg_ms total=1.670 housekeeping=0.031 bindings=0.560 diagnostics=0.004 colliders=0.195 axes=0.053 penis=0.222 penis_ownership=0.000 penis_gravity=0.000 penis_collision=0.000 penis_setup=0.000 penis_orientation=0.000 penis_translation=0.000 penis_solver=0.000 testicles=0.008 testicle_active=0.007 breasts=0.250 breasts_active=0.243 butt=0.090 butt_active=0.089 addons=0.244 addon_activation=0.108 addon_drive=0.085 addon_guard=0.001 addon_parent_pivot=0.000 addon_parent_translation=0.002 addon_parent_rotation=0.002 addon_gravity=0.001 addon_rotation_binding=0.000 addon_validation=0.078 addon_solver=0.049 addon_output=0.046 addon_cache=0.013 late=0.002 late_testicles=0.001 late_breasts=0.001 late_butt=0.000 traverse=0.000 addon_collision_body=0.000 addon_collision_self=0.000 addon_collision_addons=0.000 max_ms total=24.333 colliders=0.605 addons=2.197 calls late=87 traverse=0 body_collision=0 self_collision=0 addons_collision=0
2026-09-19 21:44:17.162 performance profile engine operation=symbols avg_ms=0.000000 max_call_ms=0.000000 calls_per_frame=0.00 window_ms=1000 frames=87 nested=1
2026-09-19 21:44:17.162 performance profile engine operation=find_object avg_ms=0.455274 max_call_ms=0.053600 calls_per_frame=1678.82 window_ms=1000 frames=87 nested=1
2026-09-19 21:44:17.163 performance profile engine operation=script_find avg_ms=0.000000 max_call_ms=0.000000 calls_per_frame=0.00 window_ms=1000 frames=87 nested=1
2026-09-19 21:44:17.163 performance profile engine operation=axis_lookup avg_ms=0.560761 max_call_ms=2.556500 calls_per_frame=34.38 window_ms=1000 frames=87 nested=1
2026-09-19 21:44:17.163 performance profile engine operation=pivot_query avg_ms=0.030859 max_call_ms=0.014900 calls_per_frame=89.00 window_ms=1000 frames=87 nested=1
2026-09-19 21:44:17.163 collision profile window_ms=1000 frames=87 avg_ms body_collection=0.000000 body_solve=0.000000 body_position=0.000000 body_refine=0.000000 body_velocity=0.000000 addon_prepare_query=0.000000 addon_coherent_solve=0.000000 addon_visible_solve=0.000000 room_sphere=0.000000 room_sweep=0.000000 room_single=0.000000
2026-09-19 21:44:17.163 collision profile window_ms=1000 frames=87 max_call_ms body_collection=0.000000 body_solve=0.000000 body_position=0.000000 body_refine=0.000000 body_velocity=0.000000 addon_prepare_query=0.000000 addon_coherent_solve=0.000000 addon_visible_solve=0.000000 room_sphere=0.000000 room_sweep=0.000000 room_single=0.000000
2026-09-19 21:44:17.164 collision profile window_ms=1000 frames=87 calls body_collection=0 body_solve=0 body_position=0 body_refine=0 body_velocity=0 addon_prepare_query=0 addon_coherent_solve=0 addon_visible_solve=0 room_sphere=0 room_sweep=0 room_single=0
2026-09-19 21:44:17.164 collision profile window_ms=1000 frames=87 counts body_contacts=0 body_passes=0 body_jacobians=0 body_predictions=0 addon_contacts=0 addon_passes=0 addon_gradients=0 room_nodes=0 room_triangles=0
2026-09-19 21:44:18.158 performance profile window_ms=1000 frames=88 avg_ms total=1.599 housekeeping=0.031 bindings=0.538 diagnostics=0.004 colliders=0.172 axes=0.047 penis=0.213 penis_ownership=0.000 penis_gravity=0.000 penis_collision=0.000 penis_setup=0.000 penis_orientation=0.000 penis_translation=0.000 penis_solver=0.000 testicles=0.008 testicle_active=0.007 breasts=0.245 breasts_active=0.239 butt=0.084 butt_active=0.084 addons=0.245 addon_activation=0.103 addon_drive=0.096 addon_guard=0.001 addon_parent_pivot=0.000 addon_parent_translation=0.002 addon_parent_rotation=0.002 addon_gravity=0.002 addon_rotation_binding=0.000 addon_validation=0.089 addon_solver=0.044 addon_output=0.042 addon_cache=0.012 late=0.002 late_testicles=0.001 late_breasts=0.001 late_butt=0.000 traverse=0.000 addon_collision_body=0.000 addon_collision_self=0.000 addon_collision_addons=0.000 max_ms total=24.479 colliders=0.463 addons=2.096 calls late=88 traverse=0 body_collision=0 self_collision=0 addons_collision=0
2026-09-19 21:44:18.159 performance profile engine operation=symbols avg_ms=0.000000 max_call_ms=0.000000 calls_per_frame=0.00 window_ms=1000 frames=88 nested=1
2026-09-19 21:44:18.159 performance profile engine operation=find_object avg_ms=0.439835 max_call_ms=0.030000 calls_per_frame=1660.18 window_ms=1000 frames=88 nested=1
2026-09-19 21:44:18.159 performance profile engine operation=script_find avg_ms=0.000000 max_call_ms=0.000000 calls_per_frame=0.00 window_ms=1000 frames=88 nested=1
2026-09-19 21:44:18.160 performance profile engine operation=axis_lookup avg_ms=0.537943 max_call_ms=2.476200 calls_per_frame=34.35 window_ms=1000 frames=88 nested=1
2026-09-19 21:44:18.160 performance profile engine operation=pivot_query avg_ms=0.026533 max_call_ms=0.007000 calls_per_frame=89.00 window_ms=1000 frames=88 nested=1
2026-09-19 21:44:18.160 collision profile window_ms=1000 frames=88 avg_ms body_collection=0.000000 body_solve=0.000000 body_position=0.000000 body_refine=0.000000 body_velocity=0.000000 addon_prepare_query=0.000000 addon_coherent_solve=0.000000 addon_visible_solve=0.000000 room_sphere=0.000000 room_sweep=0.000000 room_single=0.000000
2026-09-19 21:44:18.160 collision profile window_ms=1000 frames=88 max_call_ms body_collection=0.000000 body_solve=0.000000 body_position=0.000000 body_refine=0.000000 body_velocity=0.000000 addon_prepare_query=0.000000 addon_coherent_solve=0.000000 addon_visible_solve=0.000000 room_sphere=0.000000 room_sweep=0.000000 room_single=0.000000
2026-09-19 21:44:18.161 collision profile window_ms=1000 frames=88 calls body_collection=0 body_solve=0 body_position=0 body_refine=0 body_velocity=0 addon_prepare_query=0 addon_coherent_solve=0 addon_visible_solve=0 room_sphere=0 room_sweep=0 room_single=0
2026-09-19 21:44:18.161 collision profile window_ms=1000 frames=88 counts body_contacts=0 body_passes=0 body_jacobians=0 body_predictions=0 addon_contacts=0 addon_passes=0 addon_gradients=0 room_nodes=0 room_triangles=0
2026-09-19 21:44:19.160 performance profile window_ms=1000 frames=85 avg_ms total=1.687 housekeeping=0.030 bindings=0.564 diagnostics=0.004 colliders=0.194 axes=0.049 penis=0.218 penis_ownership=0.000 penis_gravity=0.000 penis_collision=0.000 penis_setup=0.000 penis_orientation=0.000 penis_translation=0.000 penis_solver=0.000 testicles=0.009 testicle_active=0.008 breasts=0.262 breasts_active=0.254 butt=0.091 butt_active=0.090 addons=0.253 addon_activation=0.108 addon_drive=0.095 addon_guard=0.001 addon_parent_pivot=0.000 addon_parent_translation=0.002 addon_parent_rotation=0.002 addon_gravity=0.001 addon_rotation_binding=0.000 addon_validation=0.088 addon_solver=0.048 addon_output=0.046 addon_cache=0.013 late=0.002 late_testicles=0.001 late_breasts=0.001 late_butt=0.000 traverse=0.000 addon_collision_body=0.000 addon_collision_self=0.000 addon_collision_addons=0.000 max_ms total=23.345 colliders=0.639 addons=2.404 calls late=85 traverse=0 body_collision=0 self_collision=0 addons_collision=0
2026-09-19 21:44:19.160 performance profile engine operation=symbols avg_ms=0.000000 max_call_ms=0.000000 calls_per_frame=0.00 window_ms=1000 frames=85 nested=1
2026-09-19 21:44:19.160 performance profile engine operation=find_object avg_ms=0.459552 max_call_ms=0.041300 calls_per_frame=1717.38 window_ms=1000 frames=85 nested=1
2026-09-19 21:44:19.160 performance profile engine operation=script_find avg_ms=0.000000 max_call_ms=0.000000 calls_per_frame=0.00 window_ms=1000 frames=85 nested=1
2026-09-19 21:44:19.160 performance profile engine operation=axis_lookup avg_ms=0.561654 max_call_ms=2.154500 calls_per_frame=34.41 window_ms=1000 frames=85 nested=1
2026-09-19 21:44:19.160 performance profile engine operation=pivot_query avg_ms=0.030581 max_call_ms=0.018100 calls_per_frame=89.00 window_ms=1000 frames=85 nested=1
2026-09-19 21:44:19.161 collision profile window_ms=1000 frames=85 avg_ms body_collection=0.000000 body_solve=0.000000 body_position=0.000000 body_refine=0.000000 body_velocity=0.000000 addon_prepare_query=0.000000 addon_coherent_solve=0.000000 addon_visible_solve=0.000000 room_sphere=0.000000 room_sweep=0.000000 room_single=0.000000
2026-09-19 21:44:19.161 collision profile window_ms=1000 frames=85 max_call_ms body_collection=0.000000 body_solve=0.000000 body_position=0.000000 body_refine=0.000000 body_velocity=0.000000 addon_prepare_query=0.000000 addon_coherent_solve=0.000000 addon_visible_solve=0.000000 room_sphere=0.000000 room_sweep=0.000000 room_single=0.000000
2026-09-19 21:44:19.161 collision profile window_ms=1000 frames=85 calls body_collection=0 body_solve=0 body_position=0 body_refine=0 body_velocity=0 addon_prepare_query=0 addon_coherent_solve=0 addon_visible_solve=0 room_sphere=0 room_sweep=0 room_single=0
2026-09-19 21:44:19.161 collision profile window_ms=1000 frames=85 counts body_contacts=0 body_passes=0 body_jacobians=0 body_predictions=0 addon_contacts=0 addon_passes=0 addon_gradients=0 room_nodes=0 room_triangles=0
2026-09-19 21:44:19.263 performance profile body-update person=Person02 system=breasts update_rate_hz=-1 published_hz=86.6 sample_ms=5000
2026-09-19 21:44:19.263 performance profile body-update person=Person02 system=butt update_rate_hz=-1 published_hz=86.6 sample_ms=5000
2026-09-19 21:44:20.303 performance profile window_ms=1141 frames=78 avg_ms total=1.814 housekeeping=0.033 bindings=0.611 diagnostics=0.004 colliders=0.175 axes=0.052 penis=0.246 penis_ownership=0.000 penis_gravity=0.000 penis_collision=0.000 penis_setup=0.000 penis_orientation=0.000 penis_translation=0.000 penis_solver=0.000 testicles=0.009 testicle_active=0.007 breasts=0.309 breasts_active=0.304 butt=0.088 butt_active=0.088 addons=0.274 addon_activation=0.110 addon_drive=0.111 addon_guard=0.001 addon_parent_pivot=0.000 addon_parent_translation=0.002 addon_parent_rotation=0.002 addon_gravity=0.001 addon_rotation_binding=0.000 addon_validation=0.104 addon_solver=0.051 addon_output=0.049 addon_cache=0.012 late=0.002 late_testicles=0.001 late_breasts=0.001 late_butt=0.000 traverse=0.000 addon_collision_body=0.000 addon_collision_self=0.000 addon_collision_addons=0.000 max_ms total=28.230 colliders=0.407 addons=2.118 calls late=78 traverse=0 body_collision=0 self_collision=0 addons_collision=0
2026-09-19 21:44:20.303 performance profile engine operation=symbols avg_ms=0.000000 max_call_ms=0.000000 calls_per_frame=0.00 window_ms=1141 frames=78 nested=1
2026-09-19 21:44:20.304 performance profile engine operation=find_object avg_ms=0.530394 max_call_ms=0.088900 calls_per_frame=2041.92 window_ms=1141 frames=78 nested=1
2026-09-19 21:44:20.304 performance profile engine operation=script_find avg_ms=0.000000 max_call_ms=0.000000 calls_per_frame=0.00 window_ms=1141 frames=78 nested=1
2026-09-19 21:44:20.304 performance profile engine operation=axis_lookup avg_ms=0.660677 max_call_ms=2.231900 calls_per_frame=34.62 window_ms=1141 frames=78 nested=1
2026-09-19 21:44:20.304 performance profile engine operation=pivot_query avg_ms=0.027929 max_call_ms=0.052300 calls_per_frame=89.00 window_ms=1141 frames=78 nested=1
2026-09-19 21:44:20.304 collision profile window_ms=1141 frames=78 avg_ms body_collection=0.000000 body_solve=0.000000 body_position=0.000000 body_refine=0.000000 body_velocity=0.000000 addon_prepare_query=0.000000 addon_coherent_solve=0.000000 addon_visible_solve=0.000000 room_sphere=0.000000 room_sweep=0.000000 room_single=0.000000
2026-09-19 21:44:20.305 collision profile window_ms=1141 frames=78 max_call_ms body_collection=0.000000 body_solve=0.000000 body_position=0.000000 body_refine=0.000000 body_velocity=0.000000 addon_prepare_query=0.000000 addon_coherent_solve=0.000000 addon_visible_solve=0.000000 room_sphere=0.000000 room_sweep=0.000000 room_single=0.000000
2026-09-19 21:44:20.305 collision profile window_ms=1141 frames=78 calls body_collection=0 body_solve=0 body_position=0 body_refine=0 body_velocity=0 addon_prepare_query=0 addon_coherent_solve=0 addon_visible_solve=0 room_sphere=0 room_sweep=0 room_single=0
2026-09-19 21:44:20.305 collision profile window_ms=1141 frames=78 counts body_contacts=0 body_passes=0 body_jacobians=0 body_predictions=0 addon_contacts=0 addon_passes=0 addon_gradients=0 room_nodes=0 room_triangles=0
2026-09-19 21:44:21.306 performance profile window_ms=1000 frames=74 avg_ms total=1.638 housekeeping=0.028 bindings=0.567 diagnostics=0.004 colliders=0.165 axes=0.053 penis=0.241 penis_ownership=0.000 penis_gravity=0.000 penis_collision=0.000 penis_setup=0.000 penis_orientation=0.000 penis_translation=0.000 penis_solver=0.000 testicles=0.008 testicle_active=0.007 breasts=0.254 breasts_active=0.249 butt=0.079 butt_active=0.079 addons=0.228 addon_activation=0.089 addon_drive=0.088 addon_guard=0.001 addon_parent_pivot=0.000 addon_parent_translation=0.002 addon_parent_rotation=0.002 addon_gravity=0.001 addon_rotation_binding=0.000 addon_validation=0.081 addon_solver=0.048 addon_output=0.046 addon_cache=0.010 late=0.002 late_testicles=0.001 late_breasts=0.001 late_butt=0.000 traverse=0.000 addon_collision_body=0.000 addon_collision_self=0.000 addon_collision_addons=0.000 max_ms total=24.782 colliders=0.294 addons=1.103 calls late=74 traverse=0 body_collision=0 self_collision=0 addons_collision=0
2026-09-19 21:44:21.306 performance profile engine operation=symbols avg_ms=0.000000 max_call_ms=0.000000 calls_per_frame=0.00 window_ms=1000 frames=74 nested=1
2026-09-19 21:44:21.307 performance profile engine operation=find_object avg_ms=0.474943 max_call_ms=0.039800 calls_per_frame=1875.12 window_ms=1000 frames=74 nested=1
2026-09-19 21:44:21.307 performance profile engine operation=script_find avg_ms=0.000000 max_call_ms=0.000000 calls_per_frame=0.00 window_ms=1000 frames=74 nested=1
2026-09-19 21:44:21.307 performance profile engine operation=axis_lookup avg_ms=0.583585 max_call_ms=2.003000 calls_per_frame=34.68 window_ms=1000 frames=74 nested=1
2026-09-19 21:44:21.307 performance profile engine operation=pivot_query avg_ms=0.025909 max_call_ms=0.004900 calls_per_frame=89.00 window_ms=1000 frames=74 nested=1
2026-09-19 21:44:21.307 collision profile window_ms=1000 frames=74 avg_ms body_collection=0.000000 body_solve=0.000000 body_position=0.000000 body_refine=0.000000 body_velocity=0.000000 addon_prepare_query=0.000000 addon_coherent_solve=0.000000 addon_visible_solve=0.000000 room_sphere=0.000000 room_sweep=0.000000 room_single=0.000000
2026-09-19 21:44:21.307 collision profile window_ms=1000 frames=74 max_call_ms body_collection=0.000000 body_solve=0.000000 body_position=0.000000 body_refine=0.000000 body_velocity=0.000000 addon_prepare_query=0.000000 addon_coherent_solve=0.000000 addon_visible_solve=0.000000 room_sphere=0.000000 room_sweep=0.000000 room_single=0.000000
2026-09-19 21:44:21.308 collision profile window_ms=1000 frames=74 calls body_collection=0 body_solve=0 body_position=0 body_refine=0 body_velocity=0 addon_prepare_query=0 addon_coherent_solve=0 addon_visible_solve=0 room_sphere=0 room_sweep=0 room_single=0
2026-09-19 21:44:21.308 collision profile window_ms=1000 frames=74 counts body_contacts=0 body_passes=0 body_jacobians=0 body_predictions=0 addon_contacts=0 addon_passes=0 addon_gradients=0 room_nodes=0 room_triangles=0
2026-09-19 21:44:22.300 performance profile window_ms=1000 frames=72 avg_ms total=1.762 housekeeping=0.032 bindings=0.598 diagnostics=0.004 colliders=0.166 axes=0.057 penis=0.254 penis_ownership=0.000 penis_gravity=0.000 penis_collision=0.000 penis_setup=0.000 penis_orientation=0.000 penis_translation=0.000 penis_solver=0.000 testicles=0.008 testicle_active=0.007 breasts=0.296 breasts_active=0.291 butt=0.083 butt_active=0.083 addons=0.252 addon_activation=0.093 addon_drive=0.105 addon_guard=0.001 addon_parent_pivot=0.000 addon_parent_translation=0.002 addon_parent_rotation=0.002 addon_gravity=0.002 addon_rotation_binding=0.000 addon_validation=0.098 addon_solver=0.051 addon_output=0.049 addon_cache=0.011 late=0.003 late_testicles=0.001 late_breasts=0.001 late_butt=0.000 traverse=0.000 addon_collision_body=0.000 addon_collision_self=0.000 addon_collision_addons=0.000 max_ms total=25.991 colliders=0.367 addons=1.728 calls late=72 traverse=0 body_collision=0 self_collision=0 addons_collision=0
2026-09-19 21:44:22.300 performance profile engine operation=symbols avg_ms=0.000000 max_call_ms=0.000000 calls_per_frame=0.00 window_ms=1000 frames=72 nested=1
2026-09-19 21:44:22.301 performance profile engine operation=find_object avg_ms=0.519261 max_call_ms=0.044000 calls_per_frame=2020.38 window_ms=1000 frames=72 nested=1
2026-09-19 21:44:22.301 performance profile engine operation=script_find avg_ms=0.000000 max_call_ms=0.000000 calls_per_frame=0.00 window_ms=1000 frames=72 nested=1
2026-09-19 21:44:22.301 performance profile engine operation=axis_lookup avg_ms=0.645479 max_call_ms=2.615500 calls_per_frame=34.81 window_ms=1000 frames=72 nested=1
2026-09-19 21:44:22.301 performance profile engine operation=pivot_query avg_ms=0.025911 max_call_ms=0.004800 calls_per_frame=89.00 window_ms=1000 frames=72 nested=1
2026-09-19 21:44:22.301 collision profile window_ms=1000 frames=72 avg_ms body_collection=0.000000 body_solve=0.000000 body_position=0.000000 body_refine=0.000000 body_velocity=0.000000 addon_prepare_query=0.000000 addon_coherent_solve=0.000000 addon_visible_solve=0.000000 room_sphere=0.000000 room_sweep=0.000000 room_single=0.000000
2026-09-19 21:44:22.301 collision profile window_ms=1000 frames=72 max_call_ms body_collection=0.000000 body_solve=0.000000 body_position=0.000000 body_refine=0.000000 body_velocity=0.000000 addon_prepare_query=0.000000 addon_coherent_solve=0.000000 addon_visible_solve=0.000000 room_sphere=0.000000 room_sweep=0.000000 room_single=0.000000
2026-09-19 21:44:22.302 collision profile window_ms=1000 frames=72 calls body_collection=0 body_solve=0 body_position=0 body_refine=0 body_velocity=0 addon_prepare_query=0 addon_coherent_solve=0 addon_visible_solve=0 room_sphere=0 room_sweep=0 room_single=0
2026-09-19 21:44:22.302 collision profile window_ms=1000 frames=72 counts body_contacts=0 body_passes=0 body_jacobians=0 body_predictions=0 addon_contacts=0 addon_passes=0 addon_gradients=0 room_nodes=0 room_triangles=0
2026-09-19 21:44:23.302 performance profile window_ms=1000 frames=75 avg_ms total=1.680 housekeeping=0.029 bindings=0.574 diagnostics=0.004 colliders=0.158 axes=0.102 penis=0.243 penis_ownership=0.000 penis_gravity=0.000 penis_collision=0.000 penis_setup=0.000 penis_orientation=0.000 penis_translation=0.000 penis_solver=0.000 testicles=0.008 testicle_active=0.007 breasts=0.248 breasts_active=0.243 butt=0.078 butt_active=0.078 addons=0.227 addon_activation=0.088 addon_drive=0.092 addon_guard=0.001 addon_parent_pivot=0.000 addon_parent_translation=0.002 addon_parent_rotation=0.002 addon_gravity=0.001 addon_rotation_binding=0.000 addon_validation=0.085 addon_solver=0.045 addon_output=0.043 addon_cache=0.010 late=0.002 late_testicles=0.001 late_breasts=0.001 late_butt=0.000 traverse=0.000 addon_collision_body=0.000 addon_collision_self=0.000 addon_collision_addons=0.000 max_ms total=24.683 colliders=0.307 addons=1.369 calls late=75 traverse=0 body_collision=0 self_collision=0 addons_collision=0
2026-09-19 21:44:23.302 performance profile engine operation=symbols avg_ms=0.000000 max_call_ms=0.000000 calls_per_frame=0.00 window_ms=1000 frames=75 nested=1
2026-09-19 21:44:23.302 performance profile engine operation=find_object avg_ms=0.506548 max_call_ms=0.038600 calls_per_frame=2031.57 window_ms=1000 frames=75 nested=1
2026-09-19 21:44:23.302 performance profile engine operation=script_find avg_ms=0.000000 max_call_ms=0.000000 calls_per_frame=0.00 window_ms=1000 frames=75 nested=1
2026-09-19 21:44:23.303 performance profile engine operation=axis_lookup avg_ms=0.626752 max_call_ms=2.186100 calls_per_frame=34.72 window_ms=1000 frames=75 nested=1
2026-09-19 21:44:23.303 performance profile engine operation=pivot_query avg_ms=0.024417 max_call_ms=0.010200 calls_per_frame=89.00 window_ms=1000 frames=75 nested=1
2026-09-19 21:44:23.303 collision profile window_ms=1000 frames=75 avg_ms body_collection=0.000000 body_solve=0.000000 body_position=0.000000 body_refine=0.000000 body_velocity=0.000000 addon_prepare_query=0.000000 addon_coherent_solve=0.000000 addon_visible_solve=0.000000 room_sphere=0.000000 room_sweep=0.000000 room_single=0.000000
2026-09-19 21:44:23.303 collision profile window_ms=1000 frames=75 max_call_ms body_collection=0.000000 body_solve=0.000000 body_position=0.000000 body_refine=0.000000 body_velocity=0.000000 addon_prepare_query=0.000000 addon_coherent_solve=0.000000 addon_visible_solve=0.000000 room_sphere=0.000000 room_sweep=0.000000 room_single=0.000000
2026-09-19 21:44:23.303 collision profile window_ms=1000 frames=75 calls body_collection=0 body_solve=0 body_position=0 body_refine=0 body_velocity=0 addon_prepare_query=0 addon_coherent_solve=0 addon_visible_solve=0 room_sphere=0 room_sweep=0 room_single=0
2026-09-19 21:44:23.304 collision profile window_ms=1000 frames=75 counts body_contacts=0 body_passes=0 body_jacobians=0 body_predictions=0 addon_contacts=0 addon_passes=0 addon_gradients=0 room_nodes=0 room_triangles=0
2026-09-19 21:44:24.264 performance profile body-update person=Person02 system=breasts update_rate_hz=-1 published_hz=74.4 sample_ms=5000
2026-09-19 21:44:24.265 performance profile body-update person=Person02 system=butt update_rate_hz=-1 published_hz=74.4 sample_ms=5000
2026-09-19 21:44:24.299 performance profile window_ms=1000 frames=82 avg_ms total=1.458 housekeeping=0.023 bindings=0.520 diagnostics=0.003 colliders=0.149 axes=0.001 penis=0.219 penis_ownership=0.000 penis_gravity=0.000 penis_collision=0.000 penis_setup=0.000 penis_orientation=0.000 penis_translation=0.000 penis_solver=0.000 testicles=0.008 testicle_active=0.007 breasts=0.252 breasts_active=0.247 butt=0.075 butt_active=0.074 addons=0.198 addon_activation=0.080 addon_drive=0.073 addon_guard=0.001 addon_parent_pivot=0.000 addon_parent_translation=0.002 addon_parent_rotation=0.002 addon_gravity=0.001 addon_rotation_binding=0.000 addon_validation=0.067 addon_solver=0.043 addon_output=0.041 addon_cache=0.010 late=0.002 late_testicles=0.001 late_breasts=0.001 late_butt=0.000 traverse=0.000 addon_collision_body=0.000 addon_collision_self=0.000 addon_collision_addons=0.000 max_ms total=24.755 colliders=0.317 addons=0.849 calls late=82 traverse=0 body_collision=0 self_collision=0 addons_collision=0
2026-09-19 21:44:24.299 performance profile engine operation=symbols avg_ms=0.000000 max_call_ms=0.000000 calls_per_frame=0.00 window_ms=1000 frames=82 nested=1
2026-09-19 21:44:24.299 performance profile engine operation=find_object avg_ms=0.404480 max_call_ms=0.035900 calls_per_frame=1613.33 window_ms=1000 frames=82 nested=1
2026-09-19 21:44:24.300 performance profile engine operation=script_find avg_ms=0.000000 max_call_ms=0.000000 calls_per_frame=0.00 window_ms=1000 frames=82 nested=1
2026-09-19 21:44:24.300 performance profile engine operation=axis_lookup avg_ms=0.497154 max_call_ms=2.164900 calls_per_frame=34.46 window_ms=1000 frames=82 nested=1
2026-09-19 21:44:24.300 performance profile engine operation=pivot_query avg_ms=0.022267 max_call_ms=0.005100 calls_per_frame=89.00 window_ms=1000 frames=82 nested=1
2026-09-19 21:44:24.300 collision profile window_ms=1000 frames=82 avg_ms body_collection=0.000000 body_solve=0.000000 body_position=0.000000 body_refine=0.000000 body_velocity=0.000000 addon_prepare_query=0.000000 addon_coherent_solve=0.000000 addon_visible_solve=0.000000 room_sphere=0.000000 room_sweep=0.000000 room_single=0.000000
2026-09-19 21:44:24.300 collision profile window_ms=1000 frames=82 max_call_ms body_collection=0.000000 body_solve=0.000000 body_position=0.000000 body_refine=0.000000 body_velocity=0.000000 addon_prepare_query=0.000000 addon_coherent_solve=0.000000 addon_visible_solve=0.000000 room_sphere=0.000000 room_sweep=0.000000 room_single=0.000000
2026-09-19 21:44:24.300 collision profile window_ms=1000 frames=82 calls body_collection=0 body_solve=0 body_position=0 body_refine=0 body_velocity=0 addon_prepare_query=0 addon_coherent_solve=0 addon_visible_solve=0 room_sphere=0 room_sweep=0 room_single=0
2026-09-19 21:44:24.300 collision profile window_ms=1000 frames=82 counts body_contacts=0 body_passes=0 body_jacobians=0 body_predictions=0 addon_contacts=0 addon_passes=0 addon_gradients=0 room_nodes=0 room_triangles=0
2026-09-19 21:44:25.300 performance profile window_ms=1000 frames=81 avg_ms total=1.556 housekeeping=0.025 bindings=0.527 diagnostics=0.003 colliders=0.151 axes=0.095 penis=0.218 penis_ownership=0.000 penis_gravity=0.000 penis_collision=0.000 penis_setup=0.000 penis_orientation=0.000 penis_translation=0.000 penis_solver=0.000 testicles=0.007 testicle_active=0.006 breasts=0.249 breasts_active=0.244 butt=0.072 butt_active=0.072 addons=0.197 addon_activation=0.079 addon_drive=0.074 addon_guard=0.000 addon_parent_pivot=0.000 addon_parent_translation=0.002 addon_parent_rotation=0.002 addon_gravity=0.001 addon_rotation_binding=0.000 addon_validation=0.068 addon_solver=0.042 addon_output=0.040 addon_cache=0.010 late=0.002 late_testicles=0.001 late_breasts=0.001 late_butt=0.000 traverse=0.000 addon_collision_body=0.000 addon_collision_self=0.000 addon_collision_addons=0.000 max_ms total=24.486 colliders=0.311 addons=0.812 calls late=81 traverse=0 body_collision=0 self_collision=0 addons_collision=0
2026-09-19 21:44:25.301 performance profile engine operation=symbols avg_ms=0.000000 max_call_ms=0.000000 calls_per_frame=0.00 window_ms=1000 frames=81 nested=1
2026-09-19 21:44:25.301 performance profile engine operation=find_object avg_ms=0.479435 max_call_ms=0.044400 calls_per_frame=1967.73 window_ms=1000 frames=81 nested=1
2026-09-19 21:44:25.301 performance profile engine operation=script_find avg_ms=0.000000 max_call_ms=0.000000 calls_per_frame=0.00 window_ms=1000 frames=81 nested=1
2026-09-19 21:44:25.301 performance profile engine operation=axis_lookup avg_ms=0.593988 max_call_ms=2.021200 calls_per_frame=34.54 window_ms=1000 frames=81 nested=1
2026-09-19 21:44:25.301 performance profile engine operation=pivot_query avg_ms=0.022444 max_call_ms=0.036500 calls_per_frame=89.00 window_ms=1000 frames=81 nested=1
2026-09-19 21:44:25.302 collision profile window_ms=1000 frames=81 avg_ms body_collection=0.000000 body_solve=0.000000 body_position=0.000000 body_refine=0.000000 body_velocity=0.000000 addon_prepare_query=0.000000 addon_coherent_solve=0.000000 addon_visible_solve=0.000000 room_sphere=0.000000 room_sweep=0.000000 room_single=0.000000
2026-09-19 21:44:25.302 collision profile window_ms=1000 frames=81 max_call_ms body_collection=0.000000 body_solve=0.000000 body_position=0.000000 body_refine=0.000000 body_velocity=0.000000 addon_prepare_query=0.000000 addon_coherent_solve=0.000000 addon_visible_solve=0.000000 room_sphere=0.000000 room_sweep=0.000000 room_single=0.000000
2026-09-19 21:44:25.302 collision profile window_ms=1000 frames=81 calls body_collection=0 body_solve=0 body_position=0 body_refine=0 body_velocity=0 addon_prepare_query=0 addon_coherent_solve=0 addon_visible_solve=0 room_sphere=0 room_sweep=0 room_single=0
2026-09-19 21:44:25.302 collision profile window_ms=1000 frames=81 counts body_contacts=0 body_passes=0 body_jacobians=0 body_predictions=0 addon_contacts=0 addon_passes=0 addon_gradients=0 room_nodes=0 room_triangles=0
2026-09-19 21:44:26.299 performance profile window_ms=1000 frames=82 avg_ms total=1.450 housekeeping=0.025 bindings=0.517 diagnostics=0.003 colliders=0.147 axes=0.001 penis=0.214 penis_ownership=0.000 penis_gravity=0.000 penis_collision=0.000 penis_setup=0.000 penis_orientation=0.000 penis_translation=0.000 penis_solver=0.000 testicles=0.007 testicle_active=0.006 breasts=0.246 breasts_active=0.242 butt=0.075 butt_active=0.075 addons=0.203 addon_activation=0.080 addon_drive=0.077 addon_guard=0.001 addon_parent_pivot=0.000 addon_parent_translation=0.002 addon_parent_rotation=0.002 addon_gravity=0.001 addon_rotation_binding=0.000 addon_validation=0.070 addon_solver=0.044 addon_output=0.042 addon_cache=0.010 late=0.002 late_testicles=0.001 late_breasts=0.001 late_butt=0.000 traverse=0.000 addon_collision_body=0.000 addon_collision_self=0.000 addon_collision_addons=0.000 max_ms total=24.417 colliders=0.315 addons=1.130 calls late=82 traverse=0 body_collision=0 self_collision=0 addons_collision=0
2026-09-19 21:44:26.299 performance profile engine operation=symbols avg_ms=0.000000 max_call_ms=0.000000 calls_per_frame=0.00 window_ms=1000 frames=82 nested=1
2026-09-19 21:44:26.299 performance profile engine operation=find_object avg_ms=0.405646 max_call_ms=0.035400 calls_per_frame=1613.26 window_ms=1000 frames=82 nested=1
2026-09-19 21:44:26.299 performance profile engine operation=script_find avg_ms=0.000000 max_call_ms=0.000000 calls_per_frame=0.00 window_ms=1000 frames=82 nested=1
2026-09-19 21:44:26.300 performance profile engine operation=axis_lookup avg_ms=0.494460 max_call_ms=1.956300 calls_per_frame=34.39 window_ms=1000 frames=82 nested=1
2026-09-19 21:44:26.300 performance profile engine operation=pivot_query avg_ms=0.021240 max_call_ms=0.016500 calls_per_frame=89.00 window_ms=1000 frames=82 nested=1
2026-09-19 21:44:26.300 collision profile window_ms=1000 frames=82 avg_ms body_collection=0.000000 body_solve=0.000000 body_position=0.000000 body_refine=0.000000 body_velocity=0.000000 addon_prepare_query=0.000000 addon_coherent_solve=0.000000 addon_visible_solve=0.000000 room_sphere=0.000000 room_sweep=0.000000 room_single=0.000000
2026-09-19 21:44:26.300 collision profile window_ms=1000 frames=82 max_call_ms body_collection=0.000000 body_solve=0.000000 body_position=0.000000 body_refine=0.000000 body_velocity=0.000000 addon_prepare_query=0.000000 addon_coherent_solve=0.000000 addon_visible_solve=0.000000 room_sphere=0.000000 room_sweep=0.000000 room_single=0.000000
2026-09-19 21:44:26.300 collision profile window_ms=1000 frames=82 calls body_collection=0 body_solve=0 body_position=0 body_refine=0 body_velocity=0 addon_prepare_query=0 addon_coherent_solve=0 addon_visible_solve=0 room_sphere=0 room_sweep=0 room_single=0
2026-09-19 21:44:26.300 collision profile window_ms=1000 frames=82 counts body_contacts=0 body_passes=0 body_jacobians=0 body_predictions=0 addon_contacts=0 addon_passes=0 addon_gradients=0 room_nodes=0 room_triangles=0
2026-09-19 21:44:27.296 performance profile window_ms=1000 frames=79 avg_ms total=1.636 housekeeping=0.025 bindings=0.563 diagnostics=0.003 colliders=0.158 axes=0.099 penis=0.225 penis_ownership=0.000 penis_gravity=0.000 penis_collision=0.000 penis_setup=0.000 penis_orientation=0.000 penis_translation=0.000 penis_solver=0.000 testicles=0.007 testicle_active=0.006 breasts=0.255 breasts_active=0.250 butt=0.075 butt_active=0.074 addons=0.215 addon_activation=0.082 addon_drive=0.086 addon_guard=0.000 addon_parent_pivot=0.000 addon_parent_translation=0.002 addon_parent_rotation=0.002 addon_gravity=0.001 addon_rotation_binding=0.000 addon_validation=0.080 addon_solver=0.044 addon_output=0.042 addon_cache=0.010 late=0.002 late_testicles=0.001 late_breasts=0.001 late_butt=0.000 traverse=0.000 addon_collision_body=0.000 addon_collision_self=0.000 addon_collision_addons=0.000 max_ms total=25.271 colliders=0.314 addons=1.121 calls late=79 traverse=0 body_collision=0 self_collision=0 addons_collision=0
2026-09-19 21:44:27.296 performance profile engine operation=symbols avg_ms=0.000000 max_call_ms=0.000000 calls_per_frame=0.00 window_ms=1000 frames=79 nested=1
2026-09-19 21:44:27.296 performance profile engine operation=find_object avg_ms=0.495211 max_call_ms=0.093400 calls_per_frame=2016.58 window_ms=1000 frames=79 nested=1
2026-09-19 21:44:27.296 performance profile engine operation=script_find avg_ms=0.000000 max_call_ms=0.000000 calls_per_frame=0.00 window_ms=1000 frames=79 nested=1
2026-09-19 21:44:27.298 performance profile engine operation=axis_lookup avg_ms=0.612057 max_call_ms=1.987100 calls_per_frame=34.63 window_ms=1000 frames=79 nested=1
2026-09-19 21:44:27.298 performance profile engine operation=pivot_query avg_ms=0.023716 max_call_ms=0.017800 calls_per_frame=89.00 window_ms=1000 frames=79 nested=1
2026-09-19 21:44:27.298 collision profile window_ms=1000 frames=79 avg_ms body_collection=0.000000 body_solve=0.000000 body_position=0.000000 body_refine=0.000000 body_velocity=0.000000 addon_prepare_query=0.000000 addon_coherent_solve=0.000000 addon_visible_solve=0.000000 room_sphere=0.000000 room_sweep=0.000000 room_single=0.000000
2026-09-19 21:44:27.298 collision profile window_ms=1000 frames=79 max_call_ms body_collection=0.000000 body_solve=0.000000 body_position=0.000000 body_refine=0.000000 body_velocity=0.000000 addon_prepare_query=0.000000 addon_coherent_solve=0.000000 addon_visible_solve=0.000000 room_sphere=0.000000 room_sweep=0.000000 room_single=0.000000
2026-09-19 21:44:27.298 collision profile window_ms=1000 frames=79 calls body_collection=0 body_solve=0 body_position=0 body_refine=0 body_velocity=0 addon_prepare_query=0 addon_coherent_solve=0 addon_visible_solve=0 room_sphere=0 room_sweep=0 room_single=0
2026-09-19 21:44:27.298 collision profile window_ms=1000 frames=79 counts body_contacts=0 body_passes=0 body_jacobians=0 body_predictions=0 addon_contacts=0 addon_passes=0 addon_gradients=0 room_nodes=0 room_triangles=0
2026-09-19 21:44:28.310 performance profile window_ms=1000 frames=68 avg_ms total=1.867 housekeeping=0.137 bindings=0.622 diagnostics=0.004 colliders=0.153 axes=0.064 penis=0.261 penis_ownership=0.000 penis_gravity=0.000 penis_collision=0.000 penis_setup=0.000 penis_orientation=0.000 penis_translation=0.000 penis_solver=0.000 testicles=0.008 testicle_active=0.007 breasts=0.297 breasts_active=0.292 butt=0.075 butt_active=0.075 addons=0.238 addon_activation=0.087 addon_drive=0.101 addon_guard=0.001 addon_parent_pivot=0.000 addon_parent_translation=0.002 addon_parent_rotation=0.002 addon_gravity=0.001 addon_rotation_binding=0.000 addon_validation=0.094 addon_solver=0.048 addon_output=0.046 addon_cache=0.009 late=0.002 late_testicles=0.001 late_breasts=0.001 late_butt=0.000 traverse=0.000 addon_collision_body=0.000 addon_collision_self=0.000 addon_collision_addons=0.000 max_ms total=26.817 colliders=0.349 addons=1.263 calls late=68 traverse=0 body_collision=0 self_collision=0 addons_collision=0
2026-09-19 21:44:28.310 performance profile engine operation=symbols avg_ms=0.000000 max_call_ms=0.000000 calls_per_frame=0.00 window_ms=1000 frames=68 nested=1
2026-09-19 21:44:28.310 performance profile engine operation=find_object avg_ms=0.525146 max_call_ms=0.067400 calls_per_frame=2136.78 window_ms=1000 frames=68 nested=1
2026-09-19 21:44:28.311 performance profile engine operation=script_find avg_ms=0.000000 max_call_ms=0.000000 calls_per_frame=0.00 window_ms=1000 frames=68 nested=1
2026-09-19 21:44:28.311 performance profile engine operation=axis_lookup avg_ms=0.659819 max_call_ms=2.286200 calls_per_frame=34.82 window_ms=1000 frames=68 nested=1
2026-09-19 21:44:28.311 performance profile engine operation=pivot_query avg_ms=0.022353 max_call_ms=0.005600 calls_per_frame=89.00 window_ms=1000 frames=68 nested=1
2026-09-19 21:44:28.311 collision profile window_ms=1000 frames=68 avg_ms body_collection=0.000000 body_solve=0.000000 body_position=0.000000 body_refine=0.000000 body_velocity=0.000000 addon_prepare_query=0.000000 addon_coherent_solve=0.000000 addon_visible_solve=0.000000 room_sphere=0.000000 room_sweep=0.000000 room_single=0.000000
2026-09-19 21:44:28.312 collision profile window_ms=1000 frames=68 max_call_ms body_collection=0.000000 body_solve=0.000000 body_position=0.000000 body_refine=0.000000 body_velocity=0.000000 addon_prepare_query=0.000000 addon_coherent_solve=0.000000 addon_visible_solve=0.000000 room_sphere=0.000000 room_sweep=0.000000 room_single=0.000000
2026-09-19 21:44:28.312 collision profile window_ms=1000 frames=68 calls body_collection=0 body_solve=0 body_position=0 body_refine=0 body_velocity=0 addon_prepare_query=0 addon_coherent_solve=0 addon_visible_solve=0 room_sphere=0 room_sweep=0 room_single=0
2026-09-19 21:44:28.312 collision profile window_ms=1000 frames=68 counts body_contacts=0 body_passes=0 body_jacobians=0 body_predictions=0 addon_contacts=0 addon_passes=0 addon_gradients=0 room_nodes=0 room_triangles=0
2026-09-19 21:44:29.265 performance profile body-update person=Person02 system=breasts update_rate_hz=-1 published_hz=74.0 sample_ms=5000
2026-09-19 21:44:29.265 performance profile body-update person=Person02 system=butt update_rate_hz=-1 published_hz=74.0 sample_ms=5000
2026-09-19 21:44:29.303 performance profile window_ms=1000 frames=60 avg_ms total=2.067 housekeeping=0.152 bindings=0.673 diagnostics=0.003 colliders=0.162 axes=0.066 penis=0.299 penis_ownership=0.000 penis_gravity=0.000 penis_collision=0.000 penis_setup=0.000 penis_orientation=0.000 penis_translation=0.000 penis_solver=0.000 testicles=0.008 testicle_active=0.007 breasts=0.345 breasts_active=0.340 butt=0.083 butt_active=0.083 addons=0.267 addon_activation=0.093 addon_drive=0.120 addon_guard=0.001 addon_parent_pivot=0.000 addon_parent_translation=0.002 addon_parent_rotation=0.002 addon_gravity=0.002 addon_rotation_binding=0.000 addon_validation=0.113 addon_solver=0.051 addon_output=0.049 addon_cache=0.008 late=0.002 late_testicles=0.001 late_breasts=0.001 late_butt=0.000 traverse=0.000 addon_collision_body=0.000 addon_collision_self=0.000 addon_collision_addons=0.000 max_ms total=25.303 colliders=0.376 addons=1.571 calls late=60 traverse=0 body_collision=0 self_collision=0 addons_collision=0
2026-09-19 21:44:29.303 performance profile engine operation=symbols avg_ms=0.000000 max_call_ms=0.000000 calls_per_frame=0.00 window_ms=1000 frames=60 nested=1
2026-09-19 21:44:29.303 performance profile engine operation=find_object avg_ms=0.593008 max_call_ms=0.037400 calls_per_frame=2416.35 window_ms=1000 frames=60 nested=1
2026-09-19 21:44:29.304 performance profile engine operation=script_find avg_ms=0.000000 max_call_ms=0.000000 calls_per_frame=0.00 window_ms=1000 frames=60 nested=1
2026-09-19 21:44:29.304 performance profile engine operation=axis_lookup avg_ms=0.742408 max_call_ms=2.230800 calls_per_frame=35.07 window_ms=1000 frames=60 nested=1
2026-09-19 21:44:29.304 performance profile engine operation=pivot_query avg_ms=0.024818 max_call_ms=0.004300 calls_per_frame=89.00 window_ms=1000 frames=60 nested=1
2026-09-19 21:44:29.304 collision profile window_ms=1000 frames=60 avg_ms body_collection=0.000000 body_solve=0.000000 body_position=0.000000 body_refine=0.000000 body_velocity=0.000000 addon_prepare_query=0.000000 addon_coherent_solve=0.000000 addon_visible_solve=0.000000 room_sphere=0.000000 room_sweep=0.000000 room_single=0.000000
2026-09-19 21:44:29.304 collision profile window_ms=1000 frames=60 max_call_ms body_collection=0.000000 body_solve=0.000000 body_position=0.000000 body_refine=0.000000 body_velocity=0.000000 addon_prepare_query=0.000000 addon_coherent_solve=0.000000 addon_visible_solve=0.000000 room_sphere=0.000000 room_sweep=0.000000 room_single=0.000000
2026-09-19 21:44:29.304 collision profile window_ms=1000 frames=60 calls body_collection=0 body_solve=0 body_position=0 body_refine=0 body_velocity=0 addon_prepare_query=0 addon_coherent_solve=0 addon_visible_solve=0 room_sphere=0 room_sweep=0 room_single=0
2026-09-19 21:44:29.305 collision profile window_ms=1000 frames=60 counts body_contacts=0 body_passes=0 body_jacobians=0 body_predictions=0 addon_contacts=0 addon_passes=0 addon_gradients=0 room_nodes=0 room_triangles=0
2026-09-19 21:44:30.304 performance profile window_ms=1000 frames=73 avg_ms total=1.657 housekeeping=0.027 bindings=0.572 diagnostics=0.003 colliders=0.150 axes=0.108 penis=0.241 penis_ownership=0.000 penis_gravity=0.000 penis_collision=0.000 penis_setup=0.000 penis_orientation=0.000 penis_translation=0.000 penis_solver=0.000 testicles=0.007 testicle_active=0.007 breasts=0.246 breasts_active=0.242 butt=0.073 butt_active=0.073 addons=0.220 addon_activation=0.087 addon_drive=0.085 addon_guard=0.001 addon_parent_pivot=0.000 addon_parent_translation=0.002 addon_parent_rotation=0.002 addon_gravity=0.001 addon_rotation_binding=0.000 addon_validation=0.078 addon_solver=0.046 addon_output=0.044 addon_cache=0.008 late=0.002 late_testicles=0.001 late_breasts=0.001 late_butt=0.000 traverse=0.000 addon_collision_body=0.000 addon_collision_self=0.000 addon_collision_addons=0.000 max_ms total=25.092 colliders=0.251 addons=0.946 calls late=73 traverse=0 body_collision=0 self_collision=0 addons_collision=0
2026-09-19 21:44:30.305 performance profile engine operation=symbols avg_ms=0.000000 max_call_ms=0.000000 calls_per_frame=0.00 window_ms=1000 frames=73 nested=1
2026-09-19 21:44:30.305 performance profile engine operation=find_object avg_ms=0.508597 max_call_ms=0.067500 calls_per_frame=2086.19 window_ms=1000 frames=73 nested=1
2026-09-19 21:44:30.305 performance profile engine operation=script_find avg_ms=0.000000 max_call_ms=0.000000 calls_per_frame=0.00 window_ms=1000 frames=73 nested=1
2026-09-19 21:44:30.305 performance profile engine operation=axis_lookup avg_ms=0.630607 max_call_ms=1.992000 calls_per_frame=34.82 window_ms=1000 frames=73 nested=1
2026-09-19 21:44:30.305 performance profile engine operation=pivot_query avg_ms=0.022642 max_call_ms=0.003900 calls_per_frame=89.00 window_ms=1000 frames=73 nested=1
2026-09-19 21:44:30.305 collision profile window_ms=1000 frames=73 avg_ms body_collection=0.000000 body_solve=0.000000 body_position=0.000000 body_refine=0.000000 body_velocity=0.000000 addon_prepare_query=0.000000 addon_coherent_solve=0.000000 addon_visible_solve=0.000000 room_sphere=0.000000 room_sweep=0.000000 room_single=0.000000
2026-09-19 21:44:30.306 collision profile window_ms=1000 frames=73 max_call_ms body_collection=0.000000 body_solve=0.000000 body_position=0.000000 body_refine=0.000000 body_velocity=0.000000 addon_prepare_query=0.000000 addon_coherent_solve=0.000000 addon_visible_solve=0.000000 room_sphere=0.000000 room_sweep=0.000000 room_single=0.000000
2026-09-19 21:44:30.306 collision profile window_ms=1000 frames=73 calls body_collection=0 body_solve=0 body_position=0 body_refine=0 body_velocity=0 addon_prepare_query=0 addon_coherent_solve=0 addon_visible_solve=0 room_sphere=0 room_sweep=0 room_single=0
2026-09-19 21:44:30.306 collision profile window_ms=1000 frames=73 counts body_contacts=0 body_passes=0 body_jacobians=0 body_predictions=0 addon_contacts=0 addon_passes=0 addon_gradients=0 room_nodes=0 room_triangles=0
2026-09-19 21:44:31.296 performance profile window_ms=1000 frames=67 avg_ms total=1.868 housekeeping=0.213 bindings=0.602 diagnostics=0.003 colliders=0.153 axes=0.001 penis=0.268 penis_ownership=0.000 penis_gravity=0.000 penis_collision=0.000 penis_setup=0.000 penis_orientation=0.000 penis_translation=0.000 penis_solver=0.000 testicles=0.008 testicle_active=0.007 breasts=0.297 breasts_active=0.292 butt=0.077 butt_active=0.077 addons=0.234 addon_activation=0.088 addon_drive=0.097 addon_guard=0.001 addon_parent_pivot=0.000 addon_parent_translation=0.002 addon_parent_rotation=0.002 addon_gravity=0.001 addon_rotation_binding=0.000 addon_validation=0.090 addon_solver=0.047 addon_output=0.045 addon_cache=0.010 late=0.002 late_testicles=0.001 late_breasts=0.001 late_butt=0.000 traverse=0.000 addon_collision_body=0.000 addon_collision_self=0.000 addon_collision_addons=0.000 max_ms total=24.674 colliders=0.333 addons=1.334 calls late=67 traverse=0 body_collision=0 self_collision=0 addons_collision=0
2026-09-19 21:44:31.296 performance profile engine operation=symbols avg_ms=0.000000 max_call_ms=0.000000 calls_per_frame=0.00 window_ms=1000 frames=67 nested=1
2026-09-19 21:44:31.296 performance profile engine operation=find_object avg_ms=0.490464 max_call_ms=0.042600 calls_per_frame=1965.72 window_ms=1000 frames=67 nested=1
2026-09-19 21:44:31.297 performance profile engine operation=script_find avg_ms=0.000000 max_call_ms=0.000000 calls_per_frame=0.00 window_ms=1000 frames=67 nested=1
2026-09-19 21:44:31.297 performance profile engine operation=axis_lookup avg_ms=0.604328 max_call_ms=2.029300 calls_per_frame=34.75 window_ms=1000 frames=67 nested=1
2026-09-19 21:44:31.297 performance profile engine operation=pivot_query avg_ms=0.023399 max_call_ms=0.005600 calls_per_frame=89.00 window_ms=1000 frames=67 nested=1
2026-09-19 21:44:31.297 collision profile window_ms=1000 frames=67 avg_ms body_collection=0.000000 body_solve=0.000000 body_position=0.000000 body_refine=0.000000 body_velocity=0.000000 addon_prepare_query=0.000000 addon_coherent_solve=0.000000 addon_visible_solve=0.000000 room_sphere=0.000000 room_sweep=0.000000 room_single=0.000000
2026-09-19 21:44:31.297 collision profile window_ms=1000 frames=67 max_call_ms body_collection=0.000000 body_solve=0.000000 body_position=0.000000 body_refine=0.000000 body_velocity=0.000000 addon_prepare_query=0.000000 addon_coherent_solve=0.000000 addon_visible_solve=0.000000 room_sphere=0.000000 room_sweep=0.000000 room_single=0.000000
2026-09-19 21:44:31.297 collision profile window_ms=1000 frames=67 calls body_collection=0 body_solve=0 body_position=0 body_refine=0 body_velocity=0 addon_prepare_query=0 addon_coherent_solve=0 addon_visible_solve=0 room_sphere=0 room_sweep=0 room_single=0
2026-09-19 21:44:31.298 collision profile window_ms=1000 frames=67 counts body_contacts=0 body_passes=0 body_jacobians=0 body_predictions=0 addon_contacts=0 addon_passes=0 addon_gradients=0 room_nodes=0 room_triangles=0
2026-09-19 21:44:32.865 genital physics state person=Person02 physics_paused=0 reason=visible-unknown-or-option-disabled
2026-09-19 21:44:32.869 performance profile window_ms=1562 frames=59 avg_ms total=2.298 housekeeping=0.490 bindings=0.645 diagnostics=0.003 colliders=0.160 axes=0.133 penis=0.236 penis_ownership=0.001 penis_gravity=0.000 penis_collision=0.000 penis_setup=0.000 penis_orientation=0.000 penis_translation=0.000 penis_solver=0.000 testicles=0.008 testicle_active=0.007 breasts=0.297 breasts_active=0.292 butt=0.074 butt_active=0.074 addons=0.242 addon_activation=0.088 addon_drive=0.104 addon_guard=0.001 addon_parent_pivot=0.000 addon_parent_translation=0.002 addon_parent_rotation=0.002 addon_gravity=0.001 addon_rotation_binding=0.000 addon_validation=0.097 addon_solver=0.047 addon_output=0.045 addon_cache=0.009 late=0.002 late_testicles=0.001 late_breasts=0.001 late_butt=0.000 traverse=0.000 addon_collision_body=0.000 addon_collision_self=0.000 addon_collision_addons=0.000 max_ms total=35.009 colliders=0.339 addons=1.029 calls late=59 traverse=0 body_collision=0 self_collision=0 addons_collision=0
2026-09-19 21:44:32.869 performance profile engine operation=symbols avg_ms=0.000000 max_call_ms=0.000000 calls_per_frame=0.00 window_ms=1562 frames=59 nested=1
2026-09-19 21:44:32.870 performance profile engine operation=find_object avg_ms=0.563473 max_call_ms=0.036300 calls_per_frame=2342.46 window_ms=1562 frames=59 nested=1
2026-09-19 21:44:32.870 performance profile engine operation=script_find avg_ms=0.000000 max_call_ms=0.000000 calls_per_frame=0.00 window_ms=1562 frames=59 nested=1
2026-09-19 21:44:32.870 performance profile engine operation=axis_lookup avg_ms=0.701529 max_call_ms=1.995000 calls_per_frame=35.59 window_ms=1562 frames=59 nested=1
2026-09-19 21:44:32.870 performance profile engine operation=pivot_query avg_ms=0.023958 max_call_ms=0.011300 calls_per_frame=89.03 window_ms=1562 frames=59 nested=1
2026-09-19 21:44:32.871 collision profile window_ms=1562 frames=59 avg_ms body_collection=0.000000 body_solve=0.000000 body_position=0.000000 body_refine=0.000000 body_velocity=0.000000 addon_prepare_query=0.000000 addon_coherent_solve=0.000000 addon_visible_solve=0.000000 room_sphere=0.000000 room_sweep=0.000000 room_single=0.000000
2026-09-19 21:44:32.871 collision profile window_ms=1562 frames=59 max_call_ms body_collection=0.000000 body_solve=0.000000 body_position=0.000000 body_refine=0.000000 body_velocity=0.000000 addon_prepare_query=0.000000 addon_coherent_solve=0.000000 addon_visible_solve=0.000000 room_sphere=0.000000 room_sweep=0.000000 room_single=0.000000
2026-09-19 21:44:32.871 collision profile window_ms=1562 frames=59 calls body_collection=0 body_solve=0 body_position=0 body_refine=0 body_velocity=0 addon_prepare_query=0 addon_coherent_solve=0 addon_visible_solve=0 room_sphere=0 room_sweep=0 room_single=0
2026-09-19 21:44:32.871 collision profile window_ms=1562 frames=59 counts body_contacts=0 body_passes=0 body_jacobians=0 body_predictions=0 addon_contacts=0 addon_passes=0 addon_gradients=0 room_nodes=0 room_triangles=0
2026-09-19 21:44:33.874 performance profile window_ms=1000 frames=69 avg_ms total=1.804 housekeeping=0.033 bindings=0.372 diagnostics=0.003 colliders=0.199 axes=0.110 penis=0.415 penis_ownership=0.137 penis_gravity=0.006 penis_collision=0.000 penis_setup=0.130 penis_orientation=0.001 penis_translation=0.004 penis_solver=0.028 testicles=0.063 testicle_active=0.063 breasts=0.278 breasts_active=0.273 butt=0.082 butt_active=0.082 addons=0.237 addon_activation=0.093 addon_drive=0.093 addon_guard=0.001 addon_parent_pivot=0.000 addon_parent_translation=0.002 addon_parent_rotation=0.002 addon_gravity=0.002 addon_rotation_binding=0.000 addon_validation=0.086 addon_solver=0.049 addon_output=0.047 addon_cache=0.010 late=0.007 late_testicles=0.003 late_breasts=0.003 late_butt=0.000 traverse=0.000 addon_collision_body=0.000 addon_collision_self=0.000 addon_collision_addons=0.000 max_ms total=29.606 colliders=0.341 addons=1.168 calls late=69 traverse=0 body_collision=0 self_collision=0 addons_collision=0
2026-09-19 21:44:33.875 performance profile engine operation=symbols avg_ms=0.000000 max_call_ms=0.000000 calls_per_frame=0.00 window_ms=1000 frames=69 nested=1
2026-09-19 21:44:33.875 performance profile engine operation=find_object avg_ms=0.540901 max_call_ms=0.037900 calls_per_frame=2214.70 window_ms=1000 frames=69 nested=1
2026-09-19 21:44:33.875 performance profile engine operation=script_find avg_ms=0.000000 max_call_ms=0.000000 calls_per_frame=0.00 window_ms=1000 frames=69 nested=1
2026-09-19 21:44:33.875 performance profile engine operation=axis_lookup avg_ms=0.688238 max_call_ms=2.134300 calls_per_frame=42.99 window_ms=1000 frames=69 nested=1
2026-09-19 21:44:33.875 performance profile engine operation=pivot_query avg_ms=0.025161 max_call_ms=0.006500 calls_per_frame=92.97 window_ms=1000 frames=69 nested=1
2026-09-19 21:44:33.875 collision profile window_ms=1000 frames=69 avg_ms body_collection=0.009910 body_solve=0.002952 body_position=0.001054 body_refine=0.000777 body_velocity=0.000348 addon_prepare_query=0.000000 addon_coherent_solve=0.000000 addon_visible_solve=0.000000 room_sphere=0.000000 room_sweep=0.000000 room_single=0.000000
2026-09-19 21:44:33.876 collision profile window_ms=1000 frames=69 max_call_ms body_collection=0.025600 body_solve=0.023000 body_position=0.016000 body_refine=0.001800 body_velocity=0.004600 addon_prepare_query=0.000000 addon_coherent_solve=0.000000 addon_visible_solve=0.000000 room_sphere=0.000000 room_sweep=0.000000 room_single=0.000000
2026-09-19 21:44:33.876 collision profile window_ms=1000 frames=69 calls body_collection=77 body_solve=77 body_position=77 body_refine=77 body_velocity=77 addon_prepare_query=0 addon_coherent_solve=0 addon_visible_solve=0 room_sphere=0 room_sweep=0 room_single=0
2026-09-19 21:44:33.876 collision profile window_ms=1000 frames=69 counts body_contacts=5 body_passes=87 body_jacobians=20 body_predictions=406 addon_contacts=0 addon_passes=0 addon_gradients=0 room_nodes=0 room_triangles=0
2026-09-19 21:44:34.266 performance profile body-update person=Person02 system=breasts update_rate_hz=-1 published_hz=58.8 sample_ms=5000
2026-09-19 21:44:34.266 performance profile body-update person=Person02 system=butt update_rate_hz=-1 published_hz=58.8 sample_ms=5000
2026-09-19 21:44:34.872 performance profile window_ms=1000 frames=67 avg_ms total=1.800 housekeeping=0.240 bindings=0.373 diagnostics=0.003 colliders=0.203 axes=0.002 penis=0.302 penis_ownership=0.006 penis_gravity=0.006 penis_collision=0.014 penis_setup=0.010 penis_orientation=0.001 penis_translation=0.003 penis_solver=0.028 testicles=0.055 testicle_active=0.054 breasts=0.291 breasts_active=0.286 butt=0.080 butt_active=0.080 addons=0.240 addon_activation=0.092 addon_drive=0.094 addon_guard=0.001 addon_parent_pivot=0.000 addon_parent_translation=0.002 addon_parent_rotation=0.002 addon_gravity=0.002 addon_rotation_binding=0.000 addon_validation=0.087 addon_solver=0.051 addon_output=0.048 addon_cache=0.009 late=0.007 late_testicles=0.003 late_breasts=0.003 late_butt=0.000 traverse=0.000 addon_collision_body=0.000 addon_collision_self=0.000 addon_collision_addons=0.000 max_ms total=27.666 colliders=0.413 addons=1.041 calls late=67 traverse=0 body_collision=0 self_collision=0 addons_collision=0
2026-09-19 21:44:34.872 performance profile engine operation=symbols avg_ms=0.000000 max_call_ms=0.000000 calls_per_frame=0.00 window_ms=1000 frames=67 nested=1
2026-09-19 21:44:34.872 performance profile engine operation=find_object avg_ms=0.464906 max_call_ms=0.029300 calls_per_frame=1871.64 window_ms=1000 frames=67 nested=1
2026-09-19 21:44:34.872 performance profile engine operation=script_find avg_ms=0.000000 max_call_ms=0.000000 calls_per_frame=0.00 window_ms=1000 frames=67 nested=1
2026-09-19 21:44:34.873 performance profile engine operation=axis_lookup avg_ms=0.586033 max_call_ms=2.002700 calls_per_frame=42.93 window_ms=1000 frames=67 nested=1
2026-09-19 21:44:34.873 performance profile engine operation=pivot_query avg_ms=0.024666 max_call_ms=0.006100 calls_per_frame=93.00 window_ms=1000 frames=67 nested=1
2026-09-19 21:44:34.873 collision profile window_ms=1000 frames=67 avg_ms body_collection=0.018976 body_solve=0.002555 body_position=0.000072 body_refine=0.001434 body_velocity=0.000084 addon_prepare_query=0.000000 addon_coherent_solve=0.000000 addon_visible_solve=0.000000 room_sphere=0.000000 room_sweep=0.000000 room_single=0.000000
2026-09-19 21:44:34.873 collision profile window_ms=1000 frames=67 max_call_ms body_collection=0.045300 body_solve=0.005100 body_position=0.000100 body_refine=0.002700 body_velocity=0.000100 addon_prepare_query=0.000000 addon_coherent_solve=0.000000 addon_visible_solve=0.000000 room_sphere=0.000000 room_sweep=0.000000 room_single=0.000000
2026-09-19 21:44:34.874 collision profile window_ms=1000 frames=67 calls body_collection=134 body_solve=134 body_position=134 body_refine=134 body_velocity=134 addon_prepare_query=0 addon_coherent_solve=0 addon_visible_solve=0 room_sphere=0 room_sweep=0 room_single=0
2026-09-19 21:44:34.874 collision profile window_ms=1000 frames=67 counts body_contacts=0 body_passes=134 body_jacobians=0 body_predictions=402 addon_contacts=0 addon_passes=0 addon_gradients=0 room_nodes=0 room_triangles=0
2026-09-19 21:44:35.869 performance profile window_ms=1000 frames=66 avg_ms total=1.849 housekeeping=0.127 bindings=0.391 diagnostics=0.003 colliders=0.209 axes=0.117 penis=0.350 penis_ownership=0.006 penis_gravity=0.006 penis_collision=0.022 penis_setup=0.010 penis_orientation=0.001 penis_translation=0.004 penis_solver=0.028 testicles=0.054 testicle_active=0.053 breasts=0.265 breasts_active=0.260 butt=0.076 butt_active=0.075 addons=0.246 addon_activation=0.098 addon_drive=0.094 addon_guard=0.001 addon_parent_pivot=0.000 addon_parent_translation=0.002 addon_parent_rotation=0.002 addon_gravity=0.002 addon_rotation_binding=0.000 addon_validation=0.087 addon_solver=0.051 addon_output=0.049 addon_cache=0.010 late=0.007 late_testicles=0.003 late_breasts=0.003 late_butt=0.000 traverse=0.000 addon_collision_body=0.000 addon_collision_self=0.000 addon_collision_addons=0.000 max_ms total=25.948 colliders=0.411 addons=0.923 calls late=66 traverse=0 body_collision=0 self_collision=0 addons_collision=0
2026-09-19 21:44:35.869 performance profile engine operation=symbols avg_ms=0.000000 max_call_ms=0.000000 calls_per_frame=0.00 window_ms=1000 frames=66 nested=1
2026-09-19 21:44:35.870 performance profile engine operation=find_object avg_ms=0.563895 max_call_ms=0.086800 calls_per_frame=2310.29 window_ms=1000 frames=66 nested=1
2026-09-19 21:44:35.870 performance profile engine operation=script_find avg_ms=0.000000 max_call_ms=0.000000 calls_per_frame=0.00 window_ms=1000 frames=66 nested=1
2026-09-19 21:44:35.870 performance profile engine operation=axis_lookup avg_ms=0.721621 max_call_ms=2.100800 calls_per_frame=43.03 window_ms=1000 frames=66 nested=1
2026-09-19 21:44:35.870 performance profile engine operation=pivot_query avg_ms=0.026609 max_call_ms=0.005600 calls_per_frame=93.00 window_ms=1000 frames=66 nested=1
2026-09-19 21:44:35.870 collision profile window_ms=1000 frames=66 avg_ms body_collection=0.023532 body_solve=0.003086 body_position=0.000082 body_refine=0.001823 body_velocity=0.000088 addon_prepare_query=0.000000 addon_coherent_solve=0.000000 addon_visible_solve=0.000000 room_sphere=0.000000 room_sweep=0.000000 room_single=0.000000
2026-09-19 21:44:35.870 collision profile window_ms=1000 frames=66 max_call_ms body_collection=0.034100 body_solve=0.003100 body_position=0.000100 body_refine=0.001400 body_velocity=0.000100 addon_prepare_query=0.000000 addon_coherent_solve=0.000000 addon_visible_solve=0.000000 room_sphere=0.000000 room_sweep=0.000000 room_single=0.000000
2026-09-19 21:44:35.871 collision profile window_ms=1000 frames=66 calls body_collection=168 body_solve=168 body_position=168 body_refine=168 body_velocity=168 addon_prepare_query=0 addon_coherent_solve=0 addon_visible_solve=0 room_sphere=0 room_sweep=0 room_single=0
2026-09-19 21:44:35.871 collision profile window_ms=1000 frames=66 counts body_contacts=0 body_passes=168 body_jacobians=0 body_predictions=504 addon_contacts=0 addon_passes=0 addon_gradients=0 room_nodes=0 room_triangles=0
2026-09-19 21:44:36.863 performance profile window_ms=1000 frames=51 avg_ms total=1.945 housekeeping=0.038 bindings=0.505 diagnostics=0.004 colliders=0.227 axes=0.002 penis=0.409 penis_ownership=0.006 penis_gravity=0.006 penis_collision=0.027 penis_setup=0.010 penis_orientation=0.001 penis_translation=0.004 penis_solver=0.033 testicles=0.057 testicle_active=0.056 breasts=0.336 breasts_active=0.330 butt=0.082 butt_active=0.082 addons=0.275 addon_activation=0.093 addon_drive=0.124 addon_guard=0.001 addon_parent_pivot=0.000 addon_parent_translation=0.002 addon_parent_rotation=0.002 addon_gravity=0.002 addon_rotation_binding=0.000 addon_validation=0.116 addon_solver=0.055 addon_output=0.053 addon_cache=0.010 late=0.007 late_testicles=0.003 late_breasts=0.004 late_butt=0.000 traverse=0.000 addon_collision_body=0.000 addon_collision_self=0.000 addon_collision_addons=0.000 max_ms total=25.693 colliders=0.434 addons=1.297 calls late=51 traverse=0 body_collision=0 self_collision=0 addons_collision=0
2026-09-19 21:44:36.864 performance profile engine operation=symbols avg_ms=0.000000 max_call_ms=0.000000 calls_per_frame=0.00 window_ms=1000 frames=51 nested=1
2026-09-19 21:44:36.864 performance profile engine operation=find_object avg_ms=0.577547 max_call_ms=0.186800 calls_per_frame=2310.43 window_ms=1000 frames=51 nested=1
2026-09-19 21:44:36.864 performance profile engine operation=script_find avg_ms=0.000000 max_call_ms=0.000000 calls_per_frame=0.00 window_ms=1000 frames=51 nested=1
2026-09-19 21:44:36.864 performance profile engine operation=axis_lookup avg_ms=0.735380 max_call_ms=2.223000 calls_per_frame=43.10 window_ms=1000 frames=51 nested=1
2026-09-19 21:44:36.864 performance profile engine operation=pivot_query avg_ms=0.030018 max_call_ms=0.057100 calls_per_frame=93.00 window_ms=1000 frames=51 nested=1
2026-09-19 21:44:36.865 collision profile window_ms=1000 frames=51 avg_ms body_collection=0.029429 body_solve=0.003794 body_position=0.000094 body_refine=0.002257 body_velocity=0.000100 addon_prepare_query=0.000000 addon_coherent_solve=0.000000 addon_visible_solve=0.000000 room_sphere=0.000000 room_sweep=0.000000 room_single=0.000000
2026-09-19 21:44:36.865 collision profile window_ms=1000 frames=51 max_call_ms body_collection=0.058200 body_solve=0.003100 body_position=0.000100 body_refine=0.001400 body_velocity=0.000100 addon_prepare_query=0.000000 addon_coherent_solve=0.000000 addon_visible_solve=0.000000 room_sphere=0.000000 room_sweep=0.000000 room_single=0.000000
2026-09-19 21:44:36.865 collision profile window_ms=1000 frames=51 calls body_collection=162 body_solve=162 body_position=162 body_refine=162 body_velocity=162 addon_prepare_query=0 addon_coherent_solve=0 addon_visible_solve=0 room_sphere=0 room_sweep=0 room_single=0
2026-09-19 21:44:36.865 collision profile window_ms=1000 frames=51 counts body_contacts=0 body_passes=162 body_jacobians=0 body_predictions=486 addon_contacts=0 addon_passes=0 addon_gradients=0 room_nodes=0 room_triangles=0
2026-09-19 21:44:37.860 performance profile window_ms=1000 frames=66 avg_ms total=1.836 housekeeping=0.038 bindings=0.388 diagnostics=0.003 colliders=0.224 axes=0.117 penis=0.358 penis_ownership=0.006 penis_gravity=0.006 penis_collision=0.023 penis_setup=0.010 penis_orientation=0.001 penis_translation=0.004 penis_solver=0.029 testicles=0.055 testicle_active=0.054 breasts=0.303 breasts_active=0.298 butt=0.082 butt_active=0.081 addons=0.258 addon_activation=0.097 addon_drive=0.104 addon_guard=0.001 addon_parent_pivot=0.000 addon_parent_translation=0.002 addon_parent_rotation=0.002 addon_gravity=0.002 addon_rotation_binding=0.000 addon_validation=0.097 addon_solver=0.054 addon_output=0.052 addon_cache=0.009 late=0.007 late_testicles=0.003 late_breasts=0.003 late_butt=0.000 traverse=0.000 addon_collision_body=0.000 addon_collision_self=0.000 addon_collision_addons=0.000 max_ms total=25.189 colliders=0.506 addons=1.149 calls late=66 traverse=0 body_collision=0 self_collision=0 addons_collision=0
2026-09-19 21:44:37.861 performance profile engine operation=symbols avg_ms=0.000000 max_call_ms=0.000000 calls_per_frame=0.00 window_ms=1000 frames=66 nested=1
2026-09-19 21:44:37.861 performance profile engine operation=find_object avg_ms=0.601035 max_call_ms=0.065600 calls_per_frame=2413.08 window_ms=1000 frames=66 nested=1
2026-09-19 21:44:37.861 performance profile engine operation=script_find avg_ms=0.000000 max_call_ms=0.000000 calls_per_frame=0.00 window_ms=1000 frames=66 nested=1
2026-09-19 21:44:37.861 performance profile engine operation=axis_lookup avg_ms=0.768088 max_call_ms=2.796200 calls_per_frame=43.06 window_ms=1000 frames=66 nested=1
2026-09-19 21:44:37.861 performance profile engine operation=pivot_query avg_ms=0.028080 max_call_ms=0.004700 calls_per_frame=93.00 window_ms=1000 frames=66 nested=1
2026-09-19 21:44:37.861 collision profile window_ms=1000 frames=66 avg_ms body_collection=0.024403 body_solve=0.003253 body_position=0.000098 body_refine=0.001876 body_velocity=0.000079 addon_prepare_query=0.000000 addon_coherent_solve=0.000000 addon_visible_solve=0.000000 room_sphere=0.000000 room_sweep=0.000000 room_single=0.000000
2026-09-19 21:44:37.862 collision profile window_ms=1000 frames=66 max_call_ms body_collection=0.029500 body_solve=0.002900 body_position=0.000100 body_refine=0.001400 body_velocity=0.000200 addon_prepare_query=0.000000 addon_coherent_solve=0.000000 addon_visible_solve=0.000000 room_sphere=0.000000 room_sweep=0.000000 room_single=0.000000
2026-09-19 21:44:37.862 collision profile window_ms=1000 frames=66 calls body_collection=168 body_solve=168 body_position=168 body_refine=168 body_velocity=168 addon_prepare_query=0 addon_coherent_solve=0 addon_visible_solve=0 room_sphere=0 room_sweep=0 room_single=0
2026-09-19 21:44:37.862 collision profile window_ms=1000 frames=66 counts body_contacts=0 body_passes=168 body_jacobians=0 body_predictions=504 addon_contacts=0 addon_passes=0 addon_gradients=0 room_nodes=0 room_triangles=0
2026-09-19 21:44:37.921 performance profile body-update person=Person02 system=penis update_rate_hz=-1 published_hz=64.4 sample_ms=5000
2026-09-19 21:44:37.946 performance profile body-update person=Person02 system=testicles update_rate_hz=-1 published_hz=64.4 sample_ms=5000
2026-09-19 21:44:38.686 PoseEdit file handoff fade-wait exec="native-queue" note="retain outgoing physics until the native fade readiness gate"
2026-09-19 21:44:38.688 PoseEdit file handoff end exec="native-queue" result=0x00000000 editpose=670fd3e0 pending_reset=1 note="physics waits for the native pending-reset flag to clear before binding the resulting pose"
2026-09-19 21:44:38.844 PoseEdit file handoff paired-output-restored system=breasts person=2 translation=(-0.073958,0.000000,0.000000;0.073957,0.000000,0.000000) note="removed simulation offsets before releasing the old pose"
2026-09-19 21:44:38.844 PoseEdit file handoff paired-output-restored system=butt person=2 translation=(-0.047842,-0.038221,0.077886;-0.047842,-0.038221,-0.078000) note="removed simulation offsets before releasing the old pose"
2026-09-19 21:44:38.844 PoseEdit file handoff begin exec="native-fade-ready" editpose=670fd3e0 note="returned current tracks to TK17 before native pose replacement; discarded old snapshots"
2026-09-19 21:44:38.864 PoseEdit file handoff begin exec="native-reset" editpose=670fd3e0 note="returned current tracks to TK17 before native pose replacement; discarded old snapshots"
2026-09-19 21:44:38.864 PoseEdit file handoff rotation-trace phase=native-reset-before person=1 joint=1 track=67100154 target=347db4a0 member=0x02fff04a keys=73254170 count=0 keys_read=0 first_frame=0 first=(0.000000,0.000000,0.000000) last_frame=0 last=(0.000000,0.000000,0.000000) output_raw=41bb8ac0 output_offset=0x6c output_read=1 output=(0.000000,0.000000,0.000000)
2026-09-19 21:44:38.865 PoseEdit file handoff rotation-trace phase=native-reset-before person=1 joint=2 track=671009c4 target=4908d080 member=0x01fff04e keys=73254170 count=0 keys_read=0 first_frame=0 first=(0.000000,0.000000,0.000000) last_frame=0 last=(0.000000,0.000000,0.000000) output_raw=41bb7440 output_offset=0x6c output_read=1 output=(0.000000,0.000000,0.000000)
2026-09-19 21:44:38.865 PoseEdit file handoff rotation-trace phase=native-reset-before person=1 joint=3 track=67100a14 target=4908cf40 member=0x01fff04e keys=73254170 count=0 keys_read=0 first_frame=0 first=(0.000000,0.000000,0.000000) last_frame=0 last=(0.000000,0.000000,0.000000) output_raw=41bb7b40 output_offset=0x6c output_read=1 output=(0.000000,0.000000,0.000000)
2026-09-19 21:44:38.865 PoseEdit file handoff rotation-trace phase=native-reset-before person=2 joint=1 track=671120d4 target=4a42d480 member=0x02fff04a keys=67f2d860 count=1 keys_read=1 first_frame=0 first=(0.000000,0.000000,-47.500000) last_frame=0 last=(0.000000,0.000000,-47.500000) output_raw=4a3bc200 output_offset=0x6c output_read=1 output=(0.000000,0.000000,-47.500000)
2026-09-19 21:44:38.865 PoseEdit file handoff rotation-trace phase=native-reset-before person=2 joint=2 track=67112944 target=4b976360 member=0x01fff04e keys=67f30f00 count=1 keys_read=1 first_frame=0 first=(0.000000,0.000000,0.000000) last_frame=0 last=(0.000000,0.000000,0.000000) output_raw=4a3bdcc0 output_offset=0x6c output_read=1 output=(0.000000,0.000000,-17.160000)
2026-09-19 21:44:38.866 PoseEdit file handoff rotation-trace phase=native-reset-before person=2 joint=3 track=67112994 target=4b976640 member=0x01fff04e keys=67f30760 count=1 keys_read=1 first_frame=0 first=(0.000000,0.000000,0.000000) last_frame=0 last=(0.000000,0.000000,0.000000) output_raw=4a3beac0 output_offset=0x6c output_read=1 output=(0.000000,0.000000,-6.988000)
2026-09-19 21:44:38.866 PoseEdit file handoff rotation-trace phase=native-reset-before person=3 joint=1 track=67124054 target=4f3330a0 member=0x02fff04a keys=73254170 count=0 keys_read=0 first_frame=0 first=(0.000000,0.000000,0.000000) last_frame=0 last=(0.000000,0.000000,0.000000) output_raw=4a3bd180 output_offset=0x6c output_read=1 output=(0.000000,0.000000,0.000000)
2026-09-19 21:44:38.866 PoseEdit file handoff rotation-trace phase=native-reset-before person=3 joint=2 track=671248c4 target=52e5ad60 member=0x01fff04e keys=73254170 count=0 keys_read=0 first_frame=0 first=(0.000000,0.000000,0.000000) last_frame=0 last=(0.000000,0.000000,0.000000) output_raw=5023d900 output_offset=0x6c output_read=1 output=(0.000000,0.000000,0.000000)
2026-09-19 21:44:38.866 PoseEdit file handoff rotation-trace phase=native-reset-before person=3 joint=3 track=67124914 target=52e5c9c0 member=0x01fff04e keys=73254170 count=0 keys_read=0 first_frame=0 first=(0.000000,0.000000,0.000000) last_frame=0 last=(0.000000,0.000000,0.000000) output_raw=5023eb40 output_offset=0x6c output_read=1 output=(0.000000,0.000000,0.000000)
2026-09-19 21:44:38.904 PoseEdit file handoff rotation-trace phase=native-reset-after person=1 joint=1 track=67100154 target=347db4a0 member=0x02fff04a keys=73254170 count=0 keys_read=0 first_frame=0 first=(0.000000,0.000000,0.000000) last_frame=0 last=(0.000000,0.000000,0.000000) output_raw=41bb8ac0 output_offset=0x6c output_read=1 output=(0.000000,0.000000,0.000000)
2026-09-19 21:44:38.904 PoseEdit file handoff rotation-trace phase=native-reset-after person=1 joint=2 track=671009c4 target=4908d080 member=0x01fff04e keys=73254170 count=0 keys_read=0 first_frame=0 first=(0.000000,0.000000,0.000000) last_frame=0 last=(0.000000,0.000000,0.000000) output_raw=41bb7440 output_offset=0x6c output_read=1 output=(0.000000,0.000000,0.000000)
2026-09-19 21:44:38.904 PoseEdit file handoff rotation-trace phase=native-reset-after person=1 joint=3 track=67100a14 target=4908cf40 member=0x01fff04e keys=73254170 count=0 keys_read=0 first_frame=0 first=(0.000000,0.000000,0.000000) last_frame=0 last=(0.000000,0.000000,0.000000) output_raw=41bb7b40 output_offset=0x6c output_read=1 output=(0.000000,0.000000,0.000000)
2026-09-19 21:44:38.904 PoseEdit file handoff rotation-trace phase=native-reset-after person=2 joint=1 track=671120d4 target=4a42d480 member=0x02fff04a keys=673dd960 count=1 keys_read=1 first_frame=0 first=(0.000000,0.000000,-47.500000) last_frame=0 last=(0.000000,0.000000,-47.500000) output_raw=4a3bc200 output_offset=0x6c output_read=1 output=(0.000000,0.000000,-47.500000)
2026-09-19 21:44:38.904 PoseEdit file handoff rotation-trace phase=native-reset-after person=2 joint=2 track=67112944 target=4b976360 member=0x01fff04e keys=673de660 count=1 keys_read=1 first_frame=0 first=(0.000000,0.000000,0.000000) last_frame=0 last=(0.000000,0.000000,0.000000) output_raw=4a3bdcc0 output_offset=0x6c output_read=1 output=(0.000000,0.000000,-17.160000)
2026-09-19 21:44:38.905 PoseEdit file handoff rotation-trace phase=native-reset-after person=2 joint=3 track=67112994 target=4b976640 member=0x01fff04e keys=673dece0 count=1 keys_read=1 first_frame=0 first=(0.000000,0.000000,0.000000) last_frame=0 last=(0.000000,0.000000,0.000000) output_raw=4a3beac0 output_offset=0x6c output_read=1 output=(0.000000,0.000000,-6.988000)
2026-09-19 21:44:38.905 PoseEdit file handoff rotation-trace phase=native-reset-after person=3 joint=1 track=67124054 target=4f3330a0 member=0x02fff04a keys=73254170 count=0 keys_read=0 first_frame=0 first=(0.000000,0.000000,0.000000) last_frame=0 last=(0.000000,0.000000,0.000000) output_raw=4a3bd180 output_offset=0x6c output_read=1 output=(0.000000,0.000000,0.000000)
2026-09-19 21:44:38.905 PoseEdit file handoff rotation-trace phase=native-reset-after person=3 joint=2 track=671248c4 target=52e5ad60 member=0x01fff04e keys=73254170 count=0 keys_read=0 first_frame=0 first=(0.000000,0.000000,0.000000) last_frame=0 last=(0.000000,0.000000,0.000000) output_raw=5023d900 output_offset=0x6c output_read=1 output=(0.000000,0.000000,0.000000)
2026-09-19 21:44:38.905 PoseEdit file handoff rotation-trace phase=native-reset-after person=3 joint=3 track=67124914 target=52e5c9c0 member=0x01fff04e keys=73254170 count=0 keys_read=0 first_frame=0 first=(0.000000,0.000000,0.000000) last_frame=0 last=(0.000000,0.000000,0.000000) output_raw=5023eb40 output_offset=0x6c output_read=1 output=(0.000000,0.000000,0.000000)
2026-09-19 21:44:38.907 PoseEdit file handoff end exec="native-reset" result=0x00000000 editpose=670fd3e0 pending_reset=1 note="physics waits for the native pending-reset flag to clear before binding the resulting pose"
2026-09-19 21:44:38.966 PoseEdit file handoff smooth-restart person=2 note="seeded from the incoming pose after native reset; no previous pose motion retained"
2026-09-19 21:44:38.969 performance profile window_ms=1078 frames=62 avg_ms total=2.050 housekeeping=0.360 bindings=0.421 diagnostics=0.003 colliders=0.204 axes=0.031 penis=0.340 penis_ownership=0.007 penis_gravity=0.005 penis_collision=0.020 penis_setup=0.010 penis_orientation=0.001 penis_translation=0.003 penis_solver=0.026 testicles=0.059 testicle_active=0.059 breasts=0.303 breasts_active=0.297 butt=0.079 butt_active=0.079 addons=0.238 addon_activation=0.090 addon_drive=0.096 addon_guard=0.001 addon_parent_pivot=0.000 addon_parent_translation=0.002 addon_parent_rotation=0.002 addon_gravity=0.001 addon_rotation_binding=0.000 addon_validation=0.089 addon_solver=0.048 addon_output=0.046 addon_cache=0.010 late=0.019 late_testicles=0.014 late_breasts=0.004 late_butt=0.001 traverse=0.000 addon_collision_body=0.000 addon_collision_self=0.000 addon_collision_addons=0.000 max_ms total=50.770 colliders=0.393 addons=0.795 calls late=75 traverse=0 body_collision=0 self_collision=0 addons_collision=0
2026-09-19 21:44:38.970 performance profile engine operation=symbols avg_ms=0.000000 max_call_ms=0.000000 calls_per_frame=0.00 window_ms=1078 frames=62 nested=1
2026-09-19 21:44:38.970 performance profile engine operation=find_object avg_ms=0.573603 max_call_ms=0.069900 calls_per_frame=2349.69 window_ms=1078 frames=62 nested=1
2026-09-19 21:44:38.970 performance profile engine operation=script_find avg_ms=0.000000 max_call_ms=0.000000 calls_per_frame=0.00 window_ms=1078 frames=62 nested=1
2026-09-19 21:44:38.970 performance profile engine operation=axis_lookup avg_ms=0.725544 max_call_ms=2.088400 calls_per_frame=45.79 window_ms=1078 frames=62 nested=1
2026-09-19 21:44:38.970 performance profile engine operation=pivot_query avg_ms=0.025347 max_call_ms=0.007200 calls_per_frame=92.90 window_ms=1078 frames=62 nested=1
2026-09-19 21:44:38.970 collision profile window_ms=1078 frames=62 avg_ms body_collection=0.021585 body_solve=0.002781 body_position=0.000071 body_refine=0.001573 body_velocity=0.000071 addon_prepare_query=0.000000 addon_coherent_solve=0.000000 addon_visible_solve=0.000000 room_sphere=0.000000 room_sweep=0.000000 room_single=0.000000
2026-09-19 21:44:38.970 collision profile window_ms=1078 frames=62 max_call_ms body_collection=0.042600 body_solve=0.004000 body_position=0.000100 body_refine=0.001700 body_velocity=0.000100 addon_prepare_query=0.000000 addon_coherent_solve=0.000000 addon_visible_solve=0.000000 room_sphere=0.000000 room_sweep=0.000000 room_single=0.000000
2026-09-19 21:44:38.970 collision profile window_ms=1078 frames=62 calls body_collection=134 body_solve=134 body_position=134 body_refine=134 body_velocity=134 addon_prepare_query=0 addon_coherent_solve=0 addon_visible_solve=0 room_sphere=0 room_sweep=0 room_single=0
2026-09-19 21:44:38.970 collision profile window_ms=1078 frames=62 counts body_contacts=0 body_passes=134 body_jacobians=0 body_predictions=402 addon_contacts=0 addon_passes=0 addon_gradients=0 room_nodes=0 room_triangles=0
2026-09-19 21:44:39.264 performance profile body-update person=Person02 system=breasts update_rate_hz=-1 published_hz=61.0 sample_ms=5000
2026-09-19 21:44:39.264 performance profile body-update person=Person02 system=butt update_rate_hz=-1 published_hz=61.0 sample_ms=5000
2026-09-19 21:44:39.944 performance profile window_ms=1000 frames=72 avg_ms total=1.699 housekeeping=0.027 bindings=0.334 diagnostics=0.003 colliders=0.200 axes=0.052 penis=0.437 penis_ownership=0.135 penis_gravity=0.006 penis_collision=0.013 penis_setup=0.127 penis_orientation=0.001 penis_translation=0.004 penis_solver=0.027 testicles=0.050 testicle_active=0.049 breasts=0.250 breasts_active=0.244 butt=0.081 butt_active=0.081 addons=0.253 addon_activation=0.114 addon_drive=0.088 addon_guard=0.001 addon_parent_pivot=0.000 addon_parent_translation=0.002 addon_parent_rotation=0.002 addon_gravity=0.002 addon_rotation_binding=0.000 addon_validation=0.081 addon_solver=0.048 addon_output=0.047 addon_cache=0.010 late=0.007 late_testicles=0.003 late_breasts=0.003 late_butt=0.000 traverse=0.000 addon_collision_body=0.000 addon_collision_self=0.000 addon_collision_addons=0.000 max_ms total=25.989 colliders=0.376 addons=2.032 calls late=72 traverse=0 body_collision=0 self_collision=0 addons_collision=0
2026-09-19 21:44:39.945 performance profile engine operation=symbols avg_ms=0.000000 max_call_ms=0.000000 calls_per_frame=0.00 window_ms=1000 frames=72 nested=1
2026-09-19 21:44:39.945 performance profile engine operation=find_object avg_ms=0.474279 max_call_ms=0.037300 calls_per_frame=1936.12 window_ms=1000 frames=72 nested=1
2026-09-19 21:44:39.945 performance profile engine operation=script_find avg_ms=0.000000 max_call_ms=0.000000 calls_per_frame=0.00 window_ms=1000 frames=72 nested=1
2026-09-19 21:44:39.945 performance profile engine operation=axis_lookup avg_ms=0.596743 max_call_ms=1.967400 calls_per_frame=42.67 window_ms=1000 frames=72 nested=1
2026-09-19 21:44:39.945 performance profile engine operation=pivot_query avg_ms=0.025007 max_call_ms=0.005700 calls_per_frame=92.86 window_ms=1000 frames=72 nested=1
2026-09-19 21:44:39.946 collision profile window_ms=1000 frames=72 avg_ms body_collection=0.010943 body_solve=0.003612 body_position=0.001858 body_refine=0.000685 body_velocity=0.000592 addon_prepare_query=0.000000 addon_coherent_solve=0.000000 addon_visible_solve=0.000000 room_sphere=0.000000 room_sweep=0.000000 room_single=0.000000
2026-09-19 21:44:39.946 collision profile window_ms=1000 frames=72 max_call_ms body_collection=0.062800 body_solve=0.044700 body_position=0.032500 body_refine=0.002500 body_velocity=0.009300 addon_prepare_query=0.000000 addon_coherent_solve=0.000000 addon_visible_solve=0.000000 room_sphere=0.000000 room_sweep=0.000000 room_single=0.000000
2026-09-19 21:44:39.946 collision profile window_ms=1000 frames=72 calls body_collection=160 body_solve=66 body_position=66 body_refine=66 body_velocity=66 addon_prepare_query=0 addon_coherent_solve=0 addon_visible_solve=0 room_sphere=0 room_sweep=0 room_single=0
2026-09-19 21:44:39.946 collision profile window_ms=1000 frames=72 counts body_contacts=5 body_passes=76 body_jacobians=20 body_predictions=421 addon_contacts=0 addon_passes=0 addon_gradients=0 room_nodes=0 room_triangles=0
2026-09-19 21:44:40.945 performance profile window_ms=1000 frames=73 avg_ms total=1.616 housekeeping=0.117 bindings=0.313 diagnostics=0.003 colliders=0.188 axes=0.055 penis=0.298 penis_ownership=0.006 penis_gravity=0.005 penis_collision=0.026 penis_setup=0.010 penis_orientation=0.001 penis_translation=0.003 penis_solver=0.027 testicles=0.055 testicle_active=0.055 breasts=0.258 breasts_active=0.253 butt=0.073 butt_active=0.072 addons=0.246 addon_activation=0.112 addon_drive=0.086 addon_guard=0.001 addon_parent_pivot=0.000 addon_parent_translation=0.002 addon_parent_rotation=0.002 addon_gravity=0.001 addon_rotation_binding=0.000 addon_validation=0.079 addon_solver=0.046 addon_output=0.044 addon_cache=0.009 late=0.007 late_testicles=0.003 late_breasts=0.003 late_butt=0.000 traverse=0.000 addon_collision_body=0.000 addon_collision_self=0.000 addon_collision_addons=0.000 max_ms total=24.792 colliders=0.320 addons=2.013 calls late=73 traverse=0 body_collision=0 self_collision=0 addons_collision=0
2026-09-19 21:44:40.945 performance profile engine operation=symbols avg_ms=0.000000 max_call_ms=0.000000 calls_per_frame=0.00 window_ms=1000 frames=73 nested=1
2026-09-19 21:44:40.945 performance profile engine operation=find_object avg_ms=0.468533 max_call_ms=0.035700 calls_per_frame=1907.34 window_ms=1000 frames=73 nested=1
2026-09-19 21:44:40.945 performance profile engine operation=script_find avg_ms=0.000000 max_call_ms=0.000000 calls_per_frame=0.00 window_ms=1000 frames=73 nested=1
2026-09-19 21:44:40.945 performance profile engine operation=axis_lookup avg_ms=0.593949 max_call_ms=2.470800 calls_per_frame=42.73 window_ms=1000 frames=73 nested=1
2026-09-19 21:44:40.946 performance profile engine operation=pivot_query avg_ms=0.022388 max_call_ms=0.002700 calls_per_frame=93.00 window_ms=1000 frames=73 nested=1
2026-09-19 21:44:40.946 collision profile window_ms=1000 frames=73 avg_ms body_collection=0.023777 body_solve=0.011212 body_position=0.006403 body_refine=0.001725 body_velocity=0.001990 addon_prepare_query=0.000000 addon_coherent_solve=0.000000 addon_visible_solve=0.000000 room_sphere=0.000000 room_sweep=0.000000 room_single=0.000000
2026-09-19 21:44:40.946 collision profile window_ms=1000 frames=73 max_call_ms body_collection=0.040100 body_solve=0.065400 body_position=0.056300 body_refine=0.001400 body_velocity=0.008200 addon_prepare_query=0.000000 addon_coherent_solve=0.000000 addon_visible_solve=0.000000 room_sphere=0.000000 room_sweep=0.000000 room_single=0.000000
2026-09-19 21:44:40.946 collision profile window_ms=1000 frames=73 calls body_collection=176 body_solve=176 body_position=176 body_refine=176 body_velocity=176 addon_prepare_query=0 addon_coherent_solve=0 addon_visible_solve=0 room_sphere=0 room_sweep=0 room_single=0
2026-09-19 21:44:40.946 collision profile window_ms=1000 frames=73 counts body_contacts=29 body_passes=228 body_jacobians=114 body_predictions=1525 addon_contacts=0 addon_passes=0 addon_gradients=0 room_nodes=0 room_triangles=0
2026-09-19 21:44:41.949 performance profile window_ms=1000 frames=65 avg_ms total=1.790 housekeeping=0.143 bindings=0.351 diagnostics=0.003 colliders=0.185 axes=0.058 penis=0.349 penis_ownership=0.006 penis_gravity=0.005 penis_collision=0.030 penis_setup=0.010 penis_orientation=0.001 penis_translation=0.003 penis_solver=0.028 testicles=0.056 testicle_active=0.055 breasts=0.284 breasts_active=0.280 butt=0.073 butt_active=0.072 addons=0.278 addon_activation=0.129 addon_drive=0.096 addon_guard=0.001 addon_parent_pivot=0.000 addon_parent_translation=0.003 addon_parent_rotation=0.002 addon_gravity=0.001 addon_rotation_binding=0.000 addon_validation=0.088 addon_solver=0.051 addon_output=0.048 addon_cache=0.009 late=0.006 late_testicles=0.003 late_breasts=0.003 late_butt=0.000 traverse=0.000 addon_collision_body=0.000 addon_collision_self=0.000 addon_collision_addons=0.000 max_ms total=32.490 colliders=0.317 addons=2.307 calls late=65 traverse=0 body_collision=0 self_collision=0 addons_collision=0
2026-09-19 21:44:41.949 performance profile engine operation=symbols avg_ms=0.000000 max_call_ms=0.000000 calls_per_frame=0.00 window_ms=1000 frames=65 nested=1
2026-09-19 21:44:41.950 performance profile engine operation=find_object avg_ms=0.532789 max_call_ms=0.091900 calls_per_frame=2240.82 window_ms=1000 frames=65 nested=1
2026-09-19 21:44:41.950 performance profile engine operation=script_find avg_ms=0.000000 max_call_ms=0.000000 calls_per_frame=0.00 window_ms=1000 frames=65 nested=1
2026-09-19 21:44:41.950 performance profile engine operation=axis_lookup avg_ms=0.679694 max_call_ms=2.118000 calls_per_frame=43.11 window_ms=1000 frames=65 nested=1
2026-09-19 21:44:41.950 performance profile engine operation=pivot_query avg_ms=0.021898 max_call_ms=0.009600 calls_per_frame=93.00 window_ms=1000 frames=65 nested=1
2026-09-19 21:44:41.950 collision profile window_ms=1000 frames=65 avg_ms body_collection=0.023726 body_solve=0.016528 body_position=0.010278 body_refine=0.001751 body_velocity=0.003448 addon_prepare_query=0.000000 addon_coherent_solve=0.000000 addon_visible_solve=0.000000 room_sphere=0.000000 room_sweep=0.000000 room_single=0.000000
2026-09-19 21:44:41.951 collision profile window_ms=1000 frames=65 max_call_ms body_collection=0.023400 body_solve=0.029100 body_position=0.021000 body_refine=0.001100 body_velocity=0.006500 addon_prepare_query=0.000000 addon_coherent_solve=0.000000 addon_visible_solve=0.000000 room_sphere=0.000000 room_sweep=0.000000 room_single=0.000000
2026-09-19 21:44:41.951 collision profile window_ms=1000 frames=65 calls body_collection=166 body_solve=166 body_position=166 body_refine=166 body_velocity=166 addon_prepare_query=0 addon_coherent_solve=0 addon_visible_solve=0 room_sphere=0 room_sweep=0 room_single=0
2026-09-19 21:44:41.951 collision profile window_ms=1000 frames=65 counts body_contacts=44 body_passes=239 body_jacobians=161 body_predictions=1903 addon_contacts=0 addon_passes=0 addon_gradients=0 room_nodes=0 room_triangles=0
2026-09-19 21:44:42.938 performance profile body-update person=Person02 system=penis update_rate_hz=-1 published_hz=68.2 sample_ms=5000
2026-09-19 21:44:42.939 performance profile window_ms=1000 frames=74 avg_ms total=1.492 housekeeping=0.028 bindings=0.313 diagnostics=0.003 colliders=0.190 axes=0.052 penis=0.294 penis_ownership=0.006 penis_gravity=0.005 penis_collision=0.025 penis_setup=0.010 penis_orientation=0.001 penis_translation=0.003 penis_solver=0.026 testicles=0.056 testicle_active=0.056 breasts=0.256 breasts_active=0.251 butt=0.074 butt_active=0.074 addons=0.216 addon_activation=0.086 addon_drive=0.082 addon_guard=0.000 addon_parent_pivot=0.000 addon_parent_translation=0.002 addon_parent_rotation=0.002 addon_gravity=0.001 addon_rotation_binding=0.000 addon_validation=0.076 addon_solver=0.045 addon_output=0.043 addon_cache=0.010 late=0.007 late_testicles=0.003 late_breasts=0.003 late_butt=0.000 traverse=0.000 addon_collision_body=0.000 addon_collision_self=0.000 addon_collision_addons=0.000 max_ms total=23.489 colliders=0.340 addons=0.969 calls late=74 traverse=0 body_collision=0 self_collision=0 addons_collision=0
2026-09-19 21:44:42.939 performance profile engine operation=symbols avg_ms=0.000000 max_call_ms=0.000000 calls_per_frame=0.00 window_ms=1000 frames=74 nested=1
2026-09-19 21:44:42.939 performance profile engine operation=find_object avg_ms=0.441020 max_call_ms=0.035900 calls_per_frame=1790.51 window_ms=1000 frames=74 nested=1
2026-09-19 21:44:42.939 performance profile engine operation=script_find avg_ms=0.000000 max_call_ms=0.000000 calls_per_frame=0.00 window_ms=1000 frames=74 nested=1
2026-09-19 21:44:42.939 performance profile engine operation=axis_lookup avg_ms=0.559684 max_call_ms=2.083000 calls_per_frame=42.66 window_ms=1000 frames=74 nested=1
2026-09-19 21:44:42.939 performance profile engine operation=pivot_query avg_ms=0.023091 max_call_ms=0.005200 calls_per_frame=93.00 window_ms=1000 frames=74 nested=1
2026-09-19 21:44:42.939 collision profile window_ms=1000 frames=74 avg_ms body_collection=0.022762 body_solve=0.012526 body_position=0.007050 body_refine=0.001654 body_velocity=0.002827 addon_prepare_query=0.000000 addon_coherent_solve=0.000000 addon_visible_solve=0.000000 room_sphere=0.000000 room_sweep=0.000000 room_single=0.000000
2026-09-19 21:44:42.939 collision profile window_ms=1000 frames=74 max_call_ms body_collection=0.037400 body_solve=0.028700 body_position=0.021000 body_refine=0.001300 body_velocity=0.009900 addon_prepare_query=0.000000 addon_coherent_solve=0.000000 addon_visible_solve=0.000000 room_sphere=0.000000 room_sweep=0.000000 room_single=0.000000
2026-09-19 21:44:42.940 collision profile window_ms=1000 frames=74 calls body_collection=168 body_solve=168 body_position=168 body_refine=168 body_velocity=168 addon_prepare_query=0 addon_coherent_solve=0 addon_visible_solve=0 room_sphere=0 room_sweep=0 room_single=0
2026-09-19 21:44:42.940 collision profile window_ms=1000 frames=74 counts body_contacts=43 body_passes=225 body_jacobians=141 body_predictions=1730 addon_contacts=0 addon_passes=0 addon_gradients=0 room_nodes=0 room_triangles=0
2026-09-19 21:44:42.954 performance profile body-update person=Person02 system=testicles update_rate_hz=-1 published_hz=67.6 sample_ms=5000
2026-09-19 21:44:43.936 performance profile window_ms=1000 frames=74 avg_ms total=1.651 housekeeping=0.123 bindings=0.314 diagnostics=0.003 colliders=0.195 axes=0.051 penis=0.307 penis_ownership=0.006 penis_gravity=0.006 penis_collision=0.020 penis_setup=0.010 penis_orientation=0.001 penis_translation=0.003 penis_solver=0.026 testicles=0.070 testicle_active=0.069 breasts=0.257 breasts_active=0.253 butt=0.074 butt_active=0.074 addons=0.248 addon_activation=0.113 addon_drive=0.085 addon_guard=0.001 addon_parent_pivot=0.000 addon_parent_translation=0.003 addon_parent_rotation=0.001 addon_gravity=0.001 addon_rotation_binding=0.000 addon_validation=0.078 addon_solver=0.046 addon_output=0.044 addon_cache=0.009 late=0.007 late_testicles=0.003 late_breasts=0.004 late_butt=0.000 traverse=0.000 addon_collision_body=0.000 addon_collision_self=0.000 addon_collision_addons=0.000 max_ms total=23.284 colliders=0.334 addons=2.103 calls late=74 traverse=0 body_collision=0 self_collision=0 addons_collision=0
2026-09-19 21:44:43.938 performance profile engine operation=symbols avg_ms=0.000000 max_call_ms=0.000000 calls_per_frame=0.00 window_ms=1000 frames=74 nested=1
2026-09-19 21:44:43.938 performance profile engine operation=find_object avg_ms=0.477532 max_call_ms=0.058000 calls_per_frame=1973.88 window_ms=1000 frames=74 nested=1
2026-09-19 21:44:43.938 performance profile engine operation=script_find avg_ms=0.000000 max_call_ms=0.000000 calls_per_frame=0.00 window_ms=1000 frames=74 nested=1
2026-09-19 21:44:43.938 performance profile engine operation=axis_lookup avg_ms=0.607446 max_call_ms=2.022100 calls_per_frame=42.73 window_ms=1000 frames=74 nested=1
2026-09-19 21:44:43.938 performance profile engine operation=pivot_query avg_ms=0.023477 max_call_ms=0.007500 calls_per_frame=93.00 window_ms=1000 frames=74 nested=1
2026-09-19 21:44:43.938 collision profile window_ms=1000 frames=74 avg_ms body_collection=0.021978 body_solve=0.009466 body_position=0.004586 body_refine=0.001611 body_velocity=0.002243 addon_prepare_query=0.000000 addon_coherent_solve=0.000000 addon_visible_solve=0.000000 room_sphere=0.000000 room_sweep=0.000000 room_single=0.000000
2026-09-19 21:44:43.939 collision profile window_ms=1000 frames=74 max_call_ms body_collection=0.040000 body_solve=0.042800 body_position=0.029400 body_refine=0.002300 body_velocity=0.028300 addon_prepare_query=0.000000 addon_coherent_solve=0.000000 addon_visible_solve=0.000000 room_sphere=0.000000 room_sweep=0.000000 room_single=0.000000
2026-09-19 21:44:43.939 collision profile window_ms=1000 frames=74 calls body_collection=162 body_solve=162 body_position=162 body_refine=162 body_velocity=162 addon_prepare_query=0 addon_coherent_solve=0 addon_visible_solve=0 room_sphere=0 room_sweep=0 room_single=0
2026-09-19 21:44:43.939 collision profile window_ms=1000 frames=74 counts body_contacts=34 body_passes=200 body_jacobians=102 body_predictions=1370 addon_contacts=0 addon_passes=0 addon_gradients=0 room_nodes=0 room_triangles=0
2026-09-19 21:44:44.264 performance profile body-update person=Person02 system=breasts update_rate_hz=-1 published_hz=72.4 sample_ms=5000
2026-09-19 21:44:44.264 performance profile body-update person=Person02 system=butt update_rate_hz=-1 published_hz=72.4 sample_ms=5000
2026-09-19 21:44:44.946 performance profile window_ms=1000 frames=78 avg_ms total=1.492 housekeeping=0.029 bindings=0.306 diagnostics=0.003 colliders=0.197 axes=0.049 penis=0.275 penis_ownership=0.007 penis_gravity=0.005 penis_collision=0.021 penis_setup=0.011 penis_orientation=0.001 penis_translation=0.003 penis_solver=0.026 testicles=0.057 testicle_active=0.057 breasts=0.253 breasts_active=0.249 butt=0.075 butt_active=0.075 addons=0.235 addon_activation=0.110 addon_drive=0.081 addon_guard=0.000 addon_parent_pivot=0.000 addon_parent_translation=0.002 addon_parent_rotation=0.001 addon_gravity=0.001 addon_rotation_binding=0.000 addon_validation=0.074 addon_solver=0.042 addon_output=0.040 addon_cache=0.010 late=0.007 late_testicles=0.003 late_breasts=0.003 late_butt=0.000 traverse=0.000 addon_collision_body=0.000 addon_collision_self=0.000 addon_collision_addons=0.000 max_ms total=25.815 colliders=0.398 addons=2.125 calls late=78 traverse=0 body_collision=0 self_collision=0 addons_collision=0
2026-09-19 21:44:44.948 performance profile engine operation=symbols avg_ms=0.000000 max_call_ms=0.000000 calls_per_frame=0.00 window_ms=1000 frames=78 nested=1
2026-09-19 21:44:44.948 performance profile engine operation=find_object avg_ms=0.443238 max_call_ms=0.089500 calls_per_frame=1788.13 window_ms=1000 frames=78 nested=1
2026-09-19 21:44:44.948 performance profile engine operation=script_find avg_ms=0.000000 max_call_ms=0.000000 calls_per_frame=0.00 window_ms=1000 frames=78 nested=1
2026-09-19 21:44:44.948 performance profile engine operation=axis_lookup avg_ms=0.561417 max_call_ms=2.018600 calls_per_frame=42.65 window_ms=1000 frames=78 nested=1
2026-09-19 21:44:44.948 performance profile engine operation=pivot_query avg_ms=0.023328 max_call_ms=0.015700 calls_per_frame=93.00 window_ms=1000 frames=78 nested=1
2026-09-19 21:44:44.949 collision profile window_ms=1000 frames=78 avg_ms body_collection=0.023703 body_solve=0.008764 body_position=0.004144 body_refine=0.001641 body_velocity=0.001951 addon_prepare_query=0.000000 addon_coherent_solve=0.000000 addon_visible_solve=0.000000 room_sphere=0.000000 room_sweep=0.000000 room_single=0.000000
2026-09-19 21:44:44.949 collision profile window_ms=1000 frames=78 max_call_ms body_collection=0.086500 body_solve=0.028600 body_position=0.019600 body_refine=0.001300 body_velocity=0.008100 addon_prepare_query=0.000000 addon_coherent_solve=0.000000 addon_visible_solve=0.000000 room_sphere=0.000000 room_sweep=0.000000 room_single=0.000000
2026-09-19 21:44:44.949 collision profile window_ms=1000 frames=78 calls body_collection=176 body_solve=176 body_position=176 body_refine=176 body_velocity=176 addon_prepare_query=0 addon_coherent_solve=0 addon_visible_solve=0 room_sphere=0 room_sweep=0 room_single=0
2026-09-19 21:44:44.949 collision profile window_ms=1000 frames=78 counts body_contacts=36 body_passes=213 body_jacobians=102 body_predictions=1410 addon_contacts=0 addon_passes=0 addon_gradients=0 room_nodes=0 room_triangles=0
2026-09-19 21:44:45.948 performance profile window_ms=1000 frames=77 avg_ms total=1.513 housekeeping=0.030 bindings=0.298 diagnostics=0.003 colliders=0.189 axes=0.103 penis=0.299 penis_ownership=0.006 penis_gravity=0.005 penis_collision=0.021 penis_setup=0.010 penis_orientation=0.001 penis_translation=0.003 penis_solver=0.026 testicles=0.056 testicle_active=0.055 breasts=0.248 breasts_active=0.244 butt=0.071 butt_active=0.071 addons=0.207 addon_activation=0.082 addon_drive=0.081 addon_guard=0.000 addon_parent_pivot=0.000 addon_parent_translation=0.002 addon_parent_rotation=0.002 addon_gravity=0.001 addon_rotation_binding=0.000 addon_validation=0.075 addon_solver=0.041 addon_output=0.040 addon_cache=0.009 late=0.006 late_testicles=0.003 late_breasts=0.003 late_butt=0.000 traverse=0.000 addon_collision_body=0.000 addon_collision_self=0.000 addon_collision_addons=0.000 max_ms total=26.925 colliders=0.324 addons=0.901 calls late=77 traverse=0 body_collision=0 self_collision=0 addons_collision=0
2026-09-19 21:44:45.948 performance profile engine operation=symbols avg_ms=0.000000 max_call_ms=0.000000 calls_per_frame=0.00 window_ms=1000 frames=77 nested=1
2026-09-19 21:44:45.948 performance profile engine operation=find_object avg_ms=0.486691 max_call_ms=0.236700 calls_per_frame=1986.84 window_ms=1000 frames=77 nested=1
2026-09-19 21:44:45.948 performance profile engine operation=script_find avg_ms=0.000000 max_call_ms=0.000000 calls_per_frame=0.00 window_ms=1000 frames=77 nested=1
2026-09-19 21:44:45.949 performance profile engine operation=axis_lookup avg_ms=0.616138 max_call_ms=2.229600 calls_per_frame=42.62 window_ms=1000 frames=77 nested=1
2026-09-19 21:44:45.949 performance profile engine operation=pivot_query avg_ms=0.022577 max_call_ms=0.003200 calls_per_frame=93.00 window_ms=1000 frames=77 nested=1
2026-09-19 21:44:45.949 collision profile window_ms=1000 frames=77 avg_ms body_collection=0.022404 body_solve=0.008614 body_position=0.004181 body_refine=0.001648 body_velocity=0.001773 addon_prepare_query=0.000000 addon_coherent_solve=0.000000 addon_visible_solve=0.000000 room_sphere=0.000000 room_sweep=0.000000 room_single=0.000000
2026-09-19 21:44:45.950 collision profile window_ms=1000 frames=77 max_call_ms body_collection=0.026900 body_solve=0.026700 body_position=0.021700 body_refine=0.001200 body_velocity=0.008000 addon_prepare_query=0.000000 addon_coherent_solve=0.000000 addon_visible_solve=0.000000 room_sphere=0.000000 room_sweep=0.000000 room_single=0.000000
2026-09-19 21:44:45.950 collision profile window_ms=1000 frames=77 calls body_collection=176 body_solve=176 body_position=176 body_refine=176 body_velocity=176 addon_prepare_query=0 addon_coherent_solve=0 addon_visible_solve=0 room_sphere=0 room_sweep=0 room_single=0
2026-09-19 21:44:45.950 collision profile window_ms=1000 frames=77 counts body_contacts=32 body_passes=213 body_jacobians=99 body_predictions=1387 addon_contacts=0 addon_passes=0 addon_gradients=0 room_nodes=0 room_triangles=0
2026-09-19 21:44:46.946 performance profile window_ms=1000 frames=75 avg_ms total=1.464 housekeeping=0.028 bindings=0.305 diagnostics=0.003 colliders=0.193 axes=0.001 penis=0.307 penis_ownership=0.006 penis_gravity=0.005 penis_collision=0.020 penis_setup=0.009 penis_orientation=0.001 penis_translation=0.003 penis_solver=0.026 testicles=0.056 testicle_active=0.056 breasts=0.258 breasts_active=0.253 butt=0.070 butt_active=0.070 addons=0.233 addon_activation=0.108 addon_drive=0.080 addon_guard=0.000 addon_parent_pivot=0.000 addon_parent_translation=0.002 addon_parent_rotation=0.002 addon_gravity=0.001 addon_rotation_binding=0.000 addon_validation=0.074 addon_solver=0.042 addon_output=0.040 addon_cache=0.009 late=0.007 late_testicles=0.003 late_breasts=0.003 late_butt=0.000 traverse=0.000 addon_collision_body=0.000 addon_collision_self=0.000 addon_collision_addons=0.000 max_ms total=24.695 colliders=0.350 addons=2.013 calls late=75 traverse=0 body_collision=0 self_collision=0 addons_collision=0
2026-09-19 21:44:46.946 performance profile engine operation=symbols avg_ms=0.000000 max_call_ms=0.000000 calls_per_frame=0.00 window_ms=1000 frames=75 nested=1
2026-09-19 21:44:46.948 performance profile engine operation=find_object avg_ms=0.436483 max_call_ms=0.103500 calls_per_frame=1767.32 window_ms=1000 frames=75 nested=1
2026-09-19 21:44:46.948 performance profile engine operation=script_find avg_ms=0.000000 max_call_ms=0.000000 calls_per_frame=0.00 window_ms=1000 frames=75 nested=1
2026-09-19 21:44:46.949 performance profile engine operation=axis_lookup avg_ms=0.555711 max_call_ms=2.075700 calls_per_frame=42.69 window_ms=1000 frames=75 nested=1
2026-09-19 21:44:46.949 performance profile engine operation=pivot_query avg_ms=0.023096 max_call_ms=0.006100 calls_per_frame=93.00 window_ms=1000 frames=75 nested=1
2026-09-19 21:44:46.949 collision profile window_ms=1000 frames=75 avg_ms body_collection=0.021977 body_solve=0.009109 body_position=0.004428 body_refine=0.001632 body_velocity=0.001995 addon_prepare_query=0.000000 addon_coherent_solve=0.000000 addon_visible_solve=0.000000 room_sphere=0.000000 room_sweep=0.000000 room_single=0.000000
2026-09-19 21:44:46.949 collision profile window_ms=1000 frames=75 max_call_ms body_collection=0.043600 body_solve=0.023300 body_position=0.014300 body_refine=0.001800 body_velocity=0.008100 addon_prepare_query=0.000000 addon_coherent_solve=0.000000 addon_visible_solve=0.000000 room_sphere=0.000000 room_sweep=0.000000 room_single=0.000000
2026-09-19 21:44:46.949 collision profile window_ms=1000 frames=75 calls body_collection=168 body_solve=168 body_position=168 body_refine=168 body_velocity=168 addon_prepare_query=0 addon_coherent_solve=0 addon_visible_solve=0 room_sphere=0 room_sweep=0 room_single=0
2026-09-19 21:44:46.949 collision profile window_ms=1000 frames=75 counts body_contacts=35 body_passes=209 body_jacobians=106 body_predictions=1423 addon_contacts=0 addon_passes=0 addon_gradients=0 room_nodes=0 room_triangles=0
2026-09-19 21:44:47.946 performance profile body-update person=Person02 system=penis update_rate_hz=-1 published_hz=75.6 sample_ms=5000
2026-09-19 21:44:47.950 performance profile window_ms=1000 frames=74 avg_ms total=1.658 housekeeping=0.118 bindings=0.323 diagnostics=0.003 colliders=0.189 axes=0.106 penis=0.313 penis_ownership=0.006 penis_gravity=0.005 penis_collision=0.021 penis_setup=0.010 penis_orientation=0.001 penis_translation=0.003 penis_solver=0.028 testicles=0.056 testicle_active=0.055 breasts=0.231 breasts_active=0.227 butt=0.070 butt_active=0.070 addons=0.238 addon_activation=0.111 addon_drive=0.082 addon_guard=0.000 addon_parent_pivot=0.000 addon_parent_translation=0.002 addon_parent_rotation=0.001 addon_gravity=0.001 addon_rotation_binding=0.000 addon_validation=0.076 addon_solver=0.042 addon_output=0.040 addon_cache=0.009 late=0.007 late_testicles=0.003 late_breasts=0.003 late_butt=0.000 traverse=0.000 addon_collision_body=0.000 addon_collision_self=0.000 addon_collision_addons=0.000 max_ms total=26.366 colliders=0.313 addons=2.066 calls late=74 traverse=0 body_collision=0 self_collision=0 addons_collision=0
2026-09-19 21:44:47.950 performance profile engine operation=symbols avg_ms=0.000000 max_call_ms=0.000000 calls_per_frame=0.00 window_ms=1000 frames=74 nested=1
2026-09-19 21:44:47.950 performance profile engine operation=find_object avg_ms=0.497561 max_call_ms=0.079600 calls_per_frame=2065.53 window_ms=1000 frames=74 nested=1
2026-09-19 21:44:47.950 performance profile engine operation=script_find avg_ms=0.000000 max_call_ms=0.000000 calls_per_frame=0.00 window_ms=1000 frames=74 nested=1
2026-09-19 21:44:47.950 performance profile engine operation=axis_lookup avg_ms=0.632576 max_call_ms=2.124200 calls_per_frame=42.73 window_ms=1000 frames=74 nested=1
2026-09-19 21:44:47.950 performance profile engine operation=pivot_query avg_ms=0.022224 max_call_ms=0.016700 calls_per_frame=93.00 window_ms=1000 frames=74 nested=1
2026-09-19 21:44:47.950 collision profile window_ms=1000 frames=74 avg_ms body_collection=0.022627 body_solve=0.009000 body_position=0.004230 body_refine=0.001691 body_velocity=0.002046 addon_prepare_query=0.000000 addon_coherent_solve=0.000000 addon_visible_solve=0.000000 room_sphere=0.000000 room_sweep=0.000000 room_single=0.000000
2026-09-19 21:44:47.951 collision profile window_ms=1000 frames=74 max_call_ms body_collection=0.035900 body_solve=0.025000 body_position=0.016100 body_refine=0.001300 body_velocity=0.008500 addon_prepare_query=0.000000 addon_coherent_solve=0.000000 addon_visible_solve=0.000000 room_sphere=0.000000 room_sweep=0.000000 room_single=0.000000
2026-09-19 21:44:47.951 collision profile window_ms=1000 frames=74 calls body_collection=174 body_solve=174 body_position=174 body_refine=174 body_velocity=174 addon_prepare_query=0 addon_coherent_solve=0 addon_visible_solve=0 room_sphere=0 room_sweep=0 room_single=0
2026-09-19 21:44:47.951 collision profile window_ms=1000 frames=74 counts body_contacts=36 body_passes=212 body_jacobians=103 body_predictions=1413 addon_contacts=0 addon_passes=0 addon_gradients=0 room_nodes=0 room_triangles=0
2026-09-19 21:44:47.969 performance profile body-update person=Person02 system=testicles update_rate_hz=-1 published_hz=75.4 sample_ms=5015
2026-09-19 21:44:48.935 performance profile window_ms=1000 frames=76 avg_ms total=1.472 housekeeping=0.030 bindings=0.305 diagnostics=0.003 colliders=0.195 axes=0.050 penis=0.306 penis_ownership=0.006 penis_gravity=0.006 penis_collision=0.020 penis_setup=0.009 penis_orientation=0.001 penis_translation=0.003 penis_solver=0.028 testicles=0.062 testicle_active=0.061 breasts=0.225 breasts_active=0.221 butt=0.072 butt_active=0.072 addons=0.213 addon_activation=0.084 addon_drive=0.082 addon_guard=0.000 addon_parent_pivot=0.000 addon_parent_translation=0.002 addon_parent_rotation=0.001 addon_gravity=0.001 addon_rotation_binding=0.000 addon_validation=0.076 addon_solver=0.044 addon_output=0.042 addon_cache=0.009 late=0.007 late_testicles=0.003 late_breasts=0.004 late_butt=0.000 traverse=0.000 addon_collision_body=0.000 addon_collision_self=0.000 addon_collision_addons=0.000 max_ms total=23.312 colliders=0.336 addons=1.044 calls late=76 traverse=0 body_collision=0 self_collision=0 addons_collision=0
2026-09-19 21:44:48.936 performance profile engine operation=symbols avg_ms=0.000000 max_call_ms=0.000000 calls_per_frame=0.00 window_ms=1000 frames=76 nested=1
2026-09-19 21:44:48.936 performance profile engine operation=find_object avg_ms=0.430867 max_call_ms=0.038500 calls_per_frame=1744.58 window_ms=1000 frames=76 nested=1
2026-09-19 21:44:48.936 performance profile engine operation=script_find avg_ms=0.000000 max_call_ms=0.000000 calls_per_frame=0.00 window_ms=1000 frames=76 nested=1
2026-09-19 21:44:48.936 performance profile engine operation=axis_lookup avg_ms=0.547661 max_call_ms=2.145400 calls_per_frame=42.57 window_ms=1000 frames=76 nested=1
2026-09-19 21:44:48.936 performance profile engine operation=pivot_query avg_ms=0.023618 max_call_ms=0.034200 calls_per_frame=93.00 window_ms=1000 frames=76 nested=1
2026-09-19 21:44:48.936 collision profile window_ms=1000 frames=76 avg_ms body_collection=0.022229 body_solve=0.008609 body_position=0.004020 body_refine=0.001639 body_velocity=0.001880 addon_prepare_query=0.000000 addon_coherent_solve=0.000000 addon_visible_solve=0.000000 room_sphere=0.000000 room_sweep=0.000000 room_single=0.000000
2026-09-19 21:44:48.936 collision profile window_ms=1000 frames=76 max_call_ms body_collection=0.022900 body_solve=0.023100 body_position=0.013800 body_refine=0.001300 body_velocity=0.008200 addon_prepare_query=0.000000 addon_coherent_solve=0.000000 addon_visible_solve=0.000000 room_sphere=0.000000 room_sweep=0.000000 room_single=0.000000
2026-09-19 21:44:48.936 collision profile window_ms=1000 frames=76 calls body_collection=174 body_solve=174 body_position=174 body_refine=174 body_velocity=174 addon_prepare_query=0 addon_coherent_solve=0 addon_visible_solve=0 room_sphere=0 room_sweep=0 room_single=0
2026-09-19 21:44:48.938 collision profile window_ms=1000 frames=76 counts body_contacts=34 body_passes=211 body_jacobians=100 body_predictions=1388 addon_contacts=0 addon_passes=0 addon_gradients=0 room_nodes=0 room_triangles=0
2026-09-19 21:44:49.265 performance profile body-update person=Person02 system=breasts update_rate_hz=-1 published_hz=76.2 sample_ms=5000
2026-09-19 21:44:49.266 performance profile body-update person=Person02 system=butt update_rate_hz=-1 published_hz=76.2 sample_ms=5000
2026-09-19 21:44:49.945 performance profile window_ms=1000 frames=79 avg_ms total=1.471 housekeeping=0.029 bindings=0.292 diagnostics=0.003 colliders=0.193 axes=0.047 penis=0.288 penis_ownership=0.006 penis_gravity=0.005 penis_collision=0.020 penis_setup=0.010 penis_orientation=0.001 penis_translation=0.003 penis_solver=0.025 testicles=0.055 testicle_active=0.055 breasts=0.249 breasts_active=0.244 butt=0.075 butt_active=0.075 addons=0.228 addon_activation=0.105 addon_drive=0.081 addon_guard=0.000 addon_parent_pivot=0.000 addon_parent_translation=0.002 addon_parent_rotation=0.002 addon_gravity=0.001 addon_rotation_binding=0.000 addon_validation=0.075 addon_solver=0.040 addon_output=0.038 addon_cache=0.010 late=0.007 late_testicles=0.003 late_breasts=0.003 late_butt=0.000 traverse=0.000 addon_collision_body=0.000 addon_collision_self=0.000 addon_collision_addons=0.000 max_ms total=24.806 colliders=0.312 addons=2.031 calls late=79 traverse=0 body_collision=0 self_collision=0 addons_collision=0
2026-09-19 21:44:49.945 performance profile engine operation=symbols avg_ms=0.000000 max_call_ms=0.000000 calls_per_frame=0.00 window_ms=1000 frames=79 nested=1
2026-09-19 21:44:49.945 performance profile engine operation=find_object avg_ms=0.449653 max_call_ms=0.050500 calls_per_frame=1851.97 window_ms=1000 frames=79 nested=1
2026-09-19 21:44:49.946 performance profile engine operation=script_find avg_ms=0.000000 max_call_ms=0.000000 calls_per_frame=0.00 window_ms=1000 frames=79 nested=1
2026-09-19 21:44:49.946 performance profile engine operation=axis_lookup avg_ms=0.568134 max_call_ms=1.980400 calls_per_frame=42.67 window_ms=1000 frames=79 nested=1
2026-09-19 21:44:49.946 performance profile engine operation=pivot_query avg_ms=0.023341 max_call_ms=0.008400 calls_per_frame=93.00 window_ms=1000 frames=79 nested=1
2026-09-19 21:44:49.946 collision profile window_ms=1000 frames=79 avg_ms body_collection=0.021175 body_solve=0.008546 body_position=0.004172 body_refine=0.001554 body_velocity=0.001871 addon_prepare_query=0.000000 addon_coherent_solve=0.000000 addon_visible_solve=0.000000 room_sphere=0.000000 room_sweep=0.000000 room_single=0.000000
2026-09-19 21:44:49.946 collision profile window_ms=1000 frames=79 max_call_ms body_collection=0.027800 body_solve=0.023100 body_position=0.014200 body_refine=0.001200 body_velocity=0.008100 addon_prepare_query=0.000000 addon_coherent_solve=0.000000 addon_visible_solve=0.000000 room_sphere=0.000000 room_sweep=0.000000 room_single=0.000000
2026-09-19 21:44:49.947 collision profile window_ms=1000 frames=79 calls body_collection=168 body_solve=168 body_position=168 body_refine=168 body_velocity=168 addon_prepare_query=0 addon_coherent_solve=0 addon_visible_solve=0 room_sphere=0 room_sweep=0 room_single=0
2026-09-19 21:44:49.947 collision profile window_ms=1000 frames=79 counts body_contacts=35 body_passes=210 body_jacobians=106 body_predictions=1423 addon_contacts=0 addon_passes=0 addon_gradients=0 room_nodes=0 room_triangles=0
2026-09-19 21:44:50.938 performance profile window_ms=1000 frames=78 avg_ms total=1.492 housekeeping=0.030 bindings=0.300 diagnostics=0.003 colliders=0.202 axes=0.050 penis=0.314 penis_ownership=0.006 penis_gravity=0.006 penis_collision=0.021 penis_setup=0.010 penis_orientation=0.001 penis_translation=0.003 penis_solver=0.026 testicles=0.057 testicle_active=0.056 breasts=0.247 breasts_active=0.243 butt=0.074 butt_active=0.073 addons=0.207 addon_activation=0.082 addon_drive=0.079 addon_guard=0.000 addon_parent_pivot=0.000 addon_parent_translation=0.002 addon_parent_rotation=0.002 addon_gravity=0.001 addon_rotation_binding=0.000 addon_validation=0.073 addon_solver=0.043 addon_output=0.041 addon_cache=0.010 late=0.007 late_testicles=0.003 late_breasts=0.003 late_butt=0.000 traverse=0.000 addon_collision_body=0.000 addon_collision_self=0.000 addon_collision_addons=0.000 max_ms total=23.257 colliders=0.531 addons=0.960 calls late=78 traverse=0 body_collision=0 self_collision=0 addons_collision=0
2026-09-19 21:44:50.939 performance profile engine operation=symbols avg_ms=0.000000 max_call_ms=0.000000 calls_per_frame=0.00 window_ms=1000 frames=78 nested=1
2026-09-19 21:44:50.939 performance profile engine operation=find_object avg_ms=0.455854 max_call_ms=0.041400 calls_per_frame=1788.03 window_ms=1000 frames=78 nested=1
2026-09-19 21:44:50.939 performance profile engine operation=script_find avg_ms=0.000000 max_call_ms=0.000000 calls_per_frame=0.00 window_ms=1000 frames=78 nested=1
2026-09-19 21:44:50.939 performance profile engine operation=axis_lookup avg_ms=0.576294 max_call_ms=2.796200 calls_per_frame=42.55 window_ms=1000 frames=78 nested=1
2026-09-19 21:44:50.939 performance profile engine operation=pivot_query avg_ms=0.023914 max_call_ms=0.006400 calls_per_frame=93.00 window_ms=1000 frames=78 nested=1
2026-09-19 21:44:50.939 collision profile window_ms=1000 frames=78 avg_ms body_collection=0.022613 body_solve=0.008921 body_position=0.004368 body_refine=0.001609 body_velocity=0.001903 addon_prepare_query=0.000000 addon_coherent_solve=0.000000 addon_visible_solve=0.000000 room_sphere=0.000000 room_sweep=0.000000 room_single=0.000000
2026-09-19 21:44:50.940 collision profile window_ms=1000 frames=78 max_call_ms body_collection=0.028900 body_solve=0.028300 body_position=0.020400 body_refine=0.001500 body_velocity=0.008200 addon_prepare_query=0.000000 addon_coherent_solve=0.000000 addon_visible_solve=0.000000 room_sphere=0.000000 room_sweep=0.000000 room_single=0.000000
2026-09-19 21:44:50.940 collision profile window_ms=1000 frames=78 calls body_collection=174 body_solve=174 body_position=174 body_refine=174 body_velocity=174 addon_prepare_query=0 addon_coherent_solve=0 addon_visible_solve=0 room_sphere=0 room_sweep=0 room_single=0
2026-09-19 21:44:50.940 collision profile window_ms=1000 frames=78 counts body_contacts=35 body_passes=216 body_jacobians=107 body_predictions=1450 addon_contacts=0 addon_passes=0 addon_gradients=0 room_nodes=0 room_triangles=0
2026-09-19 21:44:51.940 performance profile window_ms=1000 frames=80 avg_ms total=1.397 housekeeping=0.027 bindings=0.293 diagnostics=0.003 colliders=0.189 axes=0.050 penis=0.263 penis_ownership=0.006 penis_gravity=0.005 penis_collision=0.020 penis_setup=0.009 penis_orientation=0.001 penis_translation=0.003 penis_solver=0.025 testicles=0.054 testicle_active=0.053 breasts=0.238 breasts_active=0.234 butt=0.069 butt_active=0.069 addons=0.202 addon_activation=0.080 addon_drive=0.079 addon_guard=0.000 addon_parent_pivot=0.000 addon_parent_translation=0.002 addon_parent_rotation=0.001 addon_gravity=0.001 addon_rotation_binding=0.000 addon_validation=0.073 addon_solver=0.041 addon_output=0.039 addon_cache=0.009 late=0.007 late_testicles=0.003 late_breasts=0.003 late_butt=0.000 traverse=0.000 addon_collision_body=0.000 addon_collision_self=0.000 addon_collision_addons=0.000 max_ms total=23.635 colliders=0.304 addons=1.149 calls late=80 traverse=0 body_collision=0 self_collision=0 addons_collision=0
2026-09-19 21:44:51.940 performance profile engine operation=symbols avg_ms=0.000000 max_call_ms=0.000000 calls_per_frame=0.00 window_ms=1000 frames=80 nested=1
2026-09-19 21:44:51.940 performance profile engine operation=find_object avg_ms=0.408005 max_call_ms=0.024300 calls_per_frame=1659.74 window_ms=1000 frames=80 nested=1
2026-09-19 21:44:51.940 performance profile engine operation=script_find avg_ms=0.000000 max_call_ms=0.000000 calls_per_frame=0.00 window_ms=1000 frames=80 nested=1
2026-09-19 21:44:51.940 performance profile engine operation=axis_lookup avg_ms=0.517119 max_call_ms=2.048500 calls_per_frame=42.52 window_ms=1000 frames=80 nested=1
2026-09-19 21:44:51.941 performance profile engine operation=pivot_query avg_ms=0.022126 max_call_ms=0.003100 calls_per_frame=93.00 window_ms=1000 frames=80 nested=1
2026-09-19 21:44:51.941 collision profile window_ms=1000 frames=80 avg_ms body_collection=0.021289 body_solve=0.008099 body_position=0.003829 body_refine=0.001597 body_velocity=0.001676 addon_prepare_query=0.000000 addon_coherent_solve=0.000000 addon_visible_solve=0.000000 room_sphere=0.000000 room_sweep=0.000000 room_single=0.000000
2026-09-19 21:44:51.941 collision profile window_ms=1000 frames=80 max_call_ms body_collection=0.023700 body_solve=0.022500 body_position=0.013900 body_refine=0.001300 body_velocity=0.007700 addon_prepare_query=0.000000 addon_coherent_solve=0.000000 addon_visible_solve=0.000000 room_sphere=0.000000 room_sweep=0.000000 room_single=0.000000
2026-09-19 21:44:51.941 collision profile window_ms=1000 frames=80 calls body_collection=178 body_solve=178 body_position=178 body_refine=178 body_velocity=178 addon_prepare_query=0 addon_coherent_solve=0 addon_visible_solve=0 room_sphere=0 room_sweep=0 room_single=0
2026-09-19 21:44:51.941 collision profile window_ms=1000 frames=80 counts body_contacts=31 body_passes=214 body_jacobians=97 body_predictions=1376 addon_contacts=0 addon_passes=0 addon_gradients=0 room_nodes=0 room_triangles=0
2026-09-19 21:44:52.946 performance profile body-update person=Person02 system=penis update_rate_hz=-1 published_hz=81.2 sample_ms=5000
2026-09-19 21:44:52.946 performance profile window_ms=1000 frames=93 avg_ms total=1.339 housekeeping=0.023 bindings=0.245 diagnostics=0.003 colliders=0.187 axes=0.081 penis=0.265 penis_ownership=0.006 penis_gravity=0.006 penis_collision=0.020 penis_setup=0.010 penis_orientation=0.001 penis_translation=0.003 penis_solver=0.026 testicles=0.056 testicle_active=0.055 breasts=0.212 breasts_active=0.207 butt=0.075 butt_active=0.075 addons=0.183 addon_activation=0.071 addon_drive=0.071 addon_guard=0.000 addon_parent_pivot=0.000 addon_parent_translation=0.001 addon_parent_rotation=0.001 addon_gravity=0.001 addon_rotation_binding=0.000 addon_validation=0.066 addon_solver=0.039 addon_output=0.037 addon_cache=0.010 late=0.007 late_testicles=0.003 late_breasts=0.003 late_butt=0.000 traverse=0.000 addon_collision_body=0.000 addon_collision_self=0.000 addon_collision_addons=0.000 max_ms total=26.905 colliders=0.379 addons=1.274 calls late=93 traverse=0 body_collision=0 self_collision=0 addons_collision=0
2026-09-19 21:44:52.946 performance profile engine operation=symbols avg_ms=0.000000 max_call_ms=0.000000 calls_per_frame=0.00 window_ms=1000 frames=93 nested=1
2026-09-19 21:44:52.946 performance profile engine operation=find_object avg_ms=0.416014 max_call_ms=0.037100 calls_per_frame=1653.00 window_ms=1000 frames=93 nested=1
2026-09-19 21:44:52.946 performance profile engine operation=script_find avg_ms=0.000000 max_call_ms=0.000000 calls_per_frame=0.00 window_ms=1000 frames=93 nested=1
2026-09-19 21:44:52.946 performance profile engine operation=axis_lookup avg_ms=0.524123 max_call_ms=2.232700 calls_per_frame=42.24 window_ms=1000 frames=93 nested=1
2026-09-19 21:44:52.948 performance profile engine operation=pivot_query avg_ms=0.016703 max_call_ms=0.003900 calls_per_frame=93.00 window_ms=1000 frames=93 nested=1
2026-09-19 21:44:52.948 collision profile window_ms=1000 frames=93 avg_ms body_collection=0.021949 body_solve=0.007631 body_position=0.003532 body_refine=0.001583 body_velocity=0.001483 addon_prepare_query=0.000000 addon_coherent_solve=0.000000 addon_visible_solve=0.000000 room_sphere=0.000000 room_sweep=0.000000 room_single=0.000000
2026-09-19 21:44:52.948 collision profile window_ms=1000 frames=93 max_call_ms body_collection=0.033200 body_solve=0.028500 body_position=0.023400 body_refine=0.001500 body_velocity=0.008100 addon_prepare_query=0.000000 addon_coherent_solve=0.000000 addon_visible_solve=0.000000 room_sphere=0.000000 room_sweep=0.000000 room_single=0.000000
2026-09-19 21:44:52.948 collision profile window_ms=1000 frames=93 calls body_collection=198 body_solve=198 body_position=198 body_refine=198 body_velocity=198 addon_prepare_query=0 addon_coherent_solve=0 addon_visible_solve=0 room_sphere=0 room_sweep=0 room_single=0
2026-09-19 21:44:52.948 collision profile window_ms=1000 frames=93 counts body_contacts=32 body_passes=236 body_jacobians=99 body_predictions=1453 addon_contacts=0 addon_passes=0 addon_gradients=0 room_nodes=0 room_triangles=0
2026-09-19 21:44:52.962 performance profile body-update person=Person02 system=testicles update_rate_hz=-1 published_hz=81.2 sample_ms=5000
2026-09-19 21:44:53.943 performance profile window_ms=1000 frames=100 avg_ms total=1.168 housekeeping=0.022 bindings=0.240 diagnostics=0.003 colliders=0.173 axes=0.001 penis=0.241 penis_ownership=0.006 penis_gravity=0.006 penis_collision=0.019 penis_setup=0.010 penis_orientation=0.001 penis_translation=0.003 penis_solver=0.025 testicles=0.056 testicle_active=0.056 breasts=0.194 breasts_active=0.189 butt=0.069 butt_active=0.069 addons=0.158 addon_activation=0.063 addon_drive=0.061 addon_guard=0.000 addon_parent_pivot=0.000 addon_parent_translation=0.001 addon_parent_rotation=0.001 addon_gravity=0.001 addon_rotation_binding=0.000 addon_validation=0.057 addon_solver=0.032 addon_output=0.030 addon_cache=0.009 late=0.006 late_testicles=0.003 late_breasts=0.003 late_butt=0.000 traverse=0.000 addon_collision_body=0.000 addon_collision_self=0.000 addon_collision_addons=0.000 max_ms total=24.285 colliders=0.310 addons=1.018 calls late=100 traverse=0 body_collision=0 self_collision=0 addons_collision=0
2026-09-19 21:44:53.943 performance profile engine operation=symbols avg_ms=0.000000 max_call_ms=0.000000 calls_per_frame=0.00 window_ms=1000 frames=100 nested=1
2026-09-19 21:44:53.943 performance profile engine operation=find_object avg_ms=0.328445 max_call_ms=0.018600 calls_per_frame=1269.13 window_ms=1000 frames=100 nested=1
2026-09-19 21:44:53.944 performance profile engine operation=script_find avg_ms=0.000000 max_call_ms=0.000000 calls_per_frame=0.00 window_ms=1000 frames=100 nested=1
2026-09-19 21:44:53.944 performance profile engine operation=axis_lookup avg_ms=0.408476 max_call_ms=2.008900 calls_per_frame=41.98 window_ms=1000 frames=100 nested=1
2026-09-19 21:44:53.944 performance profile engine operation=pivot_query avg_ms=0.012745 max_call_ms=0.007700 calls_per_frame=93.00 window_ms=1000 frames=100 nested=1
2026-09-19 21:44:53.944 collision profile window_ms=1000 frames=100 avg_ms body_collection=0.020244 body_solve=0.006731 body_position=0.002911 body_refine=0.001531 body_velocity=0.001389 addon_prepare_query=0.000000 addon_coherent_solve=0.000000 addon_visible_solve=0.000000 room_sphere=0.000000 room_sweep=0.000000 room_single=0.000000
2026-09-19 21:44:53.944 collision profile window_ms=1000 frames=100 max_call_ms body_collection=0.022900 body_solve=0.023200 body_position=0.014100 body_refine=0.001500 body_velocity=0.008100 addon_prepare_query=0.000000 addon_coherent_solve=0.000000 addon_visible_solve=0.000000 room_sphere=0.000000 room_sweep=0.000000 room_single=0.000000
2026-09-19 21:44:53.944 collision profile window_ms=1000 frames=100 calls body_collection=206 body_solve=206 body_position=206 body_refine=206 body_velocity=206 addon_prepare_query=0 addon_coherent_solve=0 addon_visible_solve=0 room_sphere=0 room_sweep=0 room_single=0
2026-09-19 21:44:53.945 collision profile window_ms=1000 frames=100 counts body_contacts=32 body_passes=239 body_jacobians=95 body_predictions=1441 addon_contacts=0 addon_passes=0 addon_gradients=0 room_nodes=0 room_triangles=0
2026-09-19 21:44:54.259 performance profile body-update person=Person02 system=breasts update_rate_hz=-1 published_hz=86.6 sample_ms=5000
2026-09-19 21:44:54.259 performance profile body-update person=Person02 system=butt update_rate_hz=-1 published_hz=86.6 sample_ms=5000
2026-09-19 21:44:54.935 performance profile window_ms=1000 frames=82 avg_ms total=1.430 housekeeping=0.024 bindings=0.279 diagnostics=0.003 colliders=0.182 axes=0.095 penis=0.279 penis_ownership=0.006 penis_gravity=0.005 penis_collision=0.019 penis_setup=0.010 penis_orientation=0.001 penis_translation=0.003 penis_solver=0.025 testicles=0.055 testicle_active=0.054 breasts=0.237 breasts_active=0.233 butt=0.072 butt_active=0.072 addons=0.194 addon_activation=0.077 addon_drive=0.076 addon_guard=0.000 addon_parent_pivot=0.000 addon_parent_translation=0.001 addon_parent_rotation=0.001 addon_gravity=0.001 addon_rotation_binding=0.000 addon_validation=0.071 addon_solver=0.038 addon_output=0.037 addon_cache=0.009 late=0.007 late_testicles=0.003 late_breasts=0.003 late_butt=0.000 traverse=0.000 addon_collision_body=0.000 addon_collision_self=0.000 addon_collision_addons=0.000 max_ms total=23.027 colliders=0.311 addons=0.997 calls late=82 traverse=0 body_collision=0 self_collision=0 addons_collision=0
2026-09-19 21:44:54.936 performance profile engine operation=symbols avg_ms=0.000000 max_call_ms=0.000000 calls_per_frame=0.00 window_ms=1000 frames=82 nested=1
2026-09-19 21:44:54.936 performance profile engine operation=find_object avg_ms=0.452927 max_call_ms=0.039000 calls_per_frame=1868.55 window_ms=1000 frames=82 nested=1
2026-09-19 21:44:54.936 performance profile engine operation=script_find avg_ms=0.000000 max_call_ms=0.000000 calls_per_frame=0.00 window_ms=1000 frames=82 nested=1
2026-09-19 21:44:54.936 performance profile engine operation=axis_lookup avg_ms=0.574709 max_call_ms=2.029900 calls_per_frame=42.51 window_ms=1000 frames=82 nested=1
2026-09-19 21:44:54.937 performance profile engine operation=pivot_query avg_ms=0.019893 max_call_ms=0.005200 calls_per_frame=93.00 window_ms=1000 frames=82 nested=1
2026-09-19 21:44:54.937 collision profile window_ms=1000 frames=82 avg_ms body_collection=0.020767 body_solve=0.008165 body_position=0.003902 body_refine=0.001554 body_velocity=0.001702 addon_prepare_query=0.000000 addon_coherent_solve=0.000000 addon_visible_solve=0.000000 room_sphere=0.000000 room_sweep=0.000000 room_single=0.000000
2026-09-19 21:44:54.937 collision profile window_ms=1000 frames=82 max_call_ms body_collection=0.024700 body_solve=0.022900 body_position=0.013900 body_refine=0.001200 body_velocity=0.008200 addon_prepare_query=0.000000 addon_coherent_solve=0.000000 addon_visible_solve=0.000000 room_sphere=0.000000 room_sweep=0.000000 room_single=0.000000
2026-09-19 21:44:54.937 collision profile window_ms=1000 frames=82 calls body_collection=178 body_solve=178 body_position=178 body_refine=178 body_velocity=178 addon_prepare_query=0 addon_coherent_solve=0 addon_visible_solve=0 room_sphere=0 room_sweep=0 room_single=0
2026-09-19 21:44:54.937 collision profile window_ms=1000 frames=82 counts body_contacts=33 body_passes=218 body_jacobians=103 body_predictions=1428 addon_contacts=0 addon_passes=0 addon_gradients=0 room_nodes=0 room_triangles=0
2026-09-19 21:44:55.942 performance profile window_ms=1000 frames=80 avg_ms total=1.406 housekeeping=0.027 bindings=0.284 diagnostics=0.003 colliders=0.187 axes=0.001 penis=0.290 penis_ownership=0.006 penis_gravity=0.005 penis_collision=0.020 penis_setup=0.010 penis_orientation=0.001 penis_translation=0.003 penis_solver=0.026 testicles=0.055 testicle_active=0.054 breasts=0.239 breasts_active=0.234 butt=0.072 butt_active=0.071 addons=0.240 addon_activation=0.107 addon_drive=0.088 addon_guard=0.000 addon_parent_pivot=0.000 addon_parent_translation=0.002 addon_parent_rotation=0.002 addon_gravity=0.001 addon_rotation_binding=0.000 addon_validation=0.082 addon_solver=0.043 addon_output=0.041 addon_cache=0.009 late=0.007 late_testicles=0.003 late_breasts=0.003 late_butt=0.000 traverse=0.000 addon_collision_body=0.000 addon_collision_self=0.000 addon_collision_addons=0.000 max_ms total=22.627 colliders=0.317 addons=2.086 calls late=80 traverse=0 body_collision=0 self_collision=0 addons_collision=0
2026-09-19 21:44:55.942 performance profile engine operation=symbols avg_ms=0.000000 max_call_ms=0.000000 calls_per_frame=0.00 window_ms=1000 frames=80 nested=1
2026-09-19 21:44:55.942 performance profile engine operation=find_object avg_ms=0.410624 max_call_ms=0.037500 calls_per_frame=1659.74 window_ms=1000 frames=80 nested=1
2026-09-19 21:44:55.942 performance profile engine operation=script_find avg_ms=0.000000 max_call_ms=0.000000 calls_per_frame=0.00 window_ms=1000 frames=80 nested=1
2026-09-19 21:44:55.942 performance profile engine operation=axis_lookup avg_ms=0.518925 max_call_ms=2.024200 calls_per_frame=42.52 window_ms=1000 frames=80 nested=1
2026-09-19 21:44:55.942 performance profile engine operation=pivot_query avg_ms=0.022461 max_call_ms=0.018000 calls_per_frame=93.00 window_ms=1000 frames=80 nested=1
2026-09-19 21:44:55.943 collision profile window_ms=1000 frames=80 avg_ms body_collection=0.021830 body_solve=0.007964 body_position=0.003680 body_refine=0.001626 body_velocity=0.001655 addon_prepare_query=0.000000 addon_coherent_solve=0.000000 addon_visible_solve=0.000000 room_sphere=0.000000 room_sweep=0.000000 room_single=0.000000
2026-09-19 21:44:55.943 collision profile window_ms=1000 frames=80 max_call_ms body_collection=0.027100 body_solve=0.022000 body_position=0.013500 body_refine=0.001400 body_velocity=0.007900 addon_prepare_query=0.000000 addon_coherent_solve=0.000000 addon_visible_solve=0.000000 room_sphere=0.000000 room_sweep=0.000000 room_single=0.000000
2026-09-19 21:44:55.943 collision profile window_ms=1000 frames=80 calls body_collection=178 body_solve=178 body_position=178 body_refine=178 body_velocity=178 addon_prepare_query=0 addon_coherent_solve=0 addon_visible_solve=0 room_sphere=0 room_sweep=0 room_single=0
2026-09-19 21:44:55.943 collision profile window_ms=1000 frames=80 counts body_contacts=31 body_passes=212 body_jacobians=95 body_predictions=1358 addon_contacts=0 addon_passes=0 addon_gradients=0 room_nodes=0 room_triangles=0
2026-09-19 21:44:56.935 performance profile window_ms=1000 frames=85 avg_ms total=1.622 housekeeping=0.128 bindings=0.276 diagnostics=0.003 colliders=0.215 axes=0.090 penis=0.331 penis_ownership=0.009 penis_gravity=0.006 penis_collision=0.066 penis_setup=0.013 penis_orientation=0.001 penis_translation=0.004 penis_solver=0.028 testicles=0.058 testicle_active=0.057 breasts=0.228 breasts_active=0.223 butt=0.078 butt_active=0.078 addons=0.202 addon_activation=0.083 addon_drive=0.074 addon_guard=0.000 addon_parent_pivot=0.000 addon_parent_translation=0.002 addon_parent_rotation=0.002 addon_gravity=0.001 addon_rotation_binding=0.000 addon_validation=0.068 addon_solver=0.043 addon_output=0.041 addon_cache=0.011 late=0.007 late_testicles=0.003 late_breasts=0.003 late_butt=0.000 traverse=0.000 addon_collision_body=0.000 addon_collision_self=0.000 addon_collision_addons=0.000 max_ms total=23.799 colliders=0.461 addons=1.079 calls late=85 traverse=0 body_collision=0 self_collision=0 addons_collision=0
2026-09-19 21:44:56.936 performance profile engine operation=symbols avg_ms=0.000000 max_call_ms=0.000000 calls_per_frame=0.00 window_ms=1000 frames=85 nested=1
2026-09-19 21:44:56.936 performance profile engine operation=find_object avg_ms=0.446215 max_call_ms=0.073800 calls_per_frame=1804.22 window_ms=1000 frames=85 nested=1
2026-09-19 21:44:56.936 performance profile engine operation=script_find avg_ms=0.000000 max_call_ms=0.000000 calls_per_frame=0.00 window_ms=1000 frames=85 nested=1
2026-09-19 21:44:56.936 performance profile engine operation=axis_lookup avg_ms=0.563242 max_call_ms=2.024600 calls_per_frame=42.42 window_ms=1000 frames=85 nested=1
2026-09-19 21:44:56.936 performance profile engine operation=pivot_query avg_ms=0.023246 max_call_ms=0.031600 calls_per_frame=93.00 window_ms=1000 frames=85 nested=1
2026-09-19 21:44:56.936 collision profile window_ms=1000 frames=85 avg_ms body_collection=0.024438 body_solve=0.051689 body_position=0.042707 body_refine=0.001512 body_velocity=0.006388 addon_prepare_query=0.000000 addon_coherent_solve=0.000000 addon_visible_solve=0.000000 room_sphere=0.000000 room_sweep=0.000000 room_single=0.000000
2026-09-19 21:44:56.936 collision profile window_ms=1000 frames=85 max_call_ms body_collection=0.043400 body_solve=0.276100 body_position=0.259400 body_refine=0.001300 body_velocity=0.015300 addon_prepare_query=0.000000 addon_coherent_solve=0.000000 addon_visible_solve=0.000000 room_sphere=0.000000 room_sweep=0.000000 room_single=0.000000
2026-09-19 21:44:56.936 collision profile window_ms=1000 frames=85 calls body_collection=184 body_solve=184 body_position=184 body_refine=184 body_velocity=184 addon_prepare_query=0 addon_coherent_solve=0 addon_visible_solve=0 room_sphere=0 room_sweep=0 room_single=0
2026-09-19 21:44:56.936 collision profile window_ms=1000 frames=85 counts body_contacts=80 body_passes=419 body_jacobians=550 body_predictions=6410 addon_contacts=0 addon_passes=0 addon_gradients=0 room_nodes=0 room_triangles=0
2026-09-19 21:44:57.940 performance profile body-update person=Person02 system=penis update_rate_hz=-1 published_hz=87.8 sample_ms=5000
2026-09-19 21:44:57.940 performance profile window_ms=1000 frames=92 avg_ms total=1.492 housekeeping=0.028 bindings=0.242 diagnostics=0.004 colliders=0.244 axes=0.001 penis=0.408 penis_ownership=0.012 penis_gravity=0.006 penis_collision=0.150 penis_setup=0.016 penis_orientation=0.001 penis_translation=0.004 penis_solver=0.027 testicles=0.055 testicle_active=0.055 breasts=0.212 breasts_active=0.206 butt=0.080 butt_active=0.080 addons=0.205 addon_activation=0.095 addon_drive=0.067 addon_guard=0.000 addon_parent_pivot=0.000 addon_parent_translation=0.002 addon_parent_rotation=0.002 addon_gravity=0.001 addon_rotation_binding=0.000 addon_validation=0.060 addon_solver=0.042 addon_output=0.040 addon_cache=0.012 late=0.007 late_testicles=0.003 late_breasts=0.003 late_butt=0.000 traverse=0.000 addon_collision_body=0.000 addon_collision_self=0.000 addon_collision_addons=0.000 max_ms total=23.269 colliders=0.479 addons=2.060 calls late=92 traverse=0 body_collision=0 self_collision=0 addons_collision=0
2026-09-19 21:44:57.940 performance profile engine operation=symbols avg_ms=0.000000 max_call_ms=0.000000 calls_per_frame=0.00 window_ms=1000 frames=92 nested=1
2026-09-19 21:44:57.941 performance profile engine operation=find_object avg_ms=0.371767 max_call_ms=0.028100 calls_per_frame=1449.25 window_ms=1000 frames=92 nested=1
2026-09-19 21:44:57.941 performance profile engine operation=script_find avg_ms=0.000000 max_call_ms=0.000000 calls_per_frame=0.00 window_ms=1000 frames=92 nested=1
2026-09-19 21:44:57.941 performance profile engine operation=axis_lookup avg_ms=0.464928 max_call_ms=2.029600 calls_per_frame=42.20 window_ms=1000 frames=92 nested=1
2026-09-19 21:44:57.941 performance profile engine operation=pivot_query avg_ms=0.025964 max_call_ms=0.016400 calls_per_frame=93.00 window_ms=1000 frames=92 nested=1
2026-09-19 21:44:57.941 collision profile window_ms=1000 frames=92 avg_ms body_collection=0.026366 body_solve=0.130636 body_position=0.097692 body_refine=0.017580 body_velocity=0.014248 addon_prepare_query=0.000000 addon_coherent_solve=0.000000 addon_visible_solve=0.000000 room_sphere=0.000000 room_sweep=0.000000 room_single=0.000000
2026-09-19 21:44:57.941 collision profile window_ms=1000 frames=92 max_call_ms body_collection=0.039900 body_solve=0.638200 body_position=0.460900 body_refine=0.144200 body_velocity=0.051300 addon_prepare_query=0.000000 addon_coherent_solve=0.000000 addon_visible_solve=0.000000 room_sphere=0.000000 room_sweep=0.000000 room_single=0.000000
2026-09-19 21:44:57.942 collision profile window_ms=1000 frames=92 calls body_collection=192 body_solve=192 body_position=192 body_refine=192 body_velocity=192 addon_prepare_query=0 addon_coherent_solve=0 addon_visible_solve=0 room_sphere=0 room_sweep=0 room_single=0
2026-09-19 21:44:57.942 collision profile window_ms=1000 frames=92 counts body_contacts=243 body_passes=698 body_jacobians=2031 body_predictions=16417 addon_contacts=0 addon_passes=0 addon_gradients=0 room_nodes=0 room_triangles=0
2026-09-19 21:44:57.971 performance profile body-update person=Person02 system=testicles update_rate_hz=-1 published_hz=88.0 sample_ms=5000
2026-09-19 21:44:58.939 performance profile window_ms=1000 frames=90 avg_ms total=1.811 housekeeping=0.031 bindings=0.257 diagnostics=0.004 colliders=0.241 axes=0.086 penis=0.589 penis_ownership=0.012 penis_gravity=0.006 penis_collision=0.351 penis_setup=0.015 penis_orientation=0.001 penis_translation=0.004 penis_solver=0.027 testicles=0.059 testicle_active=0.059 breasts=0.225 breasts_active=0.219 butt=0.082 butt_active=0.081 addons=0.223 addon_activation=0.099 addon_drive=0.081 addon_guard=0.000 addon_parent_pivot=0.000 addon_parent_translation=0.002 addon_parent_rotation=0.002 addon_gravity=0.001 addon_rotation_binding=0.000 addon_validation=0.074 addon_solver=0.040 addon_output=0.038 addon_cache=0.012 late=0.007 late_testicles=0.003 late_breasts=0.003 late_butt=0.000 traverse=0.000 addon_collision_body=0.000 addon_collision_self=0.000 addon_collision_addons=0.000 max_ms total=25.211 colliders=0.462 addons=2.291 calls late=90 traverse=0 body_collision=0 self_collision=0 addons_collision=0
2026-09-19 21:44:58.940 performance profile engine operation=symbols avg_ms=0.000000 max_call_ms=0.000000 calls_per_frame=0.00 window_ms=1000 frames=90 nested=1
2026-09-19 21:44:58.940 performance profile engine operation=find_object avg_ms=0.434460 max_call_ms=0.072000 calls_per_frame=1706.51 window_ms=1000 frames=90 nested=1
2026-09-19 21:44:58.941 performance profile engine operation=script_find avg_ms=0.000000 max_call_ms=0.000000 calls_per_frame=0.00 window_ms=1000 frames=90 nested=1
2026-09-19 21:44:58.941 performance profile engine operation=axis_lookup avg_ms=0.550826 max_call_ms=2.270000 calls_per_frame=42.26 window_ms=1000 frames=90 nested=1
2026-09-19 21:44:58.941 performance profile engine operation=pivot_query avg_ms=0.025579 max_call_ms=0.012000 calls_per_frame=93.00 window_ms=1000 frames=90 nested=1
2026-09-19 21:44:58.941 collision profile window_ms=1000 frames=90 avg_ms body_collection=0.028049 body_solve=0.326972 body_position=0.261083 body_refine=0.038488 body_velocity=0.026297 addon_prepare_query=0.000000 addon_coherent_solve=0.000000 addon_visible_solve=0.000000 room_sphere=0.000000 room_sweep=0.000000 room_single=0.000000
2026-09-19 21:44:58.941 collision profile window_ms=1000 frames=90 max_call_ms body_collection=0.045300 body_solve=0.913800 body_position=0.674400 body_refine=0.274400 body_velocity=0.052100 addon_prepare_query=0.000000 addon_coherent_solve=0.000000 addon_visible_solve=0.000000 room_sphere=0.000000 room_sweep=0.000000 room_single=0.000000
2026-09-19 21:44:58.941 collision profile window_ms=1000 frames=90 calls body_collection=188 body_solve=188 body_position=188 body_refine=188 body_velocity=188 addon_prepare_query=0 addon_coherent_solve=0 addon_visible_solve=0 room_sphere=0 room_sweep=0 room_single=0
2026-09-19 21:44:58.942 collision profile window_ms=1000 frames=90 counts body_contacts=402 body_passes=1217 body_jacobians=4405 body_predictions=40083 addon_contacts=0 addon_passes=0 addon_gradients=0 room_nodes=0 room_triangles=0
2026-09-19 21:44:59.259 performance profile body-update person=Person02 system=breasts update_rate_hz=-1 published_hz=85.8 sample_ms=5000
2026-09-19 21:44:59.259 performance profile body-update person=Person02 system=butt update_rate_hz=-1 published_hz=85.8 sample_ms=5000
2026-09-19 21:44:59.946 performance profile window_ms=1000 frames=86 avg_ms total=1.908 housekeeping=0.034 bindings=0.262 diagnostics=0.004 colliders=0.250 axes=0.045 penis=0.675 penis_ownership=0.012 penis_gravity=0.006 penis_collision=0.407 penis_setup=0.016 penis_orientation=0.001 penis_translation=0.004 penis_solver=0.028 testicles=0.070 testicle_active=0.069 breasts=0.237 breasts_active=0.230 butt=0.084 butt_active=0.084 addons=0.235 addon_activation=0.102 addon_drive=0.085 addon_guard=0.001 addon_parent_pivot=0.000 addon_parent_translation=0.002 addon_parent_rotation=0.002 addon_gravity=0.001 addon_rotation_binding=0.000 addon_validation=0.079 addon_solver=0.046 addon_output=0.044 addon_cache=0.011 late=0.007 late_testicles=0.003 late_breasts=0.003 late_butt=0.000 traverse=0.000 addon_collision_body=0.000 addon_collision_self=0.000 addon_collision_addons=0.000 max_ms total=27.625 colliders=0.488 addons=2.024 calls late=86 traverse=0 body_collision=0 self_collision=0 addons_collision=0
2026-09-19 21:44:59.946 performance profile engine operation=symbols avg_ms=0.000000 max_call_ms=0.000000 calls_per_frame=0.00 window_ms=1000 frames=86 nested=1
2026-09-19 21:44:59.946 performance profile engine operation=find_object avg_ms=0.433488 max_call_ms=0.076600 calls_per_frame=1705.00 window_ms=1000 frames=86 nested=1
2026-09-19 21:44:59.946 performance profile engine operation=script_find avg_ms=0.000000 max_call_ms=0.000000 calls_per_frame=0.00 window_ms=1000 frames=86 nested=1
2026-09-19 21:44:59.946 performance profile engine operation=axis_lookup avg_ms=0.542023 max_call_ms=2.064600 calls_per_frame=42.48 window_ms=1000 frames=86 nested=1
2026-09-19 21:44:59.948 performance profile engine operation=pivot_query avg_ms=0.028142 max_call_ms=0.007300 calls_per_frame=93.00 window_ms=1000 frames=86 nested=1
2026-09-19 21:44:59.948 collision profile window_ms=1000 frames=86 avg_ms body_collection=0.028719 body_solve=0.397964 body_position=0.340801 body_refine=0.004823 body_velocity=0.051199 addon_prepare_query=0.000000 addon_coherent_solve=0.000000 addon_visible_solve=0.000000 room_sphere=0.000000 room_sweep=0.000000 room_single=0.000000
2026-09-19 21:44:59.948 collision profile window_ms=1000 frames=86 max_call_ms body_collection=0.041500 body_solve=0.777100 body_position=0.567800 body_refine=0.121900 body_velocity=0.152900 addon_prepare_query=0.000000 addon_coherent_solve=0.000000 addon_visible_solve=0.000000 room_sphere=0.000000 room_sweep=0.000000 room_single=0.000000
2026-09-19 21:44:59.948 collision profile window_ms=1000 frames=86 calls body_collection=186 body_solve=186 body_position=186 body_refine=186 body_velocity=186 addon_prepare_query=0 addon_coherent_solve=0 addon_visible_solve=0 room_sphere=0 room_sweep=0 room_single=0
2026-09-19 21:44:59.948 collision profile window_ms=1000 frames=86 counts body_contacts=657 body_passes=1600 body_jacobians=4455 body_predictions=47208 addon_contacts=0 addon_passes=0 addon_gradients=0 room_nodes=0 room_triangles=0
2026-09-19 21:45:00.947 performance profile window_ms=1000 frames=86 avg_ms total=2.013 housekeeping=0.031 bindings=0.262 diagnostics=0.004 colliders=0.245 axes=0.046 penis=0.820 penis_ownership=0.012 penis_gravity=0.006 penis_collision=0.553 penis_setup=0.016 penis_orientation=0.001 penis_translation=0.004 penis_solver=0.026 testicles=0.074 testicle_active=0.074 breasts=0.229 breasts_active=0.223 butt=0.079 butt_active=0.079 addons=0.211 addon_activation=0.098 addon_drive=0.070 addon_guard=0.000 addon_parent_pivot=0.000 addon_parent_translation=0.002 addon_parent_rotation=0.002 addon_gravity=0.001 addon_rotation_binding=0.000 addon_validation=0.064 addon_solver=0.041 addon_output=0.039 addon_cache=0.011 late=0.007 late_testicles=0.003 late_breasts=0.003 late_butt=0.000 traverse=0.000 addon_collision_body=0.000 addon_collision_self=0.000 addon_collision_addons=0.000 max_ms total=24.194 colliders=0.499 addons=2.129 calls late=86 traverse=0 body_collision=0 self_collision=0 addons_collision=0
2026-09-19 21:45:00.947 performance profile engine operation=symbols avg_ms=0.000000 max_call_ms=0.000000 calls_per_frame=0.00 window_ms=1000 frames=86 nested=1
2026-09-19 21:45:00.947 performance profile engine operation=find_object avg_ms=0.429834 max_call_ms=0.048700 calls_per_frame=1704.91 window_ms=1000 frames=86 nested=1
2026-09-19 21:45:00.947 performance profile engine operation=script_find avg_ms=0.000000 max_call_ms=0.000000 calls_per_frame=0.00 window_ms=1000 frames=86 nested=1
2026-09-19 21:45:00.947 performance profile engine operation=axis_lookup avg_ms=0.542330 max_call_ms=2.080100 calls_per_frame=42.38 window_ms=1000 frames=86 nested=1
2026-09-19 21:45:00.948 performance profile engine operation=pivot_query avg_ms=0.027873 max_call_ms=0.098400 calls_per_frame=93.00 window_ms=1000 frames=86 nested=1
2026-09-19 21:45:00.948 collision profile window_ms=1000 frames=86 avg_ms body_collection=0.027748 body_solve=0.548445 body_position=0.405099 body_refine=0.096937 body_velocity=0.045300 addon_prepare_query=0.000000 addon_coherent_solve=0.000000 addon_visible_solve=0.000000 room_sphere=0.000000 room_sweep=0.000000 room_single=0.000000
2026-09-19 21:45:00.949 collision profile window_ms=1000 frames=86 max_call_ms body_collection=0.060300 body_solve=1.019800 body_position=0.757200 body_refine=0.202500 body_velocity=0.084600 addon_prepare_query=0.000000 addon_coherent_solve=0.000000 addon_visible_solve=0.000000 room_sphere=0.000000 room_sweep=0.000000 room_single=0.000000
2026-09-19 21:45:00.949 collision profile window_ms=1000 frames=86 calls body_collection=182 body_solve=182 body_position=182 body_refine=182 body_velocity=182 addon_prepare_query=0 addon_coherent_solve=0 addon_visible_solve=0 room_sphere=0 room_sweep=0 room_single=0
2026-09-19 21:45:00.949 collision profile window_ms=1000 frames=86 counts body_contacts=636 body_passes=1544 body_jacobians=6917 body_predictions=65464 addon_contacts=0 addon_passes=0 addon_gradients=0 room_nodes=0 room_triangles=0
2026-09-19 21:45:02.112 performance profile window_ms=1157 frames=65 avg_ms total=2.526 housekeeping=0.034 bindings=0.372 diagnostics=0.004 colliders=0.249 axes=0.120 penis=1.141 penis_ownership=0.012 penis_gravity=0.006 penis_collision=0.871 penis_setup=0.016 penis_orientation=0.001 penis_translation=0.004 penis_solver=0.028 testicles=0.058 testicle_active=0.057 breasts=0.230 breasts_active=0.225 butt=0.073 butt_active=0.073 addons=0.236 addon_activation=0.108 addon_drive=0.084 addon_guard=0.000 addon_parent_pivot=0.000 addon_parent_translation=0.002 addon_parent_rotation=0.002 addon_gravity=0.001 addon_rotation_binding=0.000 addon_validation=0.078 addon_solver=0.041 addon_output=0.040 addon_cache=0.009 late=0.007 late_testicles=0.003 late_breasts=0.004 late_butt=0.000 traverse=0.000 addon_collision_body=0.000 addon_collision_self=0.000 addon_collision_addons=0.000 max_ms total=31.392 colliders=0.637 addons=2.102 calls late=65 traverse=0 body_collision=0 self_collision=0 addons_collision=0
2026-09-19 21:45:02.112 performance profile engine operation=symbols avg_ms=0.000000 max_call_ms=0.000000 calls_per_frame=0.00 window_ms=1157 frames=65 nested=1
2026-09-19 21:45:02.112 performance profile engine operation=find_object avg_ms=0.515666 max_call_ms=0.066700 calls_per_frame=2136.78 window_ms=1157 frames=65 nested=1
2026-09-19 21:45:02.112 performance profile engine operation=script_find avg_ms=0.000000 max_call_ms=0.000000 calls_per_frame=0.00 window_ms=1157 frames=65 nested=1
2026-09-19 21:45:02.113 performance profile engine operation=axis_lookup avg_ms=0.654060 max_call_ms=1.946900 calls_per_frame=43.18 window_ms=1157 frames=65 nested=1
2026-09-19 21:45:02.113 performance profile engine operation=pivot_query avg_ms=0.027365 max_call_ms=0.006700 calls_per_frame=93.00 window_ms=1157 frames=65 nested=1
2026-09-19 21:45:02.113 collision profile window_ms=1157 frames=65 avg_ms body_collection=0.028331 body_solve=0.853472 body_position=0.569209 body_refine=0.234032 body_velocity=0.049048 addon_prepare_query=0.000000 addon_coherent_solve=0.000000 addon_visible_solve=0.000000 room_sphere=0.000000 room_sweep=0.000000 room_single=0.000000
2026-09-19 21:45:02.113 collision profile window_ms=1157 frames=65 max_call_ms body_collection=0.044300 body_solve=1.157500 body_position=0.843000 body_refine=0.350300 body_velocity=0.060800 addon_prepare_query=0.000000 addon_coherent_solve=0.000000 addon_visible_solve=0.000000 room_sphere=0.000000 room_sweep=0.000000 room_single=0.000000
2026-09-19 21:45:02.113 collision profile window_ms=1157 frames=65 calls body_collection=148 body_solve=148 body_position=148 body_refine=148 body_velocity=148 addon_prepare_query=0 addon_coherent_solve=0 addon_visible_solve=0 room_sphere=0 room_sweep=0 room_single=0
2026-09-19 21:45:02.114 collision profile window_ms=1157 frames=65 counts body_contacts=585 body_passes=1288 body_jacobians=9169 body_predictions=75780 addon_contacts=0 addon_passes=0 addon_gradients=0 room_nodes=0 room_triangles=0
2026-09-19 21:45:02.926 performance profile body-update person=Person02 system=penis update_rate_hz=-1 published_hz=77.0 sample_ms=5000
2026-09-19 21:45:02.975 performance profile body-update person=Person02 system=testicles update_rate_hz=-1 published_hz=77.2 sample_ms=5000
2026-09-19 21:45:03.116 performance profile window_ms=1015 frames=69 avg_ms total=4.287 housekeeping=0.034 bindings=0.341 diagnostics=0.004 colliders=0.236 axes=0.001 penis=3.022 penis_ownership=0.007 penis_gravity=0.006 penis_collision=2.703 penis_setup=0.010 penis_orientation=0.001 penis_translation=0.004 penis_solver=0.029 testicles=0.062 testicle_active=0.062 breasts=0.276 breasts_active=0.272 butt=0.075 butt_active=0.075 addons=0.225 addon_activation=0.089 addon_drive=0.087 addon_guard=0.001 addon_parent_pivot=0.000 addon_parent_translation=0.002 addon_parent_rotation=0.002 addon_gravity=0.001 addon_rotation_binding=0.000 addon_validation=0.080 addon_solver=0.046 addon_output=0.045 addon_cache=0.009 late=0.007 late_testicles=0.003 late_breasts=0.003 late_butt=0.000 traverse=0.000 addon_collision_body=0.000 addon_collision_self=0.000 addon_collision_addons=0.000 max_ms total=31.268 colliders=0.662 addons=0.822 calls late=69 traverse=0 body_collision=0 self_collision=0 addons_collision=0
2026-09-19 21:45:03.118 performance profile engine operation=symbols avg_ms=0.000000 max_call_ms=0.000000 calls_per_frame=0.00 window_ms=1015 frames=69 nested=1
2026-09-19 21:45:03.118 performance profile engine operation=find_object avg_ms=0.454730 max_call_ms=0.077800 calls_per_frame=1820.07 window_ms=1015 frames=69 nested=1
2026-09-19 21:45:03.118 performance profile engine operation=script_find avg_ms=0.000000 max_call_ms=0.000000 calls_per_frame=0.00 window_ms=1015 frames=69 nested=1
2026-09-19 21:45:03.118 performance profile engine operation=axis_lookup avg_ms=0.571038 max_call_ms=1.961000 calls_per_frame=42.72 window_ms=1015 frames=69 nested=1
2026-09-19 21:45:03.118 performance profile engine operation=pivot_query avg_ms=0.027735 max_call_ms=0.010300 calls_per_frame=93.00 window_ms=1015 frames=69 nested=1
2026-09-19 21:45:03.119 collision profile window_ms=1015 frames=69 avg_ms body_collection=0.031932 body_solve=2.675226 body_position=1.727971 body_refine=0.826707 body_velocity=0.119293 addon_prepare_query=0.000000 addon_coherent_solve=0.000000 addon_visible_solve=0.000000 room_sphere=0.000000 room_sweep=0.000000 room_single=0.000000
2026-09-19 21:45:03.119 collision profile window_ms=1015 frames=69 max_call_ms body_collection=0.040600 body_solve=3.053000 body_position=2.000000 body_refine=0.948700 body_velocity=0.134300 addon_prepare_query=0.000000 addon_coherent_solve=0.000000 addon_visible_solve=0.000000 room_sphere=0.000000 room_sweep=0.000000 room_single=0.000000
2026-09-19 21:45:03.119 collision profile window_ms=1015 frames=69 calls body_collection=168 body_solve=168 body_position=168 body_refine=168 body_velocity=168 addon_prepare_query=0 addon_coherent_solve=0 addon_visible_solve=0 room_sphere=0 room_sweep=0 room_single=0
2026-09-19 21:45:03.119 collision profile window_ms=1015 frames=69 counts body_contacts=1268 body_passes=1398 body_jacobians=26700 body_predictions=252593 addon_contacts=0 addon_passes=0 addon_gradients=0 room_nodes=0 room_triangles=0
2026-09-19 21:45:04.113 performance profile window_ms=1000 frames=70 avg_ms total=2.311 housekeeping=0.034 bindings=0.349 diagnostics=0.004 colliders=0.240 axes=0.115 penis=0.914 penis_ownership=0.007 penis_gravity=0.006 penis_collision=0.602 penis_setup=0.011 penis_orientation=0.001 penis_translation=0.004 penis_solver=0.029 testicles=0.055 testicle_active=0.055 breasts=0.249 breasts_active=0.244 butt=0.078 butt_active=0.078 addons=0.263 addon_activation=0.122 addon_drive=0.088 addon_guard=0.001 addon_parent_pivot=0.000 addon_parent_translation=0.003 addon_parent_rotation=0.002 addon_gravity=0.001 addon_rotation_binding=0.000 addon_validation=0.080 addon_solver=0.049 addon_output=0.047 addon_cache=0.010 late=0.007 late_testicles=0.003 late_breasts=0.003 late_butt=0.000 traverse=0.000 addon_collision_body=0.000 addon_collision_self=0.000 addon_collision_addons=0.000 max_ms total=24.205 colliders=0.428 addons=2.310 calls late=70 traverse=0 body_collision=0 self_collision=0 addons_collision=0
2026-09-19 21:45:04.113 performance profile engine operation=symbols avg_ms=0.000000 max_call_ms=0.000000 calls_per_frame=0.00 window_ms=1000 frames=70 nested=1
2026-09-19 21:45:04.113 performance profile engine operation=find_object avg_ms=0.539656 max_call_ms=0.167200 calls_per_frame=2182.84 window_ms=1000 frames=70 nested=1
2026-09-19 21:45:04.114 performance profile engine operation=script_find avg_ms=0.000000 max_call_ms=0.000000 calls_per_frame=0.00 window_ms=1000 frames=70 nested=1
2026-09-19 21:45:04.114 performance profile engine operation=axis_lookup avg_ms=0.684400 max_call_ms=2.126400 calls_per_frame=42.91 window_ms=1000 frames=70 nested=1
2026-09-19 21:45:04.114 performance profile engine operation=pivot_query avg_ms=0.028024 max_call_ms=0.018200 calls_per_frame=93.00 window_ms=1000 frames=70 nested=1
2026-09-19 21:45:04.114 collision profile window_ms=1000 frames=70 avg_ms body_collection=0.029396 body_solve=0.577617 body_position=0.389813 body_refine=0.157111 body_velocity=0.029461 addon_prepare_query=0.000000 addon_coherent_solve=0.000000 addon_visible_solve=0.000000 room_sphere=0.000000 room_sweep=0.000000 room_single=0.000000
2026-09-19 21:45:04.115 collision profile window_ms=1000 frames=70 max_call_ms body_collection=0.042900 body_solve=2.655200 body_position=1.844500 body_refine=0.875500 body_velocity=0.115800 addon_prepare_query=0.000000 addon_coherent_solve=0.000000 addon_visible_solve=0.000000 room_sphere=0.000000 room_sweep=0.000000 room_single=0.000000
2026-09-19 21:45:04.115 collision profile window_ms=1000 frames=70 calls body_collection=168 body_solve=168 body_position=168 body_refine=168 body_velocity=168 addon_prepare_query=0 addon_coherent_solve=0 addon_visible_solve=0 room_sphere=0 room_sweep=0 room_single=0
2026-09-19 21:45:04.115 collision profile window_ms=1000 frames=70 counts body_contacts=372 body_passes=755 body_jacobians=6658 body_predictions=54866 addon_contacts=0 addon_passes=0 addon_gradients=0 room_nodes=0 room_triangles=0
2026-09-19 21:45:04.258 performance profile body-update person=Person02 system=breasts update_rate_hz=-1 published_hz=71.4 sample_ms=5000
2026-09-19 21:45:04.259 performance profile body-update person=Person02 system=butt update_rate_hz=-1 published_hz=71.4 sample_ms=5000
2026-09-19 21:45:05.118 performance profile window_ms=1000 frames=70 avg_ms total=2.239 housekeeping=0.138 bindings=0.335 diagnostics=0.004 colliders=0.229 axes=0.001 penis=0.842 penis_ownership=0.007 penis_gravity=0.006 penis_collision=0.528 penis_setup=0.010 penis_orientation=0.001 penis_translation=0.004 penis_solver=0.028 testicles=0.055 testicle_active=0.055 breasts=0.287 breasts_active=0.281 butt=0.082 butt_active=0.081 addons=0.257 addon_activation=0.120 addon_drive=0.087 addon_guard=0.001 addon_parent_pivot=0.000 addon_parent_translation=0.003 addon_parent_rotation=0.002 addon_gravity=0.001 addon_rotation_binding=0.000 addon_validation=0.079 addon_solver=0.047 addon_output=0.045 addon_cache=0.009 late=0.007 late_testicles=0.003 late_breasts=0.003 late_butt=0.000 traverse=0.000 addon_collision_body=0.000 addon_collision_self=0.000 addon_collision_addons=0.000 max_ms total=32.200 colliders=0.431 addons=2.141 calls late=70 traverse=0 body_collision=0 self_collision=0 addons_collision=0
2026-09-19 21:45:05.118 performance profile engine operation=symbols avg_ms=0.000000 max_call_ms=0.000000 calls_per_frame=0.00 window_ms=1000 frames=70 nested=1
2026-09-19 21:45:05.119 performance profile engine operation=find_object avg_ms=0.480241 max_call_ms=0.076600 calls_per_frame=1891.84 window_ms=1000 frames=70 nested=1
2026-09-19 21:45:05.119 performance profile engine operation=script_find avg_ms=0.000000 max_call_ms=0.000000 calls_per_frame=0.00 window_ms=1000 frames=70 nested=1
2026-09-19 21:45:05.119 performance profile engine operation=axis_lookup avg_ms=0.605627 max_call_ms=2.106500 calls_per_frame=42.83 window_ms=1000 frames=70 nested=1
2026-09-19 21:45:05.119 performance profile engine operation=pivot_query avg_ms=0.025369 max_call_ms=0.003600 calls_per_frame=93.00 window_ms=1000 frames=70 nested=1
2026-09-19 21:45:05.119 collision profile window_ms=1000 frames=70 avg_ms body_collection=0.029464 body_solve=0.504117 body_position=0.412137 body_refine=0.048176 body_velocity=0.042627 addon_prepare_query=0.000000 addon_coherent_solve=0.000000 addon_visible_solve=0.000000 room_sphere=0.000000 room_sweep=0.000000 room_single=0.000000
2026-09-19 21:45:05.120 collision profile window_ms=1000 frames=70 max_call_ms body_collection=0.052900 body_solve=0.990900 body_position=0.763100 body_refine=0.263200 body_velocity=0.064200 addon_prepare_query=0.000000 addon_coherent_solve=0.000000 addon_visible_solve=0.000000 room_sphere=0.000000 room_sweep=0.000000 room_single=0.000000
2026-09-19 21:45:05.120 collision profile window_ms=1000 frames=70 calls body_collection=164 body_solve=164 body_position=164 body_refine=164 body_velocity=164 addon_prepare_query=0 addon_coherent_solve=0 addon_visible_solve=0 room_sphere=0 room_sweep=0 room_single=0
2026-09-19 21:45:05.120 collision profile window_ms=1000 frames=70 counts body_contacts=486 body_passes=1286 body_jacobians=5038 body_predictions=47245 addon_contacts=0 addon_passes=0 addon_gradients=0 room_nodes=0 room_triangles=0
2026-09-19 21:45:06.110 performance profile window_ms=1000 frames=84 avg_ms total=1.916 housekeeping=0.029 bindings=0.276 diagnostics=0.004 colliders=0.249 axes=0.093 penis=0.646 penis_ownership=0.007 penis_gravity=0.006 penis_collision=0.380 penis_setup=0.011 penis_orientation=0.001 penis_translation=0.004 penis_solver=0.027 testicles=0.071 testicle_active=0.070 breasts=0.233 breasts_active=0.227 butt=0.082 butt_active=0.082 addons=0.220 addon_activation=0.101 addon_drive=0.073 addon_guard=0.001 addon_parent_pivot=0.000 addon_parent_translation=0.003 addon_parent_rotation=0.001 addon_gravity=0.001 addon_rotation_binding=0.000 addon_validation=0.065 addon_solver=0.043 addon_output=0.041 addon_cache=0.011 late=0.006 late_testicles=0.003 late_breasts=0.003 late_butt=0.000 traverse=0.000 addon_collision_body=0.000 addon_collision_self=0.000 addon_collision_addons=0.000 max_ms total=25.123 colliders=0.562 addons=2.058 calls late=84 traverse=0 body_collision=0 self_collision=0 addons_collision=0
2026-09-19 21:45:06.110 performance profile engine operation=symbols avg_ms=0.000000 max_call_ms=0.000000 calls_per_frame=0.00 window_ms=1000 frames=84 nested=1
2026-09-19 21:45:06.110 performance profile engine operation=find_object avg_ms=0.473670 max_call_ms=0.079200 calls_per_frame=1907.49 window_ms=1000 frames=84 nested=1
2026-09-19 21:45:06.110 performance profile engine operation=script_find avg_ms=0.000000 max_call_ms=0.000000 calls_per_frame=0.00 window_ms=1000 frames=84 nested=1
2026-09-19 21:45:06.110 performance profile engine operation=axis_lookup avg_ms=0.599915 max_call_ms=2.156900 calls_per_frame=42.40 window_ms=1000 frames=84 nested=1
2026-09-19 21:45:06.110 performance profile engine operation=pivot_query avg_ms=0.027360 max_call_ms=0.006500 calls_per_frame=93.00 window_ms=1000 frames=84 nested=1
2026-09-19 21:45:06.111 collision profile window_ms=1000 frames=84 avg_ms body_collection=0.027895 body_solve=0.374313 body_position=0.305593 body_refine=0.024602 body_velocity=0.043058 addon_prepare_query=0.000000 addon_coherent_solve=0.000000 addon_visible_solve=0.000000 room_sphere=0.000000 room_sweep=0.000000 room_single=0.000000
2026-09-19 21:45:06.111 collision profile window_ms=1000 frames=84 max_call_ms body_collection=0.038800 body_solve=0.757700 body_position=0.552300 body_refine=0.200000 body_velocity=0.069900 addon_prepare_query=0.000000 addon_coherent_solve=0.000000 addon_visible_solve=0.000000 room_sphere=0.000000 room_sweep=0.000000 room_single=0.000000
2026-09-19 21:45:06.111 collision profile window_ms=1000 frames=84 calls body_collection=176 body_solve=176 body_position=176 body_refine=176 body_velocity=176 addon_prepare_query=0 addon_coherent_solve=0 addon_visible_solve=0 room_sphere=0 room_sweep=0 room_single=0
2026-09-19 21:45:06.111 collision profile window_ms=1000 frames=84 counts body_contacts=538 body_passes=1495 body_jacobians=4087 body_predictions=43961 addon_contacts=0 addon_passes=0 addon_gradients=0 room_nodes=0 room_triangles=0
2026-09-19 21:45:07.113 performance profile window_ms=1000 frames=90 avg_ms total=1.966 housekeeping=0.028 bindings=0.270 diagnostics=0.004 colliders=0.230 axes=0.001 penis=0.839 penis_ownership=0.007 penis_gravity=0.006 penis_collision=0.585 penis_setup=0.011 penis_orientation=0.001 penis_translation=0.006 penis_solver=0.026 testicles=0.074 testicle_active=0.074 breasts=0.219 breasts_active=0.213 butt=0.079 butt_active=0.079 addons=0.209 addon_activation=0.093 addon_drive=0.074 addon_guard=0.000 addon_parent_pivot=0.000 addon_parent_translation=0.002 addon_parent_rotation=0.001 addon_gravity=0.001 addon_rotation_binding=0.000 addon_validation=0.068 addon_solver=0.039 addon_output=0.037 addon_cache=0.010 late=0.006 late_testicles=0.003 late_breasts=0.003 late_butt=0.000 traverse=0.000 addon_collision_body=0.000 addon_collision_self=0.000 addon_collision_addons=0.000 max_ms total=25.849 colliders=0.465 addons=2.011 calls late=90 traverse=0 body_collision=0 self_collision=0 addons_collision=0
2026-09-19 21:45:07.114 performance profile engine operation=symbols avg_ms=0.000000 max_call_ms=0.000000 calls_per_frame=0.00 window_ms=1000 frames=90 nested=1
2026-09-19 21:45:07.114 performance profile engine operation=find_object avg_ms=0.382729 max_call_ms=0.080900 calls_per_frame=1481.72 window_ms=1000 frames=90 nested=1
2026-09-19 21:45:07.114 performance profile engine operation=script_find avg_ms=0.000000 max_call_ms=0.000000 calls_per_frame=0.00 window_ms=1000 frames=90 nested=1
2026-09-19 21:45:07.114 performance profile engine operation=axis_lookup avg_ms=0.479092 max_call_ms=2.108100 calls_per_frame=42.27 window_ms=1000 frames=90 nested=1
2026-09-19 21:45:07.115 performance profile engine operation=pivot_query avg_ms=0.025573 max_call_ms=0.026600 calls_per_frame=93.00 window_ms=1000 frames=90 nested=1
2026-09-19 21:45:07.115 collision profile window_ms=1000 frames=90 avg_ms body_collection=0.026948 body_solve=0.581216 body_position=0.417357 body_refine=0.116229 body_velocity=0.046544 addon_prepare_query=0.000000 addon_coherent_solve=0.000000 addon_visible_solve=0.000000 room_sphere=0.000000 room_sweep=0.000000 room_single=0.000000
2026-09-19 21:45:07.115 collision profile window_ms=1000 frames=90 max_call_ms body_collection=0.038800 body_solve=0.898700 body_position=0.680500 body_refine=0.332100 body_velocity=0.082600 addon_prepare_query=0.000000 addon_coherent_solve=0.000000 addon_visible_solve=0.000000 room_sphere=0.000000 room_sweep=0.000000 room_single=0.000000
2026-09-19 21:45:07.115 collision profile window_ms=1000 frames=90 calls body_collection=186 body_solve=186 body_position=186 body_refine=186 body_velocity=186 addon_prepare_query=0 addon_coherent_solve=0 addon_visible_solve=0 room_sphere=0 room_sweep=0 room_single=0
2026-09-19 21:45:07.115 collision profile window_ms=1000 frames=90 counts body_contacts=707 body_passes=1621 body_jacobians=7909 body_predictions=71927 addon_contacts=0 addon_passes=0 addon_gradients=0 room_nodes=0 room_triangles=0
2026-09-19 21:45:07.918 performance profile body-update person=Person02 system=penis update_rate_hz=-1 published_hz=79.6 sample_ms=5000
2026-09-19 21:45:07.968 performance profile body-update person=Person02 system=testicles update_rate_hz=-1 published_hz=80.0 sample_ms=5000
2026-09-19 21:45:08.109 performance profile window_ms=1000 frames=89 avg_ms total=1.974 housekeeping=0.032 bindings=0.262 diagnostics=0.004 colliders=0.233 axes=0.085 penis=0.791 penis_ownership=0.007 penis_gravity=0.006 penis_collision=0.530 penis_setup=0.011 penis_orientation=0.001 penis_translation=0.004 penis_solver=0.026 testicles=0.058 testicle_active=0.058 breasts=0.220 breasts_active=0.214 butt=0.077 butt_active=0.076 addons=0.202 addon_activation=0.094 addon_drive=0.067 addon_guard=0.000 addon_parent_pivot=0.000 addon_parent_translation=0.002 addon_parent_rotation=0.002 addon_gravity=0.001 addon_rotation_binding=0.000 addon_validation=0.062 addon_solver=0.038 addon_output=0.037 addon_cache=0.010 late=0.006 late_testicles=0.003 late_breasts=0.003 late_butt=0.000 traverse=0.000 addon_collision_body=0.000 addon_collision_self=0.000 addon_collision_addons=0.000 max_ms total=23.335 colliders=0.419 addons=2.018 calls late=89 traverse=0 body_collision=0 self_collision=0 addons_collision=0
2026-09-19 21:45:08.109 performance profile engine operation=symbols avg_ms=0.000000 max_call_ms=0.000000 calls_per_frame=0.00 window_ms=1000 frames=89 nested=1
2026-09-19 21:45:08.109 performance profile engine operation=find_object avg_ms=0.448133 max_call_ms=0.045900 calls_per_frame=1802.93 window_ms=1000 frames=89 nested=1
2026-09-19 21:45:08.109 performance profile engine operation=script_find avg_ms=0.000000 max_call_ms=0.000000 calls_per_frame=0.00 window_ms=1000 frames=89 nested=1
2026-09-19 21:45:08.109 performance profile engine operation=axis_lookup avg_ms=0.566152 max_call_ms=2.063700 calls_per_frame=42.29 window_ms=1000 frames=89 nested=1
2026-09-19 21:45:08.110 performance profile engine operation=pivot_query avg_ms=0.026336 max_call_ms=0.006500 calls_per_frame=93.00 window_ms=1000 frames=89 nested=1
2026-09-19 21:45:08.110 collision profile window_ms=1000 frames=89 avg_ms body_collection=0.026037 body_solve=0.509006 body_position=0.333378 body_refine=0.145179 body_velocity=0.029362 addon_prepare_query=0.000000 addon_coherent_solve=0.000000 addon_visible_solve=0.000000 room_sphere=0.000000 room_sweep=0.000000 room_single=0.000000
2026-09-19 21:45:08.110 collision profile window_ms=1000 frames=89 max_call_ms body_collection=0.042700 body_solve=1.072600 body_position=0.705400 body_refine=0.349900 body_velocity=0.061600 addon_prepare_query=0.000000 addon_coherent_solve=0.000000 addon_visible_solve=0.000000 room_sphere=0.000000 room_sweep=0.000000 room_single=0.000000
2026-09-19 21:45:08.110 collision profile window_ms=1000 frames=89 calls body_collection=186 body_solve=186 body_position=186 body_refine=186 body_velocity=186 addon_prepare_query=0 addon_coherent_solve=0 addon_visible_solve=0 room_sphere=0 room_sweep=0 room_single=0
2026-09-19 21:45:08.110 collision profile window_ms=1000 frames=89 counts body_contacts=469 body_passes=1055 body_jacobians=7510 body_predictions=62511 addon_contacts=0 addon_passes=0 addon_gradients=0 room_nodes=0 room_triangles=0
2026-09-19 21:45:09.111 performance profile window_ms=1000 frames=94 avg_ms total=1.382 housekeeping=0.030 bindings=0.255 diagnostics=0.004 colliders=0.234 axes=0.041 penis=0.273 penis_ownership=0.007 penis_gravity=0.006 penis_collision=0.030 penis_setup=0.011 penis_orientation=0.001 penis_translation=0.004 penis_solver=0.026 testicles=0.054 testicle_active=0.053 breasts=0.211 breasts_active=0.204 butt=0.081 butt_active=0.080 addons=0.188 addon_activation=0.074 addon_drive=0.071 addon_guard=0.000 addon_parent_pivot=0.000 addon_parent_translation=0.002 addon_parent_rotation=0.002 addon_gravity=0.001 addon_rotation_binding=0.000 addon_validation=0.064 addon_solver=0.041 addon_output=0.039 addon_cache=0.012 late=0.006 late_testicles=0.003 late_breasts=0.003 late_butt=0.000 traverse=0.000 addon_collision_body=0.000 addon_collision_self=0.000 addon_collision_addons=0.000 max_ms total=24.111 colliders=0.432 addons=1.102 calls late=94 traverse=0 body_collision=0 self_collision=0 addons_collision=0
2026-09-19 21:45:09.111 performance profile engine operation=symbols avg_ms=0.000000 max_call_ms=0.000000 calls_per_frame=0.00 window_ms=1000 frames=94 nested=1
2026-09-19 21:45:09.111 performance profile engine operation=find_object avg_ms=0.383529 max_call_ms=0.045800 calls_per_frame=1492.88 window_ms=1000 frames=94 nested=1
2026-09-19 21:45:09.112 performance profile engine operation=script_find avg_ms=0.000000 max_call_ms=0.000000 calls_per_frame=0.00 window_ms=1000 frames=94 nested=1
2026-09-19 21:45:09.112 performance profile engine operation=axis_lookup avg_ms=0.478985 max_call_ms=2.034500 calls_per_frame=42.21 window_ms=1000 frames=94 nested=1
2026-09-19 21:45:09.112 performance profile engine operation=pivot_query avg_ms=0.026126 max_call_ms=0.050100 calls_per_frame=93.00 window_ms=1000 frames=94 nested=1
2026-09-19 21:45:09.112 collision profile window_ms=1000 frames=94 avg_ms body_collection=0.024348 body_solve=0.010286 body_position=0.006098 body_refine=0.001470 body_velocity=0.001565 addon_prepare_query=0.000000 addon_coherent_solve=0.000000 addon_visible_solve=0.000000 room_sphere=0.000000 room_sweep=0.000000 room_single=0.000000
2026-09-19 21:45:09.112 collision profile window_ms=1000 frames=94 max_call_ms body_collection=0.037800 body_solve=0.033000 body_position=0.025800 body_refine=0.001300 body_velocity=0.006400 addon_prepare_query=0.000000 addon_coherent_solve=0.000000 addon_visible_solve=0.000000 room_sphere=0.000000 room_sweep=0.000000 room_single=0.000000
2026-09-19 21:45:09.112 collision profile window_ms=1000 frames=94 calls body_collection=192 body_solve=192 body_position=192 body_refine=192 body_velocity=192 addon_prepare_query=0 addon_coherent_solve=0 addon_visible_solve=0 room_sphere=0 room_sweep=0 room_single=0
2026-09-19 21:45:09.113 collision profile window_ms=1000 frames=94 counts body_contacts=28 body_passes=269 body_jacobians=133 body_predictions=1485 addon_contacts=0 addon_passes=0 addon_gradients=0 room_nodes=0 room_triangles=0
2026-09-19 21:45:09.257 performance profile body-update person=Person02 system=breasts update_rate_hz=-1 published_hz=86.0 sample_ms=5000
2026-09-19 21:45:09.257 performance profile body-update person=Person02 system=butt update_rate_hz=-1 published_hz=86.0 sample_ms=5000
2026-09-19 21:45:09.603 PoseEdit file handoff fade-wait exec="native-queue" note="retain outgoing physics until the native fade readiness gate"
2026-09-19 21:45:09.605 PoseEdit file handoff end exec="native-queue" result=0x00000000 editpose=670fd3e0 pending_reset=1 note="physics waits for the native pending-reset flag to clear before binding the resulting pose"
2026-09-19 21:45:09.772 PoseEdit file handoff paired-output-restored system=breasts person=2 translation=(-0.073958,0.000000,0.000000;0.073957,0.000000,0.000000) note="removed simulation offsets before releasing the old pose"
2026-09-19 21:45:09.772 PoseEdit file handoff paired-output-restored system=butt person=2 translation=(-0.047842,-0.038221,0.077886;-0.047842,-0.038221,-0.078000) note="removed simulation offsets before releasing the old pose"
2026-09-19 21:45:09.773 PoseEdit file handoff begin exec="native-fade-ready" editpose=670fd3e0 note="returned current tracks to TK17 before native pose replacement; discarded old snapshots"
2026-09-19 21:45:09.795 PoseEdit file handoff begin exec="native-reset" editpose=670fd3e0 note="returned current tracks to TK17 before native pose replacement; discarded old snapshots"
2026-09-19 21:45:09.795 PoseEdit file handoff rotation-trace phase=native-reset-before person=1 joint=1 track=67100154 target=347db4a0 member=0x02fff04a keys=73254170 count=0 keys_read=0 first_frame=0 first=(0.000000,0.000000,0.000000) last_frame=0 last=(0.000000,0.000000,0.000000) output_raw=41bb8ac0 output_offset=0x6c output_read=1 output=(0.000000,0.000000,0.000000)
2026-09-19 21:45:09.796 PoseEdit file handoff rotation-trace phase=native-reset-before person=1 joint=2 track=671009c4 target=4908d080 member=0x01fff04e keys=73254170 count=0 keys_read=0 first_frame=0 first=(0.000000,0.000000,0.000000) last_frame=0 last=(0.000000,0.000000,0.000000) output_raw=41bb7440 output_offset=0x6c output_read=1 output=(0.000000,0.000000,0.000000)
2026-09-19 21:45:09.796 PoseEdit file handoff rotation-trace phase=native-reset-before person=1 joint=3 track=67100a14 target=4908cf40 member=0x01fff04e keys=73254170 count=0 keys_read=0 first_frame=0 first=(0.000000,0.000000,0.000000) last_frame=0 last=(0.000000,0.000000,0.000000) output_raw=41bb7b40 output_offset=0x6c output_read=1 output=(0.000000,0.000000,0.000000)
2026-09-19 21:45:09.796 PoseEdit file handoff rotation-trace phase=native-reset-before person=2 joint=1 track=671120d4 target=4a42d480 member=0x02fff04a keys=673dd960 count=1 keys_read=1 first_frame=0 first=(0.000000,0.000000,-47.500000) last_frame=0 last=(0.000000,0.000000,-47.500000) output_raw=4a3bc200 output_offset=0x6c output_read=1 output=(0.000000,0.000000,-47.500000)
2026-09-19 21:45:09.796 PoseEdit file handoff rotation-trace phase=native-reset-before person=2 joint=2 track=67112944 target=4b976360 member=0x01fff04e keys=673de660 count=1 keys_read=1 first_frame=0 first=(0.000000,0.000000,0.000000) last_frame=0 last=(0.000000,0.000000,0.000000) output_raw=4a3bdcc0 output_offset=0x6c output_read=1 output=(0.000000,0.000000,-17.160000)
2026-09-19 21:45:09.796 PoseEdit file handoff rotation-trace phase=native-reset-before person=2 joint=3 track=67112994 target=4b976640 member=0x01fff04e keys=673dece0 count=1 keys_read=1 first_frame=0 first=(0.000000,0.000000,0.000000) last_frame=0 last=(0.000000,0.000000,0.000000) output_raw=4a3beac0 output_offset=0x6c output_read=1 output=(0.000000,0.000000,-6.988000)
2026-09-19 21:45:09.796 PoseEdit file handoff rotation-trace phase=native-reset-before person=3 joint=1 track=67124054 target=4f3330a0 member=0x02fff04a keys=73254170 count=0 keys_read=0 first_frame=0 first=(0.000000,0.000000,0.000000) last_frame=0 last=(0.000000,0.000000,0.000000) output_raw=4a3bd180 output_offset=0x6c output_read=1 output=(0.000000,0.000000,0.000000)
2026-09-19 21:45:09.796 PoseEdit file handoff rotation-trace phase=native-reset-before person=3 joint=2 track=671248c4 target=52e5ad60 member=0x01fff04e keys=73254170 count=0 keys_read=0 first_frame=0 first=(0.000000,0.000000,0.000000) last_frame=0 last=(0.000000,0.000000,0.000000) output_raw=5023d900 output_offset=0x6c output_read=1 output=(0.000000,0.000000,0.000000)
2026-09-19 21:45:09.798 PoseEdit file handoff rotation-trace phase=native-reset-before person=3 joint=3 track=67124914 target=52e5c9c0 member=0x01fff04e keys=73254170 count=0 keys_read=0 first_frame=0 first=(0.000000,0.000000,0.000000) last_frame=0 last=(0.000000,0.000000,0.000000) output_raw=5023eb40 output_offset=0x6c output_read=1 output=(0.000000,0.000000,0.000000)
2026-09-19 21:45:09.833 PoseEdit file handoff rotation-trace phase=native-reset-after person=1 joint=1 track=67100154 target=347db4a0 member=0x02fff04a keys=73254170 count=0 keys_read=0 first_frame=0 first=(0.000000,0.000000,0.000000) last_frame=0 last=(0.000000,0.000000,0.000000) output_raw=41bb8ac0 output_offset=0x6c output_read=1 output=(0.000000,0.000000,0.000000)
2026-09-19 21:45:09.834 PoseEdit file handoff rotation-trace phase=native-reset-after person=1 joint=2 track=671009c4 target=4908d080 member=0x01fff04e keys=73254170 count=0 keys_read=0 first_frame=0 first=(0.000000,0.000000,0.000000) last_frame=0 last=(0.000000,0.000000,0.000000) output_raw=41bb7440 output_offset=0x6c output_read=1 output=(0.000000,0.000000,0.000000)
2026-09-19 21:45:09.834 PoseEdit file handoff rotation-trace phase=native-reset-after person=1 joint=3 track=67100a14 target=4908cf40 member=0x01fff04e keys=73254170 count=0 keys_read=0 first_frame=0 first=(0.000000,0.000000,0.000000) last_frame=0 last=(0.000000,0.000000,0.000000) output_raw=41bb7b40 output_offset=0x6c output_read=1 output=(0.000000,0.000000,0.000000)
2026-09-19 21:45:09.834 PoseEdit file handoff rotation-trace phase=native-reset-after person=2 joint=1 track=671120d4 target=4a42d480 member=0x02fff04a keys=67f55c80 count=1 keys_read=1 first_frame=0 first=(0.000000,0.000000,-47.500000) last_frame=0 last=(0.000000,0.000000,-47.500000) output_raw=4a3bc200 output_offset=0x6c output_read=1 output=(0.000000,0.000000,-47.500000)
2026-09-19 21:45:09.834 PoseEdit file handoff rotation-trace phase=native-reset-after person=2 joint=2 track=67112944 target=4b976360 member=0x01fff04e keys=67f583e0 count=1 keys_read=1 first_frame=0 first=(0.000000,0.000000,0.000000) last_frame=0 last=(0.000000,0.000000,0.000000) output_raw=4a3bdcc0 output_offset=0x6c output_read=1 output=(0.000000,0.000000,-17.160000)
2026-09-19 21:45:09.834 PoseEdit file handoff rotation-trace phase=native-reset-after person=2 joint=3 track=67112994 target=4b976640 member=0x01fff04e keys=67f58500 count=1 keys_read=1 first_frame=0 first=(0.000000,0.000000,0.000000) last_frame=0 last=(0.000000,0.000000,0.000000) output_raw=4a3beac0 output_offset=0x6c output_read=1 output=(0.000000,0.000000,-6.988000)
2026-09-19 21:45:09.835 PoseEdit file handoff rotation-trace phase=native-reset-after person=3 joint=1 track=67124054 target=4f3330a0 member=0x02fff04a keys=73254170 count=0 keys_read=0 first_frame=0 first=(0.000000,0.000000,0.000000) last_frame=0 last=(0.000000,0.000000,0.000000) output_raw=4a3bd180 output_offset=0x6c output_read=1 output=(0.000000,0.000000,0.000000)
2026-09-19 21:45:09.835 PoseEdit file handoff rotation-trace phase=native-reset-after person=3 joint=2 track=671248c4 target=52e5ad60 member=0x01fff04e keys=73254170 count=0 keys_read=0 first_frame=0 first=(0.000000,0.000000,0.000000) last_frame=0 last=(0.000000,0.000000,0.000000) output_raw=5023d900 output_offset=0x6c output_read=1 output=(0.000000,0.000000,0.000000)
2026-09-19 21:45:09.835 PoseEdit file handoff rotation-trace phase=native-reset-after person=3 joint=3 track=67124914 target=52e5c9c0 member=0x01fff04e keys=73254170 count=0 keys_read=0 first_frame=0 first=(0.000000,0.000000,0.000000) last_frame=0 last=(0.000000,0.000000,0.000000) output_raw=5023eb40 output_offset=0x6c output_read=1 output=(0.000000,0.000000,0.000000)
2026-09-19 21:45:09.838 PoseEdit file handoff end exec="native-reset" result=0x00000000 editpose=670fd3e0 pending_reset=1 note="physics waits for the native pending-reset flag to clear before binding the resulting pose"
2026-09-19 21:45:09.865 PoseEdit file handoff smooth-restart person=2 note="seeded from the incoming pose after native reset; no previous pose motion retained"
2026-09-19 21:45:10.115 performance profile window_ms=1000 frames=61 avg_ms total=1.874 housekeeping=0.137 bindings=0.372 diagnostics=0.004 colliders=0.233 axes=0.069 penis=0.394 penis_ownership=0.052 penis_gravity=0.007 penis_collision=0.025 penis_setup=0.050 penis_orientation=0.001 penis_translation=0.004 penis_solver=0.027 testicles=0.055 testicle_active=0.054 breasts=0.293 breasts_active=0.287 butt=0.086 butt_active=0.086 addons=0.218 addon_activation=0.080 addon_drive=0.092 addon_guard=0.000 addon_parent_pivot=0.000 addon_parent_translation=0.002 addon_parent_rotation=0.002 addon_gravity=0.001 addon_rotation_binding=0.000 addon_validation=0.086 addon_solver=0.043 addon_output=0.041 addon_cache=0.012 late=0.017 late_testicles=0.012 late_breasts=0.004 late_butt=0.001 traverse=0.000 addon_collision_body=0.000 addon_collision_self=0.000 addon_collision_addons=0.000 max_ms total=22.928 colliders=0.469 addons=0.902 calls late=75 traverse=0 body_collision=0 self_collision=0 addons_collision=0
2026-09-19 21:45:10.116 performance profile engine operation=symbols avg_ms=0.000000 max_call_ms=0.000000 calls_per_frame=0.00 window_ms=1000 frames=61 nested=1
2026-09-19 21:45:10.116 performance profile engine operation=find_object avg_ms=0.563934 max_call_ms=0.035600 calls_per_frame=2278.85 window_ms=1000 frames=61 nested=1
2026-09-19 21:45:10.116 performance profile engine operation=script_find avg_ms=0.000000 max_call_ms=0.000000 calls_per_frame=0.00 window_ms=1000 frames=61 nested=1
2026-09-19 21:45:10.116 performance profile engine operation=axis_lookup avg_ms=0.718025 max_call_ms=2.131700 calls_per_frame=45.43 window_ms=1000 frames=61 nested=1
2026-09-19 21:45:10.116 performance profile engine operation=pivot_query avg_ms=0.026448 max_call_ms=0.017700 calls_per_frame=92.66 window_ms=1000 frames=61 nested=1
2026-09-19 21:45:10.116 collision profile window_ms=1000 frames=61 avg_ms body_collection=0.020136 body_solve=0.008741 body_position=0.005151 body_refine=0.001092 body_velocity=0.001608 addon_prepare_query=0.000000 addon_coherent_solve=0.000000 addon_visible_solve=0.000000 room_sphere=0.000000 room_sweep=0.000000 room_single=0.000000
2026-09-19 21:45:10.116 collision profile window_ms=1000 frames=61 max_call_ms body_collection=0.046700 body_solve=0.091700 body_position=0.074900 body_refine=0.001700 body_velocity=0.015000 addon_prepare_query=0.000000 addon_coherent_solve=0.000000 addon_visible_solve=0.000000 room_sphere=0.000000 room_sweep=0.000000 room_single=0.000000
2026-09-19 21:45:10.118 collision profile window_ms=1000 frames=61 calls body_collection=126 body_solve=90 body_position=90 body_refine=90 body_velocity=90 addon_prepare_query=0 addon_coherent_solve=0 addon_visible_solve=0 room_sphere=0 room_sweep=0 room_single=0
2026-09-19 21:45:10.118 collision profile window_ms=1000 frames=61 counts body_contacts=14 body_passes=115 body_jacobians=55 body_predictions=811 addon_contacts=0 addon_passes=0 addon_gradients=0 room_nodes=0 room_triangles=0
2026-09-19 21:45:11.114 performance profile window_ms=1000 frames=66 avg_ms total=1.733 housekeeping=0.030 bindings=0.351 diagnostics=0.003 colliders=0.200 axes=0.062 penis=0.389 penis_ownership=0.087 penis_gravity=0.006 penis_collision=0.018 penis_setup=0.083 penis_orientation=0.001 penis_translation=0.003 penis_solver=0.028 testicles=0.050 testicle_active=0.050 breasts=0.286 breasts_active=0.282 butt=0.073 butt_active=0.073 addons=0.279 addon_activation=0.128 addon_drive=0.098 addon_guard=0.001 addon_parent_pivot=0.000 addon_parent_translation=0.003 addon_parent_rotation=0.002 addon_gravity=0.002 addon_rotation_binding=0.000 addon_validation=0.090 addon_solver=0.050 addon_output=0.048 addon_cache=0.009 late=0.007 late_testicles=0.003 late_breasts=0.003 late_butt=0.000 traverse=0.000 addon_collision_body=0.000 addon_collision_self=0.000 addon_collision_addons=0.000 max_ms total=22.750 colliders=0.497 addons=2.218 calls late=66 traverse=0 body_collision=0 self_collision=0 addons_collision=0
2026-09-19 21:45:11.114 performance profile engine operation=symbols avg_ms=0.000000 max_call_ms=0.000000 calls_per_frame=0.00 window_ms=1000 frames=66 nested=1
2026-09-19 21:45:11.115 performance profile engine operation=find_object avg_ms=0.515944 max_call_ms=0.066300 calls_per_frame=2108.41 window_ms=1000 frames=66 nested=1
2026-09-19 21:45:11.115 performance profile engine operation=script_find avg_ms=0.000000 max_call_ms=0.000000 calls_per_frame=0.00 window_ms=1000 frames=66 nested=1
2026-09-19 21:45:11.115 performance profile engine operation=axis_lookup avg_ms=0.655738 max_call_ms=2.035800 calls_per_frame=43.06 window_ms=1000 frames=66 nested=1
2026-09-19 21:45:11.115 performance profile engine operation=pivot_query avg_ms=0.024458 max_call_ms=0.010100 calls_per_frame=93.00 window_ms=1000 frames=66 nested=1
2026-09-19 21:45:11.115 collision profile window_ms=1000 frames=66 avg_ms body_collection=0.014909 body_solve=0.006097 body_position=0.003306 body_refine=0.001120 body_velocity=0.000982 addon_prepare_query=0.000000 addon_coherent_solve=0.000000 addon_visible_solve=0.000000 room_sphere=0.000000 room_sweep=0.000000 room_single=0.000000
2026-09-19 21:45:11.115 collision profile window_ms=1000 frames=66 max_call_ms body_collection=0.038300 body_solve=0.075800 body_position=0.059500 body_refine=0.001200 body_velocity=0.015100 addon_prepare_query=0.000000 addon_coherent_solve=0.000000 addon_visible_solve=0.000000 room_sphere=0.000000 room_sweep=0.000000 room_single=0.000000
2026-09-19 21:45:11.116 collision profile window_ms=1000 frames=66 calls body_collection=170 body_solve=104 body_position=104 body_refine=104 body_velocity=104 addon_prepare_query=0 addon_coherent_solve=0 addon_visible_solve=0 room_sphere=0 room_sweep=0 room_single=0
2026-09-19 21:45:11.116 collision profile window_ms=1000 frames=66 counts body_contacts=9 body_passes=120 body_jacobians=37 body_predictions=692 addon_contacts=0 addon_passes=0 addon_gradients=0 room_nodes=0 room_triangles=0
2026-09-19 21:45:12.111 performance profile window_ms=1000 frames=74 avg_ms total=1.528 housekeeping=0.027 bindings=0.303 diagnostics=0.003 colliders=0.197 axes=0.055 penis=0.309 penis_ownership=0.006 penis_gravity=0.005 penis_collision=0.025 penis_setup=0.010 penis_orientation=0.001 penis_translation=0.003 penis_solver=0.026 testicles=0.055 testicle_active=0.055 breasts=0.256 breasts_active=0.252 butt=0.075 butt_active=0.074 addons=0.237 addon_activation=0.110 addon_drive=0.081 addon_guard=0.000 addon_parent_pivot=0.000 addon_parent_translation=0.003 addon_parent_rotation=0.001 addon_gravity=0.001 addon_rotation_binding=0.000 addon_validation=0.074 addon_solver=0.043 addon_output=0.041 addon_cache=0.009 late=0.006 late_testicles=0.003 late_breasts=0.003 late_butt=0.000 traverse=0.000 addon_collision_body=0.000 addon_collision_self=0.000 addon_collision_addons=0.000 max_ms total=22.436 colliders=0.415 addons=2.138 calls late=74 traverse=0 body_collision=0 self_collision=0 addons_collision=0
2026-09-19 21:45:12.112 performance profile engine operation=symbols avg_ms=0.000000 max_call_ms=0.000000 calls_per_frame=0.00 window_ms=1000 frames=74 nested=1
2026-09-19 21:45:12.112 performance profile engine operation=find_object avg_ms=0.480930 max_call_ms=0.105700 calls_per_frame=1975.53 window_ms=1000 frames=74 nested=1
2026-09-19 21:45:12.112 performance profile engine operation=script_find avg_ms=0.000000 max_call_ms=0.000000 calls_per_frame=0.00 window_ms=1000 frames=74 nested=1
2026-09-19 21:45:12.112 performance profile engine operation=axis_lookup avg_ms=0.610004 max_call_ms=2.125300 calls_per_frame=42.68 window_ms=1000 frames=74 nested=1
2026-09-19 21:45:12.112 performance profile engine operation=pivot_query avg_ms=0.023111 max_call_ms=0.003800 calls_per_frame=93.00 window_ms=1000 frames=74 nested=1
2026-09-19 21:45:12.112 collision profile window_ms=1000 frames=74 avg_ms body_collection=0.022223 body_solve=0.013218 body_position=0.007957 body_refine=0.001551 body_velocity=0.002716 addon_prepare_query=0.000000 addon_coherent_solve=0.000000 addon_visible_solve=0.000000 room_sphere=0.000000 room_sweep=0.000000 room_single=0.000000
2026-09-19 21:45:12.112 collision profile window_ms=1000 frames=74 max_call_ms body_collection=0.034800 body_solve=0.048500 body_position=0.039800 body_refine=0.001300 body_velocity=0.008300 addon_prepare_query=0.000000 addon_coherent_solve=0.000000 addon_visible_solve=0.000000 room_sphere=0.000000 room_sweep=0.000000 room_single=0.000000
2026-09-19 21:45:12.113 collision profile window_ms=1000 frames=74 calls body_collection=162 body_solve=162 body_position=162 body_refine=162 body_velocity=162 addon_prepare_query=0 addon_coherent_solve=0 addon_visible_solve=0 room_sphere=0 room_sweep=0 room_single=0
2026-09-19 21:45:12.113 collision profile window_ms=1000 frames=74 counts body_contacts=41 body_passes=226 body_jacobians=150 body_predictions=1795 addon_contacts=0 addon_passes=0 addon_gradients=0 room_nodes=0 room_triangles=0
2026-09-19 21:45:12.915 performance profile body-update person=Person02 system=penis update_rate_hz=-1 published_hz=74.8 sample_ms=5000
2026-09-19 21:45:12.966 performance profile body-update person=Person02 system=testicles update_rate_hz=-1 published_hz=74.0 sample_ms=5000
2026-09-19 21:45:13.117 performance profile window_ms=1000 frames=78 avg_ms total=1.497 housekeeping=0.025 bindings=0.303 diagnostics=0.003 colliders=0.195 axes=0.049 penis=0.305 penis_ownership=0.006 penis_gravity=0.005 penis_collision=0.026 penis_setup=0.010 penis_orientation=0.001 penis_translation=0.003 penis_solver=0.026 testicles=0.059 testicle_active=0.059 breasts=0.241 breasts_active=0.237 butt=0.073 butt_active=0.073 addons=0.233 addon_activation=0.108 addon_drive=0.079 addon_guard=0.000 addon_parent_pivot=0.000 addon_parent_translation=0.002 addon_parent_rotation=0.001 addon_gravity=0.001 addon_rotation_binding=0.000 addon_validation=0.073 addon_solver=0.043 addon_output=0.042 addon_cache=0.010 late=0.007 late_testicles=0.003 late_breasts=0.003 late_butt=0.000 traverse=0.000 addon_collision_body=0.000 addon_collision_self=0.000 addon_collision_addons=0.000 max_ms total=23.515 colliders=0.342 addons=2.051 calls late=78 traverse=0 body_collision=0 self_collision=0 addons_collision=0
2026-09-19 21:45:13.118 performance profile engine operation=symbols avg_ms=0.000000 max_call_ms=0.000000 calls_per_frame=0.00 window_ms=1000 frames=78 nested=1
2026-09-19 21:45:13.118 performance profile engine operation=find_object avg_ms=0.456831 max_call_ms=0.075000 calls_per_frame=1876.63 window_ms=1000 frames=78 nested=1
2026-09-19 21:45:13.118 performance profile engine operation=script_find avg_ms=0.000000 max_call_ms=0.000000 calls_per_frame=0.00 window_ms=1000 frames=78 nested=1
2026-09-19 21:45:13.118 performance profile engine operation=axis_lookup avg_ms=0.576936 max_call_ms=2.035500 calls_per_frame=42.59 window_ms=1000 frames=78 nested=1
2026-09-19 21:45:13.118 performance profile engine operation=pivot_query avg_ms=0.023274 max_call_ms=0.018200 calls_per_frame=93.00 window_ms=1000 frames=78 nested=1
2026-09-19 21:45:13.119 collision profile window_ms=1000 frames=78 avg_ms body_collection=0.022318 body_solve=0.013049 body_position=0.007674 body_refine=0.001551 body_velocity=0.002801 addon_prepare_query=0.000000 addon_coherent_solve=0.000000 addon_visible_solve=0.000000 room_sphere=0.000000 room_sweep=0.000000 room_single=0.000000
2026-09-19 21:45:13.119 collision profile window_ms=1000 frames=78 max_call_ms body_collection=0.037000 body_solve=0.031200 body_position=0.022300 body_refine=0.001300 body_velocity=0.007300 addon_prepare_query=0.000000 addon_coherent_solve=0.000000 addon_visible_solve=0.000000 room_sphere=0.000000 room_sweep=0.000000 room_single=0.000000
2026-09-19 21:45:13.119 collision profile window_ms=1000 frames=78 calls body_collection=170 body_solve=170 body_position=170 body_refine=170 body_velocity=170 addon_prepare_query=0 addon_coherent_solve=0 addon_visible_solve=0 room_sphere=0 room_sweep=0 room_single=0
2026-09-19 21:45:13.119 collision profile window_ms=1000 frames=78 counts body_contacts=44 body_passes=234 body_jacobians=152 body_predictions=1834 addon_contacts=0 addon_passes=0 addon_gradients=0 room_nodes=0 room_triangles=0
2026-09-19 21:45:14.115 performance profile window_ms=1000 frames=79 avg_ms total=1.454 housekeeping=0.028 bindings=0.289 diagnostics=0.003 colliders=0.190 axes=0.050 penis=0.290 penis_ownership=0.006 penis_gravity=0.005 penis_collision=0.022 penis_setup=0.010 penis_orientation=0.001 penis_translation=0.003 penis_solver=0.026 testicles=0.055 testicle_active=0.055 breasts=0.240 breasts_active=0.235 butt=0.072 butt_active=0.072 addons=0.227 addon_activation=0.106 addon_drive=0.080 addon_guard=0.000 addon_parent_pivot=0.000 addon_parent_translation=0.002 addon_parent_rotation=0.001 addon_gravity=0.001 addon_rotation_binding=0.000 addon_validation=0.074 addon_solver=0.039 addon_output=0.038 addon_cache=0.009 late=0.007 late_testicles=0.003 late_breasts=0.003 late_butt=0.000 traverse=0.000 addon_collision_body=0.000 addon_collision_self=0.000 addon_collision_addons=0.000 max_ms total=22.781 colliders=0.316 addons=2.298 calls late=79 traverse=0 body_collision=0 self_collision=0 addons_collision=0
2026-09-19 21:45:14.115 performance profile engine operation=symbols avg_ms=0.000000 max_call_ms=0.000000 calls_per_frame=0.00 window_ms=1000 frames=79 nested=1
2026-09-19 21:45:14.116 performance profile engine operation=find_object avg_ms=0.452116 max_call_ms=0.101300 calls_per_frame=1853.46 window_ms=1000 frames=79 nested=1
2026-09-19 21:45:14.116 performance profile engine operation=script_find avg_ms=0.000000 max_call_ms=0.000000 calls_per_frame=0.00 window_ms=1000 frames=79 nested=1
2026-09-19 21:45:14.116 performance profile engine operation=axis_lookup avg_ms=0.571887 max_call_ms=2.076000 calls_per_frame=42.56 window_ms=1000 frames=79 nested=1
2026-09-19 21:45:14.116 performance profile engine operation=pivot_query avg_ms=0.022381 max_call_ms=0.007400 calls_per_frame=93.00 window_ms=1000 frames=79 nested=1
2026-09-19 21:45:14.116 collision profile window_ms=1000 frames=79 avg_ms body_collection=0.021982 body_solve=0.009700 body_position=0.004986 body_refine=0.001782 body_velocity=0.001997 addon_prepare_query=0.000000 addon_coherent_solve=0.000000 addon_visible_solve=0.000000 room_sphere=0.000000 room_sweep=0.000000 room_single=0.000000
2026-09-19 21:45:14.117 collision profile window_ms=1000 frames=79 max_call_ms body_collection=0.028300 body_solve=0.029000 body_position=0.020900 body_refine=0.018600 body_velocity=0.008200 addon_prepare_query=0.000000 addon_coherent_solve=0.000000 addon_visible_solve=0.000000 room_sphere=0.000000 room_sweep=0.000000 room_single=0.000000
2026-09-19 21:45:14.117 collision profile window_ms=1000 frames=79 calls body_collection=172 body_solve=172 body_position=172 body_refine=172 body_velocity=172 addon_prepare_query=0 addon_coherent_solve=0 addon_visible_solve=0 room_sphere=0 room_sweep=0 room_single=0
2026-09-19 21:45:14.117 collision profile window_ms=1000 frames=79 counts body_contacts=36 body_passes=219 body_jacobians=117 body_predictions=1533 addon_contacts=0 addon_passes=0 addon_gradients=0 room_nodes=0 room_triangles=0
2026-09-19 21:45:14.275 performance profile body-update person=Person02 system=breasts update_rate_hz=-1 published_hz=70.2 sample_ms=5016
2026-09-19 21:45:14.275 performance profile body-update person=Person02 system=butt update_rate_hz=-1 published_hz=70.2 sample_ms=5016
2026-09-19 21:45:15.123 performance profile window_ms=1000 frames=65 avg_ms total=1.697 housekeeping=0.033 bindings=0.361 diagnostics=0.003 colliders=0.190 axes=0.059 penis=0.341 penis_ownership=0.006 penis_gravity=0.005 penis_collision=0.023 penis_setup=0.010 penis_orientation=0.001 penis_translation=0.004 penis_solver=0.027 testicles=0.057 testicle_active=0.057 breasts=0.296 breasts_active=0.292 butt=0.075 butt_active=0.075 addons=0.271 addon_activation=0.118 addon_drive=0.104 addon_guard=0.000 addon_parent_pivot=0.000 addon_parent_translation=0.002 addon_parent_rotation=0.002 addon_gravity=0.001 addon_rotation_binding=0.000 addon_validation=0.097 addon_solver=0.046 addon_output=0.044 addon_cache=0.009 late=0.007 late_testicles=0.003 late_breasts=0.003 late_butt=0.000 traverse=0.000 addon_collision_body=0.000 addon_collision_self=0.000 addon_collision_addons=0.000 max_ms total=23.425 colliders=0.344 addons=2.114 calls late=65 traverse=0 body_collision=0 self_collision=0 addons_collision=0
2026-09-19 21:45:15.123 performance profile engine operation=symbols avg_ms=0.000000 max_call_ms=0.000000 calls_per_frame=0.00 window_ms=1000 frames=65 nested=1
2026-09-19 21:45:15.123 performance profile engine operation=find_object avg_ms=0.535908 max_call_ms=0.105000 calls_per_frame=2242.54 window_ms=1000 frames=65 nested=1
2026-09-19 21:45:15.124 performance profile engine operation=script_find avg_ms=0.000000 max_call_ms=0.000000 calls_per_frame=0.00 window_ms=1000 frames=65 nested=1
2026-09-19 21:45:15.124 performance profile engine operation=axis_lookup avg_ms=0.682652 max_call_ms=2.027900 calls_per_frame=42.92 window_ms=1000 frames=65 nested=1
2026-09-19 21:45:15.124 performance profile engine operation=pivot_query avg_ms=0.022049 max_call_ms=0.009800 calls_per_frame=93.00 window_ms=1000 frames=65 nested=1
2026-09-19 21:45:15.124 collision profile window_ms=1000 frames=65 avg_ms body_collection=0.024977 body_solve=0.010197 body_position=0.005000 body_refine=0.001802 body_velocity=0.002351 addon_prepare_query=0.000000 addon_coherent_solve=0.000000 addon_visible_solve=0.000000 room_sphere=0.000000 room_sweep=0.000000 room_single=0.000000
2026-09-19 21:45:15.124 collision profile window_ms=1000 frames=65 max_call_ms body_collection=0.110900 body_solve=0.023000 body_position=0.014200 body_refine=0.001300 body_velocity=0.008100 addon_prepare_query=0.000000 addon_coherent_solve=0.000000 addon_visible_solve=0.000000 room_sphere=0.000000 room_sweep=0.000000 room_single=0.000000
2026-09-19 21:45:15.125 collision profile window_ms=1000 frames=65 calls body_collection=162 body_solve=162 body_position=162 body_refine=162 body_velocity=162 addon_prepare_query=0 addon_coherent_solve=0 addon_visible_solve=0 room_sphere=0 room_sweep=0 room_single=0
2026-09-19 21:45:15.125 collision profile window_ms=1000 frames=65 counts body_contacts=36 body_passes=200 body_jacobians=105 body_predictions=1395 addon_contacts=0 addon_passes=0 addon_gradients=0 room_nodes=0 room_triangles=0
2026-09-19 21:45:16.121 performance profile window_ms=1000 frames=77 avg_ms total=1.530 housekeeping=0.029 bindings=0.302 diagnostics=0.003 colliders=0.193 axes=0.101 penis=0.296 penis_ownership=0.006 penis_gravity=0.005 penis_collision=0.021 penis_setup=0.010 penis_orientation=0.001 penis_translation=0.003 penis_solver=0.026 testicles=0.055 testicle_active=0.055 breasts=0.243 breasts_active=0.239 butt=0.071 butt_active=0.071 addons=0.226 addon_activation=0.106 addon_drive=0.077 addon_guard=0.000 addon_parent_pivot=0.000 addon_parent_translation=0.002 addon_parent_rotation=0.002 addon_gravity=0.001 addon_rotation_binding=0.000 addon_validation=0.071 addon_solver=0.041 addon_output=0.039 addon_cache=0.009 late=0.007 late_testicles=0.003 late_breasts=0.004 late_butt=0.000 traverse=0.000 addon_collision_body=0.000 addon_collision_self=0.000 addon_collision_addons=0.000 max_ms total=26.689 colliders=0.336 addons=2.034 calls late=77 traverse=0 body_collision=0 self_collision=0 addons_collision=0
2026-09-19 21:45:16.121 performance profile engine operation=symbols avg_ms=0.000000 max_call_ms=0.000000 calls_per_frame=0.00 window_ms=1000 frames=77 nested=1
2026-09-19 21:45:16.121 performance profile engine operation=find_object avg_ms=0.497244 max_call_ms=0.028500 calls_per_frame=2076.74 window_ms=1000 frames=77 nested=1
2026-09-19 21:45:16.121 performance profile engine operation=script_find avg_ms=0.000000 max_call_ms=0.000000 calls_per_frame=0.00 window_ms=1000 frames=77 nested=1
2026-09-19 21:45:16.122 performance profile engine operation=axis_lookup avg_ms=0.630526 max_call_ms=2.060800 calls_per_frame=42.65 window_ms=1000 frames=77 nested=1
2026-09-19 21:45:16.122 performance profile engine operation=pivot_query avg_ms=0.022668 max_call_ms=0.004900 calls_per_frame=93.00 window_ms=1000 frames=77 nested=1
2026-09-19 21:45:16.122 collision profile window_ms=1000 frames=77 avg_ms body_collection=0.022271 body_solve=0.008722 body_position=0.004095 body_refine=0.001617 body_velocity=0.001912 addon_prepare_query=0.000000 addon_coherent_solve=0.000000 addon_visible_solve=0.000000 room_sphere=0.000000 room_sweep=0.000000 room_single=0.000000
2026-09-19 21:45:16.122 collision profile window_ms=1000 frames=77 max_call_ms body_collection=0.041500 body_solve=0.026200 body_position=0.015600 body_refine=0.002400 body_velocity=0.009600 addon_prepare_query=0.000000 addon_coherent_solve=0.000000 addon_visible_solve=0.000000 room_sphere=0.000000 room_sweep=0.000000 room_single=0.000000
2026-09-19 21:45:16.122 collision profile window_ms=1000 frames=77 calls body_collection=172 body_solve=172 body_position=172 body_refine=172 body_velocity=172 addon_prepare_query=0 addon_coherent_solve=0 addon_visible_solve=0 room_sphere=0 room_sweep=0 room_single=0
2026-09-19 21:45:16.122 collision profile window_ms=1000 frames=77 counts body_contacts=35 body_passes=209 body_jacobians=102 body_predictions=1399 addon_contacts=0 addon_passes=0 addon_gradients=0 room_nodes=0 room_triangles=0
2026-09-19 21:45:17.114 performance profile window_ms=1000 frames=79 avg_ms total=1.462 housekeeping=0.027 bindings=0.291 diagnostics=0.003 colliders=0.191 axes=0.051 penis=0.296 penis_ownership=0.006 penis_gravity=0.006 penis_collision=0.020 penis_setup=0.010 penis_orientation=0.001 penis_translation=0.003 penis_solver=0.026 testicles=0.056 testicle_active=0.055 breasts=0.240 breasts_active=0.236 butt=0.072 butt_active=0.071 addons=0.226 addon_activation=0.103 addon_drive=0.080 addon_guard=0.000 addon_parent_pivot=0.000 addon_parent_translation=0.002 addon_parent_rotation=0.001 addon_gravity=0.001 addon_rotation_binding=0.000 addon_validation=0.074 addon_solver=0.040 addon_output=0.039 addon_cache=0.009 late=0.007 late_testicles=0.003 late_breasts=0.003 late_butt=0.000 traverse=0.000 addon_collision_body=0.000 addon_collision_self=0.000 addon_collision_addons=0.000 max_ms total=22.584 colliders=0.322 addons=2.122 calls late=79 traverse=0 body_collision=0 self_collision=0 addons_collision=0
2026-09-19 21:45:17.114 performance profile engine operation=symbols avg_ms=0.000000 max_call_ms=0.000000 calls_per_frame=0.00 window_ms=1000 frames=79 nested=1
2026-09-19 21:45:17.114 performance profile engine operation=find_object avg_ms=0.452109 max_call_ms=0.020100 calls_per_frame=1853.41 window_ms=1000 frames=79 nested=1
2026-09-19 21:45:17.114 performance profile engine operation=script_find avg_ms=0.000000 max_call_ms=0.000000 calls_per_frame=0.00 window_ms=1000 frames=79 nested=1
2026-09-19 21:45:17.115 performance profile engine operation=axis_lookup avg_ms=0.577773 max_call_ms=2.132000 calls_per_frame=42.51 window_ms=1000 frames=79 nested=1
2026-09-19 21:45:17.115 performance profile engine operation=pivot_query avg_ms=0.022881 max_call_ms=0.006500 calls_per_frame=93.00 window_ms=1000 frames=79 nested=1
2026-09-19 21:45:17.115 collision profile window_ms=1000 frames=79 avg_ms body_collection=0.022237 body_solve=0.008328 body_position=0.003915 body_refine=0.001566 body_velocity=0.001825 addon_prepare_query=0.000000 addon_coherent_solve=0.000000 addon_visible_solve=0.000000 room_sphere=0.000000 room_sweep=0.000000 room_single=0.000000
2026-09-19 21:45:17.115 collision profile window_ms=1000 frames=79 max_call_ms body_collection=0.035600 body_solve=0.023400 body_position=0.014100 body_refine=0.001400 body_velocity=0.008400 addon_prepare_query=0.000000 addon_coherent_solve=0.000000 addon_visible_solve=0.000000 room_sphere=0.000000 room_sweep=0.000000 room_single=0.000000
2026-09-19 21:45:17.115 collision profile window_ms=1000 frames=79 calls body_collection=172 body_solve=172 body_position=172 body_refine=172 body_velocity=172 addon_prepare_query=0 addon_coherent_solve=0 addon_visible_solve=0 room_sphere=0 room_sweep=0 room_single=0
2026-09-19 21:45:17.115 collision profile window_ms=1000 frames=79 counts body_contacts=34 body_passes=208 body_jacobians=99 body_predictions=1373 addon_contacts=0 addon_passes=0 addon_gradients=0 room_nodes=0 room_triangles=0
2026-09-19 21:45:17.916 performance profile body-update person=Person02 system=penis update_rate_hz=-1 published_hz=74.0 sample_ms=5000
2026-09-19 21:45:17.966 performance profile body-update person=Person02 system=testicles update_rate_hz=-1 published_hz=74.0 sample_ms=5000
2026-09-19 21:45:18.116 performance profile window_ms=1000 frames=70 avg_ms total=1.641 housekeeping=0.033 bindings=0.341 diagnostics=0.003 colliders=0.203 axes=0.055 penis=0.332 penis_ownership=0.006 penis_gravity=0.005 penis_collision=0.022 penis_setup=0.010 penis_orientation=0.001 penis_translation=0.003 penis_solver=0.027 testicles=0.064 testicle_active=0.063 breasts=0.271 breasts_active=0.266 butt=0.074 butt_active=0.074 addons=0.256 addon_activation=0.115 addon_drive=0.093 addon_guard=0.001 addon_parent_pivot=0.000 addon_parent_translation=0.003 addon_parent_rotation=0.002 addon_gravity=0.001 addon_rotation_binding=0.000 addon_validation=0.085 addon_solver=0.046 addon_output=0.044 addon_cache=0.009 late=0.007 late_testicles=0.003 late_breasts=0.003 late_butt=0.000 traverse=0.000 addon_collision_body=0.000 addon_collision_self=0.000 addon_collision_addons=0.000 max_ms total=23.728 colliders=0.492 addons=2.034 calls late=70 traverse=0 body_collision=0 self_collision=0 addons_collision=0
2026-09-19 21:45:18.116 performance profile engine operation=symbols avg_ms=0.000000 max_call_ms=0.000000 calls_per_frame=0.00 window_ms=1000 frames=70 nested=1
2026-09-19 21:45:18.116 performance profile engine operation=find_object avg_ms=0.506630 max_call_ms=0.087500 calls_per_frame=2085.73 window_ms=1000 frames=70 nested=1
2026-09-19 21:45:18.116 performance profile engine operation=script_find avg_ms=0.000000 max_call_ms=0.000000 calls_per_frame=0.00 window_ms=1000 frames=70 nested=1
2026-09-19 21:45:18.116 performance profile engine operation=axis_lookup avg_ms=0.643036 max_call_ms=2.043900 calls_per_frame=42.77 window_ms=1000 frames=70 nested=1
2026-09-19 21:45:18.118 performance profile engine operation=pivot_query avg_ms=0.025373 max_call_ms=0.068600 calls_per_frame=93.00 window_ms=1000 frames=70 nested=1
2026-09-19 21:45:18.118 collision profile window_ms=1000 frames=70 avg_ms body_collection=0.023576 body_solve=0.009559 body_position=0.004583 body_refine=0.001784 body_velocity=0.002090 addon_prepare_query=0.000000 addon_coherent_solve=0.000000 addon_visible_solve=0.000000 room_sphere=0.000000 room_sweep=0.000000 room_single=0.000000
2026-09-19 21:45:18.118 collision profile window_ms=1000 frames=70 max_call_ms body_collection=0.030600 body_solve=0.024800 body_position=0.014700 body_refine=0.001200 body_velocity=0.009000 addon_prepare_query=0.000000 addon_coherent_solve=0.000000 addon_visible_solve=0.000000 room_sphere=0.000000 room_sweep=0.000000 room_single=0.000000
2026-09-19 21:45:18.118 collision profile window_ms=1000 frames=70 calls body_collection=170 body_solve=170 body_position=170 body_refine=170 body_velocity=170 addon_prepare_query=0 addon_coherent_solve=0 addon_visible_solve=0 room_sphere=0 room_sweep=0 room_single=0
2026-09-19 21:45:18.118 collision profile window_ms=1000 frames=70 counts body_contacts=34 body_passes=209 body_jacobians=102 body_predictions=1394 addon_contacts=0 addon_passes=0 addon_gradients=0 room_nodes=0 room_triangles=0
2026-09-19 21:45:19.118 performance profile window_ms=1000 frames=75 avg_ms total=1.529 housekeeping=0.026 bindings=0.302 diagnostics=0.003 colliders=0.196 axes=0.053 penis=0.308 penis_ownership=0.006 penis_gravity=0.005 penis_collision=0.021 penis_setup=0.010 penis_orientation=0.001 penis_translation=0.003 penis_solver=0.026 testicles=0.058 testicle_active=0.057 breasts=0.256 breasts_active=0.251 butt=0.074 butt_active=0.074 addons=0.242 addon_activation=0.109 addon_drive=0.086 addon_guard=0.000 addon_parent_pivot=0.000 addon_parent_translation=0.003 addon_parent_rotation=0.001 addon_gravity=0.001 addon_rotation_binding=0.000 addon_validation=0.079 addon_solver=0.044 addon_output=0.043 addon_cache=0.010 late=0.007 late_testicles=0.003 late_breasts=0.003 late_butt=0.000 traverse=0.000 addon_collision_body=0.000 addon_collision_self=0.000 addon_collision_addons=0.000 max_ms total=22.331 colliders=0.435 addons=1.997 calls late=75 traverse=0 body_collision=0 self_collision=0 addons_collision=0
2026-09-19 21:45:19.118 performance profile engine operation=symbols avg_ms=0.000000 max_call_ms=0.000000 calls_per_frame=0.00 window_ms=1000 frames=75 nested=1
2026-09-19 21:45:19.118 performance profile engine operation=find_object avg_ms=0.479267 max_call_ms=0.037900 calls_per_frame=1949.88 window_ms=1000 frames=75 nested=1
2026-09-19 21:45:19.118 performance profile engine operation=script_find avg_ms=0.000000 max_call_ms=0.000000 calls_per_frame=0.00 window_ms=1000 frames=75 nested=1
2026-09-19 21:45:19.119 performance profile engine operation=axis_lookup avg_ms=0.607675 max_call_ms=2.218900 calls_per_frame=42.72 window_ms=1000 frames=75 nested=1
2026-09-19 21:45:19.119 performance profile engine operation=pivot_query avg_ms=0.023633 max_call_ms=0.005500 calls_per_frame=93.00 window_ms=1000 frames=75 nested=1
2026-09-19 21:45:19.119 collision profile window_ms=1000 frames=75 avg_ms body_collection=0.023063 body_solve=0.009081 body_position=0.004425 body_refine=0.001605 body_velocity=0.001980 addon_prepare_query=0.000000 addon_coherent_solve=0.000000 addon_visible_solve=0.000000 room_sphere=0.000000 room_sweep=0.000000 room_single=0.000000
2026-09-19 21:45:19.119 collision profile window_ms=1000 frames=75 max_call_ms body_collection=0.048900 body_solve=0.023300 body_position=0.014000 body_refine=0.001200 body_velocity=0.008400 addon_prepare_query=0.000000 addon_coherent_solve=0.000000 addon_visible_solve=0.000000 room_sphere=0.000000 room_sweep=0.000000 room_single=0.000000
2026-09-19 21:45:19.119 collision profile window_ms=1000 frames=75 calls body_collection=168 body_solve=168 body_position=168 body_refine=168 body_velocity=168 addon_prepare_query=0 addon_coherent_solve=0 addon_visible_solve=0 room_sphere=0 room_sweep=0 room_single=0
2026-09-19 21:45:19.119 collision profile window_ms=1000 frames=75 counts body_contacts=35 body_passes=209 body_jacobians=106 body_predictions=1423 addon_contacts=0 addon_passes=0 addon_gradients=0 room_nodes=0 room_triangles=0
2026-09-19 21:45:19.281 performance profile body-update person=Person02 system=breasts update_rate_hz=-1 published_hz=73.0 sample_ms=5000
2026-09-19 21:45:19.281 performance profile body-update person=Person02 system=butt update_rate_hz=-1 published_hz=73.0 sample_ms=5000
2026-09-19 21:45:20.114 performance profile window_ms=1000 frames=62 avg_ms total=1.832 housekeeping=0.136 bindings=0.366 diagnostics=0.003 colliders=0.192 axes=0.062 penis=0.353 penis_ownership=0.006 penis_gravity=0.005 penis_collision=0.022 penis_setup=0.009 penis_orientation=0.001 penis_translation=0.003 penis_solver=0.028 testicles=0.058 testicle_active=0.058 breasts=0.305 breasts_active=0.301 butt=0.074 butt_active=0.074 addons=0.273 addon_activation=0.125 addon_drive=0.096 addon_guard=0.001 addon_parent_pivot=0.000 addon_parent_translation=0.003 addon_parent_rotation=0.002 addon_gravity=0.001 addon_rotation_binding=0.000 addon_validation=0.088 addon_solver=0.049 addon_output=0.047 addon_cache=0.008 late=0.007 late_testicles=0.004 late_breasts=0.003 late_butt=0.000 traverse=0.000 addon_collision_body=0.000 addon_collision_self=0.000 addon_collision_addons=0.000 max_ms total=22.478 colliders=0.329 addons=2.041 calls late=62 traverse=0 body_collision=0 self_collision=0 addons_collision=0
2026-09-19 21:45:20.114 performance profile engine operation=symbols avg_ms=0.000000 max_call_ms=0.000000 calls_per_frame=0.00 window_ms=1000 frames=62 nested=1
2026-09-19 21:45:20.115 performance profile engine operation=find_object avg_ms=0.554723 max_call_ms=0.037600 calls_per_frame=2349.05 window_ms=1000 frames=62 nested=1
2026-09-19 21:45:20.115 performance profile engine operation=script_find avg_ms=0.000000 max_call_ms=0.000000 calls_per_frame=0.00 window_ms=1000 frames=62 nested=1
2026-09-19 21:45:20.115 performance profile engine operation=axis_lookup avg_ms=0.708018 max_call_ms=2.004400 calls_per_frame=43.26 window_ms=1000 frames=62 nested=1
2026-09-19 21:45:20.115 performance profile engine operation=pivot_query avg_ms=0.022553 max_call_ms=0.006000 calls_per_frame=93.00 window_ms=1000 frames=62 nested=1
2026-09-19 21:45:20.115 collision profile window_ms=1000 frames=62 avg_ms body_collection=0.023968 body_solve=0.010334 body_position=0.005031 body_refine=0.001889 body_velocity=0.002335 addon_prepare_query=0.000000 addon_coherent_solve=0.000000 addon_visible_solve=0.000000 room_sphere=0.000000 room_sweep=0.000000 room_single=0.000000
2026-09-19 21:45:20.115 collision profile window_ms=1000 frames=62 max_call_ms body_collection=0.025000 body_solve=0.023000 body_position=0.015700 body_refine=0.001200 body_velocity=0.008100 addon_prepare_query=0.000000 addon_coherent_solve=0.000000 addon_visible_solve=0.000000 room_sphere=0.000000 room_sweep=0.000000 room_single=0.000000
2026-09-19 21:45:20.117 collision profile window_ms=1000 frames=62 calls body_collection=162 body_solve=162 body_position=162 body_refine=162 body_velocity=162 addon_prepare_query=0 addon_coherent_solve=0 addon_visible_solve=0 room_sphere=0 room_sweep=0 room_single=0
2026-09-19 21:45:20.117 collision profile window_ms=1000 frames=62 counts body_contacts=34 body_passes=199 body_jacobians=101 body_predictions=1361 addon_contacts=0 addon_passes=0 addon_gradients=0 room_nodes=0 room_triangles=0
2026-09-19 21:45:21.114 performance profile window_ms=1000 frames=77 avg_ms total=1.624 housekeeping=0.140 bindings=0.308 diagnostics=0.003 colliders=0.202 axes=0.050 penis=0.297 penis_ownership=0.006 penis_gravity=0.006 penis_collision=0.021 penis_setup=0.010 penis_orientation=0.001 penis_translation=0.003 penis_solver=0.026 testicles=0.058 testicle_active=0.058 breasts=0.248 breasts_active=0.243 butt=0.072 butt_active=0.072 addons=0.236 addon_activation=0.107 addon_drive=0.084 addon_guard=0.000 addon_parent_pivot=0.000 addon_parent_translation=0.002 addon_parent_rotation=0.001 addon_gravity=0.001 addon_rotation_binding=0.000 addon_validation=0.077 addon_solver=0.043 addon_output=0.041 addon_cache=0.009 late=0.007 late_testicles=0.003 late_breasts=0.003 late_butt=0.000 traverse=0.000 addon_collision_body=0.000 addon_collision_self=0.000 addon_collision_addons=0.000 max_ms total=23.322 colliders=0.350 addons=2.167 calls late=77 traverse=0 body_collision=0 self_collision=0 addons_collision=0
2026-09-19 21:45:21.114 performance profile engine operation=symbols avg_ms=0.000000 max_call_ms=0.000000 calls_per_frame=0.00 window_ms=1000 frames=77 nested=1
2026-09-19 21:45:21.114 performance profile engine operation=find_object avg_ms=0.464448 max_call_ms=0.054700 calls_per_frame=1900.32 window_ms=1000 frames=77 nested=1
2026-09-19 21:45:21.114 performance profile engine operation=script_find avg_ms=0.000000 max_call_ms=0.000000 calls_per_frame=0.00 window_ms=1000 frames=77 nested=1
2026-09-19 21:45:21.114 performance profile engine operation=axis_lookup avg_ms=0.586818 max_call_ms=1.979100 calls_per_frame=42.55 window_ms=1000 frames=77 nested=1
2026-09-19 21:45:21.115 performance profile engine operation=pivot_query avg_ms=0.024282 max_call_ms=0.015400 calls_per_frame=93.00 window_ms=1000 frames=77 nested=1
2026-09-19 21:45:21.115 collision profile window_ms=1000 frames=77 avg_ms body_collection=0.022456 body_solve=0.008945 body_position=0.004268 body_refine=0.001638 body_velocity=0.002009 addon_prepare_query=0.000000 addon_coherent_solve=0.000000 addon_visible_solve=0.000000 room_sphere=0.000000 room_sweep=0.000000 room_single=0.000000
2026-09-19 21:45:21.115 collision profile window_ms=1000 frames=77 max_call_ms body_collection=0.029200 body_solve=0.023700 body_position=0.014400 body_refine=0.001200 body_velocity=0.008400 addon_prepare_query=0.000000 addon_coherent_solve=0.000000 addon_visible_solve=0.000000 room_sphere=0.000000 room_sweep=0.000000 room_single=0.000000
2026-09-19 21:45:21.115 collision profile window_ms=1000 frames=77 calls body_collection=174 body_solve=174 body_position=174 body_refine=174 body_velocity=174 addon_prepare_query=0 addon_coherent_solve=0 addon_visible_solve=0 room_sphere=0 room_sweep=0 room_single=0
2026-09-19 21:45:21.116 collision profile window_ms=1000 frames=77 counts body_contacts=37 body_passes=215 body_jacobians=108 body_predictions=1457 addon_contacts=0 addon_passes=0 addon_gradients=0 room_nodes=0 room_triangles=0
2026-09-19 21:45:22.116 performance profile window_ms=1000 frames=71 avg_ms total=1.600 housekeeping=0.034 bindings=0.326 diagnostics=0.003 colliders=0.202 axes=0.054 penis=0.297 penis_ownership=0.006 penis_gravity=0.005 penis_collision=0.022 penis_setup=0.010 penis_orientation=0.001 penis_translation=0.003 penis_solver=0.028 testicles=0.060 testicle_active=0.059 breasts=0.271 breasts_active=0.267 butt=0.075 butt_active=0.075 addons=0.266 addon_activation=0.117 addon_drive=0.099 addon_guard=0.001 addon_parent_pivot=0.000 addon_parent_translation=0.002 addon_parent_rotation=0.002 addon_gravity=0.001 addon_rotation_binding=0.000 addon_validation=0.092 addon_solver=0.047 addon_output=0.045 addon_cache=0.009 late=0.007 late_testicles=0.003 late_breasts=0.004 late_butt=0.000 traverse=0.000 addon_collision_body=0.000 addon_collision_self=0.000 addon_collision_addons=0.000 max_ms total=22.595 colliders=0.397 addons=2.268 calls late=71 traverse=0 body_collision=0 self_collision=0 addons_collision=0
2026-09-19 21:45:22.117 performance profile engine operation=symbols avg_ms=0.000000 max_call_ms=0.000000 calls_per_frame=0.00 window_ms=1000 frames=71 nested=1
2026-09-19 21:45:22.117 performance profile engine operation=find_object avg_ms=0.487021 max_call_ms=0.061600 calls_per_frame=1961.48 window_ms=1000 frames=71 nested=1
2026-09-19 21:45:22.118 performance profile engine operation=script_find avg_ms=0.000000 max_call_ms=0.000000 calls_per_frame=0.00 window_ms=1000 frames=71 nested=1
2026-09-19 21:45:22.118 performance profile engine operation=axis_lookup avg_ms=0.616152 max_call_ms=1.980800 calls_per_frame=42.82 window_ms=1000 frames=71 nested=1
2026-09-19 21:45:22.118 performance profile engine operation=pivot_query avg_ms=0.024238 max_call_ms=0.011100 calls_per_frame=93.00 window_ms=1000 frames=71 nested=1
2026-09-19 21:45:22.118 collision profile window_ms=1000 frames=71 avg_ms body_collection=0.024600 body_solve=0.009228 body_position=0.004379 body_refine=0.001776 body_velocity=0.001975 addon_prepare_query=0.000000 addon_coherent_solve=0.000000 addon_visible_solve=0.000000 room_sphere=0.000000 room_sweep=0.000000 room_single=0.000000
2026-09-19 21:45:22.118 collision profile window_ms=1000 frames=71 max_call_ms body_collection=0.058900 body_solve=0.024300 body_position=0.014800 body_refine=0.001200 body_velocity=0.008800 addon_prepare_query=0.000000 addon_coherent_solve=0.000000 addon_visible_solve=0.000000 room_sphere=0.000000 room_sweep=0.000000 room_single=0.000000
2026-09-19 21:45:22.118 collision profile window_ms=1000 frames=71 calls body_collection=174 body_solve=174 body_position=174 body_refine=174 body_velocity=174 addon_prepare_query=0 addon_coherent_solve=0 addon_visible_solve=0 room_sphere=0 room_sweep=0 room_single=0
2026-09-19 21:45:22.119 collision profile window_ms=1000 frames=71 counts body_contacts=32 body_passes=211 body_jacobians=98 body_predictions=1372 addon_contacts=0 addon_passes=0 addon_gradients=0 room_nodes=0 room_triangles=0
2026-09-19 21:45:22.920 performance profile body-update person=Person02 system=penis update_rate_hz=-1 published_hz=72.6 sample_ms=5000
2026-09-19 21:45:22.969 performance profile body-update person=Person02 system=testicles update_rate_hz=-1 published_hz=72.6 sample_ms=5000
2026-09-19 21:45:23.119 performance profile window_ms=1000 frames=78 avg_ms total=1.569 housekeeping=0.030 bindings=0.310 diagnostics=0.003 colliders=0.203 axes=0.098 penis=0.304 penis_ownership=0.006 penis_gravity=0.005 penis_collision=0.020 penis_setup=0.010 penis_orientation=0.001 penis_translation=0.003 penis_solver=0.026 testicles=0.061 testicle_active=0.061 breasts=0.247 breasts_active=0.243 butt=0.073 butt_active=0.073 addons=0.230 addon_activation=0.109 addon_drive=0.078 addon_guard=0.000 addon_parent_pivot=0.000 addon_parent_translation=0.002 addon_parent_rotation=0.002 addon_gravity=0.001 addon_rotation_binding=0.000 addon_validation=0.072 addon_solver=0.041 addon_output=0.039 addon_cache=0.008 late=0.007 late_testicles=0.003 late_breasts=0.003 late_butt=0.000 traverse=0.000 addon_collision_body=0.000 addon_collision_self=0.000 addon_collision_addons=0.000 max_ms total=27.750 colliders=0.336 addons=2.106 calls late=78 traverse=0 body_collision=0 self_collision=0 addons_collision=0
2026-09-19 21:45:23.120 performance profile engine operation=symbols avg_ms=0.000000 max_call_ms=0.000000 calls_per_frame=0.00 window_ms=1000 frames=78 nested=1
2026-09-19 21:45:23.120 performance profile engine operation=find_object avg_ms=0.497097 max_call_ms=0.061900 calls_per_frame=2050.71 window_ms=1000 frames=78 nested=1
2026-09-19 21:45:23.120 performance profile engine operation=script_find avg_ms=0.000000 max_call_ms=0.000000 calls_per_frame=0.00 window_ms=1000 frames=78 nested=1
2026-09-19 21:45:23.120 performance profile engine operation=axis_lookup avg_ms=0.632379 max_call_ms=2.088400 calls_per_frame=42.62 window_ms=1000 frames=78 nested=1
2026-09-19 21:45:23.120 performance profile engine operation=pivot_query avg_ms=0.024808 max_call_ms=0.025300 calls_per_frame=93.00 window_ms=1000 frames=78 nested=1
2026-09-19 21:45:23.120 collision profile window_ms=1000 frames=78 avg_ms body_collection=0.021941 body_solve=0.008595 body_position=0.004109 body_refine=0.001576 body_velocity=0.001901 addon_prepare_query=0.000000 addon_coherent_solve=0.000000 addon_visible_solve=0.000000 room_sphere=0.000000 room_sweep=0.000000 room_single=0.000000
2026-09-19 21:45:23.120 collision profile window_ms=1000 frames=78 max_call_ms body_collection=0.026600 body_solve=0.022700 body_position=0.013900 body_refine=0.001300 body_velocity=0.007900 addon_prepare_query=0.000000 addon_coherent_solve=0.000000 addon_visible_solve=0.000000 room_sphere=0.000000 room_sweep=0.000000 room_single=0.000000
2026-09-19 21:45:23.120 collision profile window_ms=1000 frames=78 calls body_collection=168 body_solve=168 body_position=168 body_refine=168 body_velocity=168 addon_prepare_query=0 addon_coherent_solve=0 addon_visible_solve=0 room_sphere=0 room_sweep=0 room_single=0
2026-09-19 21:45:23.120 collision profile window_ms=1000 frames=78 counts body_contacts=35 body_passes=207 body_jacobians=104 body_predictions=1405 addon_contacts=0 addon_passes=0 addon_gradients=0 room_nodes=0 room_triangles=0
2026-09-19 21:45:24.112 performance profile window_ms=1000 frames=75 avg_ms total=1.522 housekeeping=0.033 bindings=0.329 diagnostics=0.003 colliders=0.209 axes=0.001 penis=0.312 penis_ownership=0.006 penis_gravity=0.005 penis_collision=0.022 penis_setup=0.010 penis_orientation=0.001 penis_translation=0.003 penis_solver=0.028 testicles=0.057 testicle_active=0.057 breasts=0.259 breasts_active=0.254 butt=0.073 butt_active=0.072 addons=0.238 addon_activation=0.111 addon_drive=0.084 addon_guard=0.000 addon_parent_pivot=0.000 addon_parent_translation=0.002 addon_parent_rotation=0.002 addon_gravity=0.001 addon_rotation_binding=0.000 addon_validation=0.078 addon_solver=0.041 addon_output=0.039 addon_cache=0.009 late=0.007 late_testicles=0.003 late_breasts=0.003 late_butt=0.000 traverse=0.000 addon_collision_body=0.000 addon_collision_self=0.000 addon_collision_addons=0.000 max_ms total=24.480 colliders=0.347 addons=2.233 calls late=75 traverse=0 body_collision=0 self_collision=0 addons_collision=0
2026-09-19 21:45:24.113 performance profile engine operation=symbols avg_ms=0.000000 max_call_ms=0.000000 calls_per_frame=0.00 window_ms=1000 frames=75 nested=1
2026-09-19 21:45:24.113 performance profile engine operation=find_object avg_ms=0.444513 max_call_ms=0.103200 calls_per_frame=1768.79 window_ms=1000 frames=75 nested=1
2026-09-19 21:45:24.113 performance profile engine operation=script_find avg_ms=0.000000 max_call_ms=0.000000 calls_per_frame=0.00 window_ms=1000 frames=75 nested=1
2026-09-19 21:45:24.113 performance profile engine operation=axis_lookup avg_ms=0.562840 max_call_ms=2.100200 calls_per_frame=42.64 window_ms=1000 frames=75 nested=1
2026-09-19 21:45:24.113 performance profile engine operation=pivot_query avg_ms=0.025019 max_call_ms=0.003000 calls_per_frame=93.00 window_ms=1000 frames=75 nested=1
2026-09-19 21:45:24.114 collision profile window_ms=1000 frames=75 avg_ms body_collection=0.023335 body_solve=0.008943 body_position=0.004551 body_refine=0.001644 body_velocity=0.001729 addon_prepare_query=0.000000 addon_coherent_solve=0.000000 addon_visible_solve=0.000000 room_sphere=0.000000 room_sweep=0.000000 room_single=0.000000
2026-09-19 21:45:24.114 collision profile window_ms=1000 frames=75 max_call_ms body_collection=0.035600 body_solve=0.041200 body_position=0.035800 body_refine=0.001200 body_velocity=0.008300 addon_prepare_query=0.000000 addon_coherent_solve=0.000000 addon_visible_solve=0.000000 room_sphere=0.000000 room_sweep=0.000000 room_single=0.000000
2026-09-19 21:45:24.114 collision profile window_ms=1000 frames=75 calls body_collection=172 body_solve=172 body_position=172 body_refine=172 body_velocity=172 addon_prepare_query=0 addon_coherent_solve=0 addon_visible_solve=0 room_sphere=0 room_sweep=0 room_single=0
2026-09-19 21:45:24.114 collision profile window_ms=1000 frames=75 counts body_contacts=30 body_passes=211 body_jacobians=98 body_predictions=1368 addon_contacts=0 addon_passes=0 addon_gradients=0 room_nodes=0 room_triangles=0
2026-09-19 21:45:24.280 performance profile body-update person=Person02 system=breasts update_rate_hz=-1 published_hz=73.2 sample_ms=5000
2026-09-19 21:45:24.280 performance profile body-update person=Person02 system=butt update_rate_hz=-1 published_hz=73.2 sample_ms=5000
2026-09-19 21:45:25.119 performance profile window_ms=1000 frames=78 avg_ms total=1.548 housekeeping=0.029 bindings=0.309 diagnostics=0.003 colliders=0.202 axes=0.099 penis=0.300 penis_ownership=0.006 penis_gravity=0.005 penis_collision=0.021 penis_setup=0.010 penis_orientation=0.001 penis_translation=0.003 penis_solver=0.026 testicles=0.059 testicle_active=0.058 breasts=0.227 breasts_active=0.223 butt=0.075 butt_active=0.074 addons=0.234 addon_activation=0.110 addon_drive=0.078 addon_guard=0.000 addon_parent_pivot=0.000 addon_parent_translation=0.002 addon_parent_rotation=0.001 addon_gravity=0.001 addon_rotation_binding=0.000 addon_validation=0.071 addon_solver=0.044 addon_output=0.042 addon_cache=0.009 late=0.007 late_testicles=0.003 late_breasts=0.003 late_butt=0.000 traverse=0.000 addon_collision_body=0.000 addon_collision_self=0.000 addon_collision_addons=0.000 max_ms total=23.706 colliders=0.376 addons=2.148 calls late=78 traverse=0 body_collision=0 self_collision=0 addons_collision=0
2026-09-19 21:45:25.119 performance profile engine operation=symbols avg_ms=0.000000 max_call_ms=0.000000 calls_per_frame=0.00 window_ms=1000 frames=78 nested=1
2026-09-19 21:45:25.119 performance profile engine operation=find_object avg_ms=0.483850 max_call_ms=0.098200 calls_per_frame=1963.71 window_ms=1000 frames=78 nested=1
2026-09-19 21:45:25.119 performance profile engine operation=script_find avg_ms=0.000000 max_call_ms=0.000000 calls_per_frame=0.00 window_ms=1000 frames=78 nested=1
2026-09-19 21:45:25.120 performance profile engine operation=axis_lookup avg_ms=0.614727 max_call_ms=2.046400 calls_per_frame=42.64 window_ms=1000 frames=78 nested=1
2026-09-19 21:45:25.120 performance profile engine operation=pivot_query avg_ms=0.024201 max_call_ms=0.006200 calls_per_frame=93.00 window_ms=1000 frames=78 nested=1
2026-09-19 21:45:25.120 collision profile window_ms=1000 frames=78 avg_ms body_collection=0.023114 body_solve=0.009027 body_position=0.004358 body_refine=0.001594 body_velocity=0.002028 addon_prepare_query=0.000000 addon_coherent_solve=0.000000 addon_visible_solve=0.000000 room_sphere=0.000000 room_sweep=0.000000 room_single=0.000000
2026-09-19 21:45:25.120 collision profile window_ms=1000 frames=78 max_call_ms body_collection=0.093000 body_solve=0.027500 body_position=0.016800 body_refine=0.001600 body_velocity=0.009500 addon_prepare_query=0.000000 addon_coherent_solve=0.000000 addon_visible_solve=0.000000 room_sphere=0.000000 room_sweep=0.000000 room_single=0.000000
2026-09-19 21:45:25.120 collision profile window_ms=1000 frames=78 calls body_collection=172 body_solve=172 body_position=172 body_refine=172 body_velocity=172 addon_prepare_query=0 addon_coherent_solve=0 addon_visible_solve=0 room_sphere=0 room_sweep=0 room_single=0
2026-09-19 21:45:25.121 collision profile window_ms=1000 frames=78 counts body_contacts=37 body_passes=213 body_jacobians=108 body_predictions=1451 addon_contacts=0 addon_passes=0 addon_gradients=0 room_nodes=0 room_triangles=0
2026-09-19 21:45:26.112 performance profile window_ms=1000 frames=79 avg_ms total=1.420 housekeeping=0.030 bindings=0.288 diagnostics=0.003 colliders=0.197 axes=0.001 penis=0.290 penis_ownership=0.006 penis_gravity=0.005 penis_collision=0.020 penis_setup=0.009 penis_orientation=0.001 penis_translation=0.003 penis_solver=0.026 testicles=0.056 testicle_active=0.055 breasts=0.243 breasts_active=0.238 butt=0.071 butt_active=0.071 addons=0.232 addon_activation=0.104 addon_drive=0.084 addon_guard=0.000 addon_parent_pivot=0.000 addon_parent_translation=0.002 addon_parent_rotation=0.001 addon_gravity=0.001 addon_rotation_binding=0.000 addon_validation=0.078 addon_solver=0.041 addon_output=0.040 addon_cache=0.009 late=0.007 late_testicles=0.003 late_breasts=0.003 late_butt=0.000 traverse=0.000 addon_collision_body=0.000 addon_collision_self=0.000 addon_collision_addons=0.000 max_ms total=22.619 colliders=0.323 addons=2.053 calls late=79 traverse=0 body_collision=0 self_collision=0 addons_collision=0
2026-09-19 21:45:26.113 performance profile engine operation=symbols avg_ms=0.000000 max_call_ms=0.000000 calls_per_frame=0.00 window_ms=1000 frames=79 nested=1
2026-09-19 21:45:26.113 performance profile engine operation=find_object avg_ms=0.417995 max_call_ms=0.037500 calls_per_frame=1681.58 window_ms=1000 frames=79 nested=1
2026-09-19 21:45:26.113 performance profile engine operation=script_find avg_ms=0.000000 max_call_ms=0.000000 calls_per_frame=0.00 window_ms=1000 frames=79 nested=1
2026-09-19 21:45:26.113 performance profile engine operation=axis_lookup avg_ms=0.525797 max_call_ms=1.967300 calls_per_frame=42.53 window_ms=1000 frames=79 nested=1
2026-09-19 21:45:26.114 performance profile engine operation=pivot_query avg_ms=0.023567 max_call_ms=0.012100 calls_per_frame=93.00 window_ms=1000 frames=79 nested=1
2026-09-19 21:45:26.114 collision profile window_ms=1000 frames=79 avg_ms body_collection=0.021846 body_solve=0.008296 body_position=0.003987 body_refine=0.001553 body_velocity=0.001728 addon_prepare_query=0.000000 addon_coherent_solve=0.000000 addon_visible_solve=0.000000 room_sphere=0.000000 room_sweep=0.000000 room_single=0.000000
2026-09-19 21:45:26.114 collision profile window_ms=1000 frames=79 max_call_ms body_collection=0.027700 body_solve=0.022600 body_position=0.014800 body_refine=0.001400 body_velocity=0.008200 addon_prepare_query=0.000000 addon_coherent_solve=0.000000 addon_visible_solve=0.000000 room_sphere=0.000000 room_sweep=0.000000 room_single=0.000000
2026-09-19 21:45:26.114 collision profile window_ms=1000 frames=79 calls body_collection=172 body_solve=172 body_position=172 body_refine=172 body_velocity=172 addon_prepare_query=0 addon_coherent_solve=0 addon_visible_solve=0 room_sphere=0 room_sweep=0 room_single=0
2026-09-19 21:45:26.114 collision profile window_ms=1000 frames=79 counts body_contacts=32 body_passes=209 body_jacobians=99 body_predictions=1375 addon_contacts=0 addon_passes=0 addon_gradients=0 room_nodes=0 room_triangles=0
2026-09-19 21:45:27.109 performance profile window_ms=1000 frames=80 avg_ms total=1.469 housekeeping=0.028 bindings=0.284 diagnostics=0.003 colliders=0.199 axes=0.094 penis=0.290 penis_ownership=0.006 penis_gravity=0.006 penis_collision=0.020 penis_setup=0.010 penis_orientation=0.001 penis_translation=0.003 penis_solver=0.025 testicles=0.054 testicle_active=0.054 breasts=0.216 breasts_active=0.212 butt=0.071 butt_active=0.070 addons=0.219 addon_activation=0.103 addon_drive=0.073 addon_guard=0.000 addon_parent_pivot=0.000 addon_parent_translation=0.002 addon_parent_rotation=0.001 addon_gravity=0.001 addon_rotation_binding=0.000 addon_validation=0.068 addon_solver=0.040 addon_output=0.038 addon_cache=0.009 late=0.007 late_testicles=0.003 late_breasts=0.003 late_butt=0.000 traverse=0.000 addon_collision_body=0.000 addon_collision_self=0.000 addon_collision_addons=0.000 max_ms total=22.564 colliders=0.349 addons=2.087 calls late=80 traverse=0 body_collision=0 self_collision=0 addons_collision=0
2026-09-19 21:45:27.109 performance profile engine operation=symbols avg_ms=0.000000 max_call_ms=0.000000 calls_per_frame=0.00 window_ms=1000 frames=80 nested=1
2026-09-19 21:45:27.109 performance profile engine operation=find_object avg_ms=0.467119 max_call_ms=0.043400 calls_per_frame=1915.71 window_ms=1000 frames=80 nested=1
2026-09-19 21:45:27.110 performance profile engine operation=script_find avg_ms=0.000000 max_call_ms=0.000000 calls_per_frame=0.00 window_ms=1000 frames=80 nested=1
2026-09-19 21:45:27.110 performance profile engine operation=axis_lookup avg_ms=0.591126 max_call_ms=2.019400 calls_per_frame=42.52 window_ms=1000 frames=80 nested=1
2026-09-19 21:45:27.110 performance profile engine operation=pivot_query avg_ms=0.023369 max_call_ms=0.005900 calls_per_frame=93.00 window_ms=1000 frames=80 nested=1
2026-09-19 21:45:27.110 collision profile window_ms=1000 frames=80 avg_ms body_collection=0.021378 body_solve=0.008145 body_position=0.003747 body_refine=0.001531 body_velocity=0.001868 addon_prepare_query=0.000000 addon_coherent_solve=0.000000 addon_visible_solve=0.000000 room_sphere=0.000000 room_sweep=0.000000 room_single=0.000000
2026-09-19 21:45:27.110 collision profile window_ms=1000 frames=80 max_call_ms body_collection=0.029300 body_solve=0.023900 body_position=0.014000 body_refine=0.001300 body_velocity=0.008900 addon_prepare_query=0.000000 addon_coherent_solve=0.000000 addon_visible_solve=0.000000 room_sphere=0.000000 room_sweep=0.000000 room_single=0.000000
2026-09-19 21:45:27.110 collision profile window_ms=1000 frames=80 calls body_collection=168 body_solve=168 body_position=168 body_refine=168 body_velocity=168 addon_prepare_query=0 addon_coherent_solve=0 addon_visible_solve=0 room_sphere=0 room_sweep=0 room_single=0
2026-09-19 21:45:27.111 collision profile window_ms=1000 frames=80 counts body_contacts=35 body_passes=204 body_jacobians=99 body_predictions=1360 addon_contacts=0 addon_passes=0 addon_gradients=0 room_nodes=0 room_triangles=0
2026-09-19 21:45:27.919 performance profile body-update person=Person02 system=penis update_rate_hz=-1 published_hz=78.4 sample_ms=5000
2026-09-19 21:45:27.959 performance profile body-update person=Person02 system=testicles update_rate_hz=-1 published_hz=78.2 sample_ms=5000
2026-09-19 21:45:28.111 performance profile window_ms=1000 frames=80 avg_ms total=1.418 housekeeping=0.026 bindings=0.287 diagnostics=0.003 colliders=0.194 axes=0.001 penis=0.297 penis_ownership=0.006 penis_gravity=0.005 penis_collision=0.020 penis_setup=0.009 penis_orientation=0.001 penis_translation=0.003 penis_solver=0.026 testicles=0.062 testicle_active=0.061 breasts=0.240 breasts_active=0.236 butt=0.070 butt_active=0.070 addons=0.229 addon_activation=0.104 addon_drive=0.081 addon_guard=0.000 addon_parent_pivot=0.000 addon_parent_translation=0.002 addon_parent_rotation=0.001 addon_gravity=0.001 addon_rotation_binding=0.000 addon_validation=0.075 addon_solver=0.041 addon_output=0.039 addon_cache=0.009 late=0.007 late_testicles=0.003 late_breasts=0.004 late_butt=0.000 traverse=0.000 addon_collision_body=0.000 addon_collision_self=0.000 addon_collision_addons=0.000 max_ms total=22.659 colliders=0.312 addons=2.089 calls late=80 traverse=0 body_collision=0 self_collision=0 addons_collision=0
2026-09-19 21:45:28.111 performance profile engine operation=symbols avg_ms=0.000000 max_call_ms=0.000000 calls_per_frame=0.00 window_ms=1000 frames=80 nested=1
2026-09-19 21:45:28.111 performance profile engine operation=find_object avg_ms=0.413864 max_call_ms=0.037900 calls_per_frame=1661.16 window_ms=1000 frames=80 nested=1
2026-09-19 21:45:28.112 performance profile engine operation=script_find avg_ms=0.000000 max_call_ms=0.000000 calls_per_frame=0.00 window_ms=1000 frames=80 nested=1
2026-09-19 21:45:28.112 performance profile engine operation=axis_lookup avg_ms=0.523379 max_call_ms=2.115400 calls_per_frame=42.52 window_ms=1000 frames=80 nested=1
2026-09-19 21:45:28.112 performance profile engine operation=pivot_query avg_ms=0.023054 max_call_ms=0.006000 calls_per_frame=93.00 window_ms=1000 frames=80 nested=1
2026-09-19 21:45:28.112 collision profile window_ms=1000 frames=80 avg_ms body_collection=0.021644 body_solve=0.008257 body_position=0.003871 body_refine=0.001616 body_velocity=0.001706 addon_prepare_query=0.000000 addon_coherent_solve=0.000000 addon_visible_solve=0.000000 room_sphere=0.000000 room_sweep=0.000000 room_single=0.000000
2026-09-19 21:45:28.113 collision profile window_ms=1000 frames=80 max_call_ms body_collection=0.023600 body_solve=0.022800 body_position=0.014000 body_refine=0.002500 body_velocity=0.008000 addon_prepare_query=0.000000 addon_coherent_solve=0.000000 addon_visible_solve=0.000000 room_sphere=0.000000 room_sweep=0.000000 room_single=0.000000
2026-09-19 21:45:28.113 collision profile window_ms=1000 frames=80 calls body_collection=176 body_solve=176 body_position=176 body_refine=176 body_velocity=176 addon_prepare_query=0 addon_coherent_solve=0 addon_visible_solve=0 room_sphere=0 room_sweep=0 room_single=0
2026-09-19 21:45:28.113 collision profile window_ms=1000 frames=80 counts body_contacts=32 body_passes=213 body_jacobians=99 body_predictions=1387 addon_contacts=0 addon_passes=0 addon_gradients=0 room_nodes=0 room_triangles=0
2026-09-19 21:45:29.114 performance profile window_ms=1000 frames=73 avg_ms total=1.635 housekeeping=0.029 bindings=0.326 diagnostics=0.003 colliders=0.209 axes=0.108 penis=0.298 penis_ownership=0.006 penis_gravity=0.006 penis_collision=0.022 penis_setup=0.011 penis_orientation=0.001 penis_translation=0.003 penis_solver=0.028 testicles=0.059 testicle_active=0.059 breasts=0.266 breasts_active=0.261 butt=0.074 butt_active=0.074 addons=0.253 addon_activation=0.116 addon_drive=0.088 addon_guard=0.001 addon_parent_pivot=0.000 addon_parent_translation=0.002 addon_parent_rotation=0.002 addon_gravity=0.001 addon_rotation_binding=0.000 addon_validation=0.081 addon_solver=0.047 addon_output=0.045 addon_cache=0.009 late=0.007 late_testicles=0.003 late_breasts=0.003 late_butt=0.000 traverse=0.000 addon_collision_body=0.000 addon_collision_self=0.000 addon_collision_addons=0.000 max_ms total=23.338 colliders=0.441 addons=2.241 calls late=73 traverse=0 body_collision=0 self_collision=0 addons_collision=0
2026-09-19 21:45:29.115 performance profile engine operation=symbols avg_ms=0.000000 max_call_ms=0.000000 calls_per_frame=0.00 window_ms=1000 frames=73 nested=1
2026-09-19 21:45:29.115 performance profile engine operation=find_object avg_ms=0.517841 max_call_ms=0.019400 calls_per_frame=2095.03 window_ms=1000 frames=73 nested=1
2026-09-19 21:45:29.115 performance profile engine operation=script_find avg_ms=0.000000 max_call_ms=0.000000 calls_per_frame=0.00 window_ms=1000 frames=73 nested=1
2026-09-19 21:45:29.115 performance profile engine operation=axis_lookup avg_ms=0.661253 max_call_ms=2.131800 calls_per_frame=42.79 window_ms=1000 frames=73 nested=1
2026-09-19 21:45:29.115 performance profile engine operation=pivot_query avg_ms=0.025601 max_call_ms=0.004900 calls_per_frame=93.00 window_ms=1000 frames=73 nested=1
2026-09-19 21:45:29.116 collision profile window_ms=1000 frames=73 avg_ms body_collection=0.024075 body_solve=0.009504 body_position=0.004442 body_refine=0.001749 body_velocity=0.002163 addon_prepare_query=0.000000 addon_coherent_solve=0.000000 addon_visible_solve=0.000000 room_sphere=0.000000 room_sweep=0.000000 room_single=0.000000
2026-09-19 21:45:29.116 collision profile window_ms=1000 frames=73 max_call_ms body_collection=0.031700 body_solve=0.026400 body_position=0.016100 body_refine=0.001500 body_velocity=0.009000 addon_prepare_query=0.000000 addon_coherent_solve=0.000000 addon_visible_solve=0.000000 room_sphere=0.000000 room_sweep=0.000000 room_single=0.000000
2026-09-19 21:45:29.116 collision profile window_ms=1000 frames=73 calls body_collection=176 body_solve=176 body_position=176 body_refine=176 body_velocity=176 addon_prepare_query=0 addon_coherent_solve=0 addon_visible_solve=0 room_sphere=0 room_sweep=0 room_single=0
2026-09-19 21:45:29.116 collision profile window_ms=1000 frames=73 counts body_contacts=36 body_passes=213 body_jacobians=103 body_predictions=1419 addon_contacts=0 addon_passes=0 addon_gradients=0 room_nodes=0 room_triangles=0
2026-09-19 21:45:29.273 performance profile body-update person=Person02 system=breasts update_rate_hz=-1 published_hz=77.6 sample_ms=5000
2026-09-19 21:45:29.273 performance profile body-update person=Person02 system=butt update_rate_hz=-1 published_hz=77.6 sample_ms=5000
2026-09-19 21:45:30.127 performance profile window_ms=1000 frames=72 avg_ms total=1.685 housekeeping=0.029 bindings=0.361 diagnostics=0.003 colliders=0.201 axes=0.064 penis=0.330 penis_ownership=0.006 penis_gravity=0.006 penis_collision=0.022 penis_setup=0.010 penis_orientation=0.001 penis_translation=0.003 penis_solver=0.027 testicles=0.059 testicle_active=0.058 breasts=0.273 breasts_active=0.269 butt=0.077 butt_active=0.076 addons=0.277 addon_activation=0.117 addon_drive=0.104 addon_guard=0.001 addon_parent_pivot=0.000 addon_parent_translation=0.003 addon_parent_rotation=0.001 addon_gravity=0.001 addon_rotation_binding=0.000 addon_validation=0.096 addon_solver=0.054 addon_output=0.052 addon_cache=0.008 late=0.007 late_testicles=0.003 late_breasts=0.004 late_butt=0.000 traverse=0.000 addon_collision_body=0.000 addon_collision_self=0.000 addon_collision_addons=0.000 max_ms total=30.400 colliders=0.647 addons=2.139 calls late=72 traverse=0 body_collision=0 self_collision=0 addons_collision=0
2026-09-19 21:45:30.128 performance profile engine operation=symbols avg_ms=0.000000 max_call_ms=0.000000 calls_per_frame=0.00 window_ms=1000 frames=72 nested=1
2026-09-19 21:45:30.129 performance profile engine operation=find_object avg_ms=0.511429 max_call_ms=0.038700 calls_per_frame=2029.21 window_ms=1000 frames=72 nested=1
2026-09-19 21:45:30.129 performance profile engine operation=script_find avg_ms=0.000000 max_call_ms=0.000000 calls_per_frame=0.00 window_ms=1000 frames=72 nested=1
2026-09-19 21:45:30.129 performance profile engine operation=axis_lookup avg_ms=0.654094 max_call_ms=2.314700 calls_per_frame=42.83 window_ms=1000 frames=72 nested=1
2026-09-19 21:45:30.129 performance profile engine operation=pivot_query avg_ms=0.024553 max_call_ms=0.007400 calls_per_frame=93.00 window_ms=1000 frames=72 nested=1
2026-09-19 21:45:30.130 collision profile window_ms=1000 frames=72 avg_ms body_collection=0.023978 body_solve=0.009524 body_position=0.004564 body_refine=0.001774 body_velocity=0.002056 addon_prepare_query=0.000000 addon_coherent_solve=0.000000 addon_visible_solve=0.000000 room_sphere=0.000000 room_sweep=0.000000 room_single=0.000000
2026-09-19 21:45:30.130 collision profile window_ms=1000 frames=72 max_call_ms body_collection=0.045000 body_solve=0.023400 body_position=0.016000 body_refine=0.001700 body_velocity=0.008400 addon_prepare_query=0.000000 addon_coherent_solve=0.000000 addon_visible_solve=0.000000 room_sphere=0.000000 room_sweep=0.000000 room_single=0.000000
2026-09-19 21:45:30.130 collision profile window_ms=1000 frames=72 calls body_collection=168 body_solve=168 body_position=168 body_refine=168 body_velocity=168 addon_prepare_query=0 addon_coherent_solve=0 addon_visible_solve=0 room_sphere=0 room_sweep=0 room_single=0
2026-09-19 21:45:30.130 collision profile window_ms=1000 frames=72 counts body_contacts=34 body_passes=208 body_jacobians=103 body_predictions=1397 addon_contacts=0 addon_passes=0 addon_gradients=0 room_nodes=0 room_triangles=0
2026-09-19 21:45:31.116 performance profile window_ms=1000 frames=72 avg_ms total=1.618 housekeeping=0.033 bindings=0.329 diagnostics=0.003 colliders=0.200 axes=0.056 penis=0.335 penis_ownership=0.006 penis_gravity=0.005 penis_collision=0.021 penis_setup=0.010 penis_orientation=0.001 penis_translation=0.003 penis_solver=0.027 testicles=0.058 testicle_active=0.057 breasts=0.267 breasts_active=0.262 butt=0.073 butt_active=0.073 addons=0.255 addon_activation=0.115 addon_drive=0.093 addon_guard=0.000 addon_parent_pivot=0.000 addon_parent_translation=0.002 addon_parent_rotation=0.002 addon_gravity=0.001 addon_rotation_binding=0.000 addon_validation=0.087 addon_solver=0.044 addon_output=0.043 addon_cache=0.009 late=0.007 late_testicles=0.003 late_breasts=0.004 late_butt=0.000 traverse=0.000 addon_collision_body=0.000 addon_collision_self=0.000 addon_collision_addons=0.000 max_ms total=23.329 colliders=0.334 addons=2.180 calls late=72 traverse=0 body_collision=0 self_collision=0 addons_collision=0
2026-09-19 21:45:31.118 performance profile engine operation=symbols avg_ms=0.000000 max_call_ms=0.000000 calls_per_frame=0.00 window_ms=1000 frames=72 nested=1
2026-09-19 21:45:31.118 performance profile engine operation=find_object avg_ms=0.511596 max_call_ms=0.047300 calls_per_frame=2029.12 window_ms=1000 frames=72 nested=1
2026-09-19 21:45:31.118 performance profile engine operation=script_find avg_ms=0.000000 max_call_ms=0.000000 calls_per_frame=0.00 window_ms=1000 frames=72 nested=1
2026-09-19 21:45:31.118 performance profile engine operation=axis_lookup avg_ms=0.651349 max_call_ms=2.582200 calls_per_frame=42.75 window_ms=1000 frames=72 nested=1
2026-09-19 21:45:31.119 performance profile engine operation=pivot_query avg_ms=0.024324 max_call_ms=0.006000 calls_per_frame=93.00 window_ms=1000 frames=72 nested=1
2026-09-19 21:45:31.119 collision profile window_ms=1000 frames=72 avg_ms body_collection=0.023050 body_solve=0.009475 body_position=0.004646 body_refine=0.001713 body_velocity=0.002024 addon_prepare_query=0.000000 addon_coherent_solve=0.000000 addon_visible_solve=0.000000 room_sphere=0.000000 room_sweep=0.000000 room_single=0.000000
2026-09-19 21:45:31.119 collision profile window_ms=1000 frames=72 max_call_ms body_collection=0.024900 body_solve=0.023800 body_position=0.014500 body_refine=0.001400 body_velocity=0.008400 addon_prepare_query=0.000000 addon_coherent_solve=0.000000 addon_visible_solve=0.000000 room_sphere=0.000000 room_sweep=0.000000 room_single=0.000000
2026-09-19 21:45:31.119 collision profile window_ms=1000 frames=72 calls body_collection=168 body_solve=168 body_position=168 body_refine=168 body_velocity=168 addon_prepare_query=0 addon_coherent_solve=0 addon_visible_solve=0 room_sphere=0 room_sweep=0 room_single=0
2026-09-19 21:45:31.119 collision profile window_ms=1000 frames=72 counts body_contacts=34 body_passes=211 body_jacobians=105 body_predictions=1415 addon_contacts=0 addon_passes=0 addon_gradients=0 room_nodes=0 room_triangles=0
2026-09-19 21:45:32.119 performance profile window_ms=1000 frames=63 avg_ms total=1.810 housekeeping=0.032 bindings=0.399 diagnostics=0.003 colliders=0.196 axes=0.121 penis=0.364 penis_ownership=0.006 penis_gravity=0.005 penis_collision=0.023 penis_setup=0.010 penis_orientation=0.001 penis_translation=0.003 penis_solver=0.029 testicles=0.065 testicle_active=0.064 breasts=0.301 breasts_active=0.297 butt=0.076 butt_active=0.075 addons=0.242 addon_activation=0.091 addon_drive=0.102 addon_guard=0.001 addon_parent_pivot=0.000 addon_parent_translation=0.003 addon_parent_rotation=0.001 addon_gravity=0.001 addon_rotation_binding=0.000 addon_validation=0.095 addon_solver=0.047 addon_output=0.045 addon_cache=0.010 late=0.007 late_testicles=0.003 late_breasts=0.003 late_butt=0.000 traverse=0.000 addon_collision_body=0.000 addon_collision_self=0.000 addon_collision_addons=0.000 max_ms total=28.708 colliders=0.336 addons=1.164 calls late=63 traverse=0 body_collision=0 self_collision=0 addons_collision=0
2026-09-19 21:45:32.120 performance profile engine operation=symbols avg_ms=0.000000 max_call_ms=0.000000 calls_per_frame=0.00 window_ms=1000 frames=63 nested=1
2026-09-19 21:45:32.120 performance profile engine operation=find_object avg_ms=0.608829 max_call_ms=0.058200 calls_per_frame=2527.76 window_ms=1000 frames=63 nested=1
2026-09-19 21:45:32.120 performance profile engine operation=script_find avg_ms=0.000000 max_call_ms=0.000000 calls_per_frame=0.00 window_ms=1000 frames=63 nested=1
2026-09-19 21:45:32.120 performance profile engine operation=axis_lookup avg_ms=0.781256 max_call_ms=2.091700 calls_per_frame=42.98 window_ms=1000 frames=63 nested=1
2026-09-19 21:45:32.120 performance profile engine operation=pivot_query avg_ms=0.023746 max_call_ms=0.003600 calls_per_frame=93.00 window_ms=1000 frames=63 nested=1
2026-09-19 21:45:32.120 collision profile window_ms=1000 frames=63 avg_ms body_collection=0.025100 body_solve=0.011302 body_position=0.005760 body_refine=0.001922 body_velocity=0.002481 addon_prepare_query=0.000000 addon_coherent_solve=0.000000 addon_visible_solve=0.000000 room_sphere=0.000000 room_sweep=0.000000 room_single=0.000000
2026-09-19 21:45:32.121 collision profile window_ms=1000 frames=63 max_call_ms body_collection=0.025500 body_solve=0.029500 body_position=0.024500 body_refine=0.001200 body_velocity=0.008400 addon_prepare_query=0.000000 addon_coherent_solve=0.000000 addon_visible_solve=0.000000 room_sphere=0.000000 room_sweep=0.000000 room_single=0.000000
2026-09-19 21:45:32.121 collision profile window_ms=1000 frames=63 calls body_collection=166 body_solve=166 body_position=166 body_refine=166 body_velocity=166 addon_prepare_query=0 addon_coherent_solve=0 addon_visible_solve=0 room_sphere=0 room_sweep=0 room_single=0
2026-09-19 21:45:32.121 collision profile window_ms=1000 frames=63 counts body_contacts=37 body_passes=211 body_jacobians=111 body_predictions=1460 addon_contacts=0 addon_passes=0 addon_gradients=0 room_nodes=0 room_triangles=0
2026-09-19 21:45:32.926 performance profile body-update person=Person02 system=penis update_rate_hz=-1 published_hz=69.8 sample_ms=5000
2026-09-19 21:45:32.973 performance profile body-update person=Person02 system=testicles update_rate_hz=-1 published_hz=69.8 sample_ms=5000
2026-09-19 21:45:33.118 performance profile window_ms=1000 frames=66 avg_ms total=1.775 housekeeping=0.130 bindings=0.387 diagnostics=0.003 colliders=0.203 axes=0.001 penis=0.357 penis_ownership=0.006 penis_gravity=0.006 penis_collision=0.024 penis_setup=0.010 penis_orientation=0.001 penis_translation=0.003 penis_solver=0.029 testicles=0.069 testicle_active=0.068 breasts=0.291 breasts_active=0.287 butt=0.075 butt_active=0.075 addons=0.249 addon_activation=0.097 addon_drive=0.097 addon_guard=0.001 addon_parent_pivot=0.000 addon_parent_translation=0.004 addon_parent_rotation=0.002 addon_gravity=0.001 addon_rotation_binding=0.000 addon_validation=0.089 addon_solver=0.051 addon_output=0.049 addon_cache=0.009 late=0.007 late_testicles=0.003 late_breasts=0.003 late_butt=0.000 traverse=0.000 addon_collision_body=0.000 addon_collision_self=0.000 addon_collision_addons=0.000 max_ms total=25.279 colliders=0.391 addons=1.076 calls late=66 traverse=0 body_collision=0 self_collision=0 addons_collision=0
2026-09-19 21:45:33.118 performance profile engine operation=symbols avg_ms=0.000000 max_call_ms=0.000000 calls_per_frame=0.00 window_ms=1000 frames=66 nested=1
2026-09-19 21:45:33.118 performance profile engine operation=find_object avg_ms=0.492380 max_call_ms=0.058700 calls_per_frame=2003.74 window_ms=1000 frames=66 nested=1
2026-09-19 21:45:33.118 performance profile engine operation=script_find avg_ms=0.000000 max_call_ms=0.000000 calls_per_frame=0.00 window_ms=1000 frames=66 nested=1
2026-09-19 21:45:33.119 performance profile engine operation=axis_lookup avg_ms=0.629267 max_call_ms=2.173300 calls_per_frame=43.03 window_ms=1000 frames=66 nested=1
2026-09-19 21:45:33.119 performance profile engine operation=pivot_query avg_ms=0.024939 max_call_ms=0.007200 calls_per_frame=93.00 window_ms=1000 frames=66 nested=1
2026-09-19 21:45:33.119 collision profile window_ms=1000 frames=66 avg_ms body_collection=0.024841 body_solve=0.011835 body_position=0.006239 body_refine=0.001842 body_velocity=0.002632 addon_prepare_query=0.000000 addon_coherent_solve=0.000000 addon_visible_solve=0.000000 room_sphere=0.000000 room_sweep=0.000000 room_single=0.000000
2026-09-19 21:45:33.119 collision profile window_ms=1000 frames=66 max_call_ms body_collection=0.026500 body_solve=0.028600 body_position=0.020700 body_refine=0.001200 body_velocity=0.008200 addon_prepare_query=0.000000 addon_coherent_solve=0.000000 addon_visible_solve=0.000000 room_sphere=0.000000 room_sweep=0.000000 room_single=0.000000
2026-09-19 21:45:33.119 collision profile window_ms=1000 frames=66 calls body_collection=168 body_solve=168 body_position=168 body_refine=168 body_velocity=168 addon_prepare_query=0 addon_coherent_solve=0 addon_visible_solve=0 room_sphere=0 room_sweep=0 room_single=0
2026-09-19 21:45:33.119 collision profile window_ms=1000 frames=66 counts body_contacts=39 body_passes=217 body_jacobians=122 body_predictions=1563 addon_contacts=0 addon_passes=0 addon_gradients=0 room_nodes=0 room_triangles=0
2026-09-19 21:45:34.112 performance profile window_ms=1000 frames=69 avg_ms total=1.788 housekeeping=0.124 bindings=0.374 diagnostics=0.003 colliders=0.192 axes=0.109 penis=0.333 penis_ownership=0.006 penis_gravity=0.005 penis_collision=0.022 penis_setup=0.010 penis_orientation=0.001 penis_translation=0.003 penis_solver=0.028 testicles=0.060 testicle_active=0.059 breasts=0.274 breasts_active=0.270 butt=0.072 butt_active=0.071 addons=0.236 addon_activation=0.091 addon_drive=0.095 addon_guard=0.000 addon_parent_pivot=0.000 addon_parent_translation=0.003 addon_parent_rotation=0.001 addon_gravity=0.001 addon_rotation_binding=0.000 addon_validation=0.087 addon_solver=0.048 addon_output=0.046 addon_cache=0.009 late=0.007 late_testicles=0.003 late_breasts=0.003 late_butt=0.001 traverse=0.000 addon_collision_body=0.000 addon_collision_self=0.000 addon_collision_addons=0.000 max_ms total=25.559 colliders=0.327 addons=1.139 calls late=69 traverse=0 body_collision=0 self_collision=0 addons_collision=0
2026-09-19 21:45:34.112 performance profile engine operation=symbols avg_ms=0.000000 max_call_ms=0.000000 calls_per_frame=0.00 window_ms=1000 frames=69 nested=1
2026-09-19 21:45:34.113 performance profile engine operation=find_object avg_ms=0.553600 max_call_ms=0.072000 calls_per_frame=2312.16 window_ms=1000 frames=69 nested=1
2026-09-19 21:45:34.113 performance profile engine operation=script_find avg_ms=0.000000 max_call_ms=0.000000 calls_per_frame=0.00 window_ms=1000 frames=69 nested=1
2026-09-19 21:45:34.113 performance profile engine operation=axis_lookup avg_ms=0.708684 max_call_ms=2.169400 calls_per_frame=42.93 window_ms=1000 frames=69 nested=1
2026-09-19 21:45:34.113 performance profile engine operation=pivot_query avg_ms=0.022991 max_call_ms=0.013500 calls_per_frame=93.00 window_ms=1000 frames=69 nested=1
2026-09-19 21:45:34.113 collision profile window_ms=1000 frames=69 avg_ms body_collection=0.023078 body_solve=0.010157 body_position=0.004981 body_refine=0.001970 body_velocity=0.002129 addon_prepare_query=0.000000 addon_coherent_solve=0.000000 addon_visible_solve=0.000000 room_sphere=0.000000 room_sweep=0.000000 room_single=0.000000
2026-09-19 21:45:34.114 collision profile window_ms=1000 frames=69 max_call_ms body_collection=0.026700 body_solve=0.027900 body_position=0.020500 body_refine=0.018900 body_velocity=0.008000 addon_prepare_query=0.000000 addon_coherent_solve=0.000000 addon_visible_solve=0.000000 room_sphere=0.000000 room_sweep=0.000000 room_single=0.000000
2026-09-19 21:45:34.114 collision profile window_ms=1000 frames=69 calls body_collection=166 body_solve=166 body_position=166 body_refine=166 body_velocity=166 addon_prepare_query=0 addon_coherent_solve=0 addon_visible_solve=0 room_sphere=0 room_sweep=0 room_single=0
2026-09-19 21:45:34.114 collision profile window_ms=1000 frames=69 counts body_contacts=34 body_passes=206 body_jacobians=106 body_predictions=1418 addon_contacts=0 addon_passes=0 addon_gradients=0 room_nodes=0 room_triangles=0
2026-09-19 21:45:34.279 performance profile body-update person=Person02 system=breasts update_rate_hz=-1 published_hz=68.8 sample_ms=5000
2026-09-19 21:45:34.279 performance profile body-update person=Person02 system=butt update_rate_hz=-1 published_hz=68.8 sample_ms=5000
2026-09-19 21:45:35.112 performance profile window_ms=1000 frames=77 avg_ms total=1.456 housekeeping=0.028 bindings=0.323 diagnostics=0.003 colliders=0.194 axes=0.001 penis=0.300 penis_ownership=0.006 penis_gravity=0.006 penis_collision=0.020 penis_setup=0.010 penis_orientation=0.001 penis_translation=0.003 penis_solver=0.026 testicles=0.055 testicle_active=0.054 breasts=0.255 breasts_active=0.251 butt=0.075 butt_active=0.075 addons=0.209 addon_activation=0.082 addon_drive=0.083 addon_guard=0.000 addon_parent_pivot=0.000 addon_parent_translation=0.002 addon_parent_rotation=0.002 addon_gravity=0.001 addon_rotation_binding=0.000 addon_validation=0.076 addon_solver=0.042 addon_output=0.041 addon_cache=0.010 late=0.007 late_testicles=0.003 late_breasts=0.003 late_butt=0.000 traverse=0.000 addon_collision_body=0.000 addon_collision_self=0.000 addon_collision_addons=0.000 max_ms total=24.573 colliders=0.401 addons=1.073 calls late=77 traverse=0 body_collision=0 self_collision=0 addons_collision=0
2026-09-19 21:45:35.112 performance profile engine operation=symbols avg_ms=0.000000 max_call_ms=0.000000 calls_per_frame=0.00 window_ms=1000 frames=77 nested=1
2026-09-19 21:45:35.112 performance profile engine operation=find_object avg_ms=0.430231 max_call_ms=0.072100 calls_per_frame=1724.09 window_ms=1000 frames=77 nested=1
2026-09-19 21:45:35.113 performance profile engine operation=script_find avg_ms=0.000000 max_call_ms=0.000000 calls_per_frame=0.00 window_ms=1000 frames=77 nested=1
2026-09-19 21:45:35.113 performance profile engine operation=axis_lookup avg_ms=0.542344 max_call_ms=2.106900 calls_per_frame=42.62 window_ms=1000 frames=77 nested=1
2026-09-19 21:45:35.113 performance profile engine operation=pivot_query avg_ms=0.022912 max_call_ms=0.005300 calls_per_frame=93.00 window_ms=1000 frames=77 nested=1
2026-09-19 21:45:35.113 collision profile window_ms=1000 frames=77 avg_ms body_collection=0.021784 body_solve=0.008535 body_position=0.004022 body_refine=0.001665 body_velocity=0.001812 addon_prepare_query=0.000000 addon_coherent_solve=0.000000 addon_visible_solve=0.000000 room_sphere=0.000000 room_sweep=0.000000 room_single=0.000000
2026-09-19 21:45:35.113 collision profile window_ms=1000 frames=77 max_call_ms body_collection=0.031600 body_solve=0.023300 body_position=0.014300 body_refine=0.008900 body_velocity=0.008000 addon_prepare_query=0.000000 addon_coherent_solve=0.000000 addon_visible_solve=0.000000 room_sphere=0.000000 room_sweep=0.000000 room_single=0.000000
2026-09-19 21:45:35.113 collision profile window_ms=1000 frames=77 calls body_collection=168 body_solve=168 body_position=168 body_refine=168 body_velocity=168 addon_prepare_query=0 addon_coherent_solve=0 addon_visible_solve=0 room_sphere=0 room_sweep=0 room_single=0
2026-09-19 21:45:35.114 collision profile window_ms=1000 frames=77 counts body_contacts=33 body_passes=206 body_jacobians=100 body_predictions=1371 addon_contacts=0 addon_passes=0 addon_gradients=0 room_nodes=0 room_triangles=0
2026-09-19 21:45:36.116 performance profile window_ms=1000 frames=80 avg_ms total=1.499 housekeeping=0.029 bindings=0.318 diagnostics=0.003 colliders=0.193 axes=0.096 penis=0.270 penis_ownership=0.006 penis_gravity=0.005 penis_collision=0.020 penis_setup=0.010 penis_orientation=0.001 penis_translation=0.003 penis_solver=0.026 testicles=0.055 testicle_active=0.055 breasts=0.240 breasts_active=0.236 butt=0.073 butt_active=0.073 addons=0.210 addon_activation=0.083 addon_drive=0.082 addon_guard=0.001 addon_parent_pivot=0.000 addon_parent_translation=0.002 addon_parent_rotation=0.002 addon_gravity=0.001 addon_rotation_binding=0.000 addon_validation=0.076 addon_solver=0.043 addon_output=0.041 addon_cache=0.010 late=0.007 late_testicles=0.003 late_breasts=0.003 late_butt=0.000 traverse=0.000 addon_collision_body=0.000 addon_collision_self=0.000 addon_collision_addons=0.000 max_ms total=25.342 colliders=0.468 addons=1.122 calls late=80 traverse=0 body_collision=0 self_collision=0 addons_collision=0
2026-09-19 21:45:36.116 performance profile engine operation=symbols avg_ms=0.000000 max_call_ms=0.000000 calls_per_frame=0.00 window_ms=1000 frames=80 nested=1
2026-09-19 21:45:36.117 performance profile engine operation=find_object avg_ms=0.469889 max_call_ms=0.036600 calls_per_frame=1915.71 window_ms=1000 frames=80 nested=1
2026-09-19 21:45:36.117 performance profile engine operation=script_find avg_ms=0.000000 max_call_ms=0.000000 calls_per_frame=0.00 window_ms=1000 frames=80 nested=1
2026-09-19 21:45:36.117 performance profile engine operation=axis_lookup avg_ms=0.599816 max_call_ms=2.146700 calls_per_frame=42.52 window_ms=1000 frames=80 nested=1
2026-09-19 21:45:36.117 performance profile engine operation=pivot_query avg_ms=0.022323 max_call_ms=0.004100 calls_per_frame=93.00 window_ms=1000 frames=80 nested=1
2026-09-19 21:45:36.117 collision profile window_ms=1000 frames=80 avg_ms body_collection=0.021486 body_solve=0.008505 body_position=0.003955 body_refine=0.001631 body_velocity=0.001920 addon_prepare_query=0.000000 addon_coherent_solve=0.000000 addon_visible_solve=0.000000 room_sphere=0.000000 room_sweep=0.000000 room_single=0.000000
2026-09-19 21:45:36.117 collision profile window_ms=1000 frames=80 max_call_ms body_collection=0.027200 body_solve=0.023300 body_position=0.014300 body_refine=0.006100 body_velocity=0.012400 addon_prepare_query=0.000000 addon_coherent_solve=0.000000 addon_visible_solve=0.000000 room_sphere=0.000000 room_sweep=0.000000 room_single=0.000000
2026-09-19 21:45:36.117 collision profile window_ms=1000 frames=80 calls body_collection=174 body_solve=174 body_position=174 body_refine=174 body_velocity=174 addon_prepare_query=0 addon_coherent_solve=0 addon_visible_solve=0 room_sphere=0 room_sweep=0 room_single=0
2026-09-19 21:45:36.117 collision profile window_ms=1000 frames=80 counts body_contacts=34 body_passes=211 body_jacobians=101 body_predictions=1397 addon_contacts=0 addon_passes=0 addon_gradients=0 room_nodes=0 room_triangles=0
2026-09-19 21:45:37.118 performance profile window_ms=1000 frames=80 avg_ms total=1.426 housekeeping=0.027 bindings=0.312 diagnostics=0.003 colliders=0.190 axes=0.024 penis=0.292 penis_ownership=0.006 penis_gravity=0.005 penis_collision=0.019 penis_setup=0.010 penis_orientation=0.001 penis_translation=0.003 penis_solver=0.026 testicles=0.055 testicle_active=0.054 breasts=0.238 breasts_active=0.234 butt=0.072 butt_active=0.071 addons=0.201 addon_activation=0.081 addon_drive=0.077 addon_guard=0.000 addon_parent_pivot=0.000 addon_parent_translation=0.002 addon_parent_rotation=0.002 addon_gravity=0.001 addon_rotation_binding=0.000 addon_validation=0.071 addon_solver=0.042 addon_output=0.040 addon_cache=0.009 late=0.007 late_testicles=0.003 late_breasts=0.003 late_butt=0.000 traverse=0.000 addon_collision_body=0.000 addon_collision_self=0.000 addon_collision_addons=0.000 max_ms total=26.642 colliders=0.447 addons=1.005 calls late=80 traverse=0 body_collision=0 self_collision=0 addons_collision=0
2026-09-19 21:45:37.118 performance profile engine operation=symbols avg_ms=0.000000 max_call_ms=0.000000 calls_per_frame=0.00 window_ms=1000 frames=80 nested=1
2026-09-19 21:45:37.118 performance profile engine operation=find_object avg_ms=0.431444 max_call_ms=0.037700 calls_per_frame=1746.04 window_ms=1000 frames=80 nested=1
2026-09-19 21:45:37.118 performance profile engine operation=script_find avg_ms=0.000000 max_call_ms=0.000000 calls_per_frame=0.00 window_ms=1000 frames=80 nested=1
2026-09-19 21:45:37.118 performance profile engine operation=axis_lookup avg_ms=0.546114 max_call_ms=2.065400 calls_per_frame=42.55 window_ms=1000 frames=80 nested=1
2026-09-19 21:45:37.118 performance profile engine operation=pivot_query avg_ms=0.022295 max_call_ms=0.006800 calls_per_frame=93.00 window_ms=1000 frames=80 nested=1
2026-09-19 21:45:37.118 collision profile window_ms=1000 frames=80 avg_ms body_collection=0.020958 body_solve=0.008271 body_position=0.004034 body_refine=0.001502 body_velocity=0.001778 addon_prepare_query=0.000000 addon_coherent_solve=0.000000 addon_visible_solve=0.000000 room_sphere=0.000000 room_sweep=0.000000 room_single=0.000000
2026-09-19 21:45:37.119 collision profile window_ms=1000 frames=80 max_call_ms body_collection=0.027600 body_solve=0.027300 body_position=0.018500 body_refine=0.001400 body_velocity=0.008100 addon_prepare_query=0.000000 addon_coherent_solve=0.000000 addon_visible_solve=0.000000 room_sphere=0.000000 room_sweep=0.000000 room_single=0.000000
2026-09-19 21:45:37.119 collision profile window_ms=1000 frames=80 calls body_collection=166 body_solve=166 body_position=166 body_refine=166 body_velocity=166 addon_prepare_query=0 addon_coherent_solve=0 addon_visible_solve=0 room_sphere=0 room_sweep=0 room_single=0
2026-09-19 21:45:37.119 collision profile window_ms=1000 frames=80 counts body_contacts=34 body_passes=205 body_jacobians=103 body_predictions=1391 addon_contacts=0 addon_passes=0 addon_gradients=0 room_nodes=0 room_triangles=0
2026-09-19 21:45:37.916 performance profile body-update person=Person02 system=penis update_rate_hz=-1 published_hz=76.4 sample_ms=5000
2026-09-19 21:45:37.964 performance profile body-update person=Person02 system=testicles update_rate_hz=-1 published_hz=76.6 sample_ms=5000
2026-09-19 21:45:38.112 performance profile window_ms=1000 frames=79 avg_ms total=1.467 housekeeping=0.027 bindings=0.313 diagnostics=0.003 colliders=0.188 axes=0.048 penis=0.298 penis_ownership=0.006 penis_gravity=0.005 penis_collision=0.020 penis_setup=0.009 penis_orientation=0.001 penis_translation=0.003 penis_solver=0.025 testicles=0.061 testicle_active=0.060 breasts=0.241 breasts_active=0.236 butt=0.070 butt_active=0.070 addons=0.207 addon_activation=0.080 addon_drive=0.082 addon_guard=0.000 addon_parent_pivot=0.000 addon_parent_translation=0.002 addon_parent_rotation=0.001 addon_gravity=0.001 addon_rotation_binding=0.000 addon_validation=0.077 addon_solver=0.041 addon_output=0.040 addon_cache=0.009 late=0.007 late_testicles=0.003 late_breasts=0.003 late_butt=0.000 traverse=0.000 addon_collision_body=0.000 addon_collision_self=0.000 addon_collision_addons=0.000 max_ms total=24.533 colliders=0.327 addons=1.158 calls late=79 traverse=0 body_collision=0 self_collision=0 addons_collision=0
2026-09-19 21:45:38.112 performance profile engine operation=symbols avg_ms=0.000000 max_call_ms=0.000000 calls_per_frame=0.00 window_ms=1000 frames=79 nested=1
2026-09-19 21:45:38.112 performance profile engine operation=find_object avg_ms=0.450941 max_call_ms=0.068600 calls_per_frame=1853.48 window_ms=1000 frames=79 nested=1
2026-09-19 21:45:38.112 performance profile engine operation=script_find avg_ms=0.000000 max_call_ms=0.000000 calls_per_frame=0.00 window_ms=1000 frames=79 nested=1
2026-09-19 21:45:38.112 performance profile engine operation=axis_lookup avg_ms=0.573325 max_call_ms=2.040900 calls_per_frame=42.58 window_ms=1000 frames=79 nested=1
2026-09-19 21:45:38.113 performance profile engine operation=pivot_query avg_ms=0.022297 max_call_ms=0.002800 calls_per_frame=93.00 window_ms=1000 frames=79 nested=1
2026-09-19 21:45:38.113 collision profile window_ms=1000 frames=79 avg_ms body_collection=0.021006 body_solve=0.008262 body_position=0.004027 body_refine=0.001497 body_velocity=0.001741 addon_prepare_query=0.000000 addon_coherent_solve=0.000000 addon_visible_solve=0.000000 room_sphere=0.000000 room_sweep=0.000000 room_single=0.000000
2026-09-19 21:45:38.113 collision profile window_ms=1000 frames=79 max_call_ms body_collection=0.031400 body_solve=0.023500 body_position=0.014500 body_refine=0.001200 body_velocity=0.008000 addon_prepare_query=0.000000 addon_coherent_solve=0.000000 addon_visible_solve=0.000000 room_sphere=0.000000 room_sweep=0.000000 room_single=0.000000
2026-09-19 21:45:38.113 collision profile window_ms=1000 frames=79 calls body_collection=168 body_solve=168 body_position=168 body_refine=168 body_velocity=168 addon_prepare_query=0 addon_coherent_solve=0 addon_visible_solve=0 room_sphere=0 room_sweep=0 room_single=0
2026-09-19 21:45:38.113 collision profile window_ms=1000 frames=79 counts body_contacts=33 body_passes=209 body_jacobians=102 body_predictions=1389 addon_contacts=0 addon_passes=0 addon_gradients=0 room_nodes=0 room_triangles=0
2026-09-19 21:45:39.112 performance profile window_ms=1000 frames=77 avg_ms total=1.492 housekeeping=0.028 bindings=0.328 diagnostics=0.003 colliders=0.189 axes=0.050 penis=0.299 penis_ownership=0.006 penis_gravity=0.005 penis_collision=0.020 penis_setup=0.010 penis_orientation=0.001 penis_translation=0.003 penis_solver=0.026 testicles=0.056 testicle_active=0.055 breasts=0.246 breasts_active=0.242 butt=0.073 butt_active=0.072 addons=0.210 addon_activation=0.082 addon_drive=0.083 addon_guard=0.000 addon_parent_pivot=0.000 addon_parent_translation=0.002 addon_parent_rotation=0.002 addon_gravity=0.001 addon_rotation_binding=0.000 addon_validation=0.077 addon_solver=0.043 addon_output=0.041 addon_cache=0.011 late=0.007 late_testicles=0.003 late_breasts=0.003 late_butt=0.000 traverse=0.000 addon_collision_body=0.000 addon_collision_self=0.000 addon_collision_addons=0.000 max_ms total=25.055 colliders=0.334 addons=1.143 calls late=77 traverse=0 body_collision=0 self_collision=0 addons_collision=0
2026-09-19 21:45:39.113 performance profile engine operation=symbols avg_ms=0.000000 max_call_ms=0.000000 calls_per_frame=0.00 window_ms=1000 frames=77 nested=1
2026-09-19 21:45:39.113 performance profile engine operation=find_object avg_ms=0.461522 max_call_ms=0.039600 calls_per_frame=1900.32 window_ms=1000 frames=77 nested=1
2026-09-19 21:45:39.113 performance profile engine operation=script_find avg_ms=0.000000 max_call_ms=0.000000 calls_per_frame=0.00 window_ms=1000 frames=77 nested=1
2026-09-19 21:45:39.113 performance profile engine operation=axis_lookup avg_ms=0.586552 max_call_ms=2.071800 calls_per_frame=42.55 window_ms=1000 frames=77 nested=1
2026-09-19 21:45:39.114 performance profile engine operation=pivot_query avg_ms=0.022379 max_call_ms=0.003100 calls_per_frame=93.00 window_ms=1000 frames=77 nested=1
2026-09-19 21:45:39.114 collision profile window_ms=1000 frames=77 avg_ms body_collection=0.021771 body_solve=0.009188 body_position=0.004383 body_refine=0.001583 body_velocity=0.002179 addon_prepare_query=0.000000 addon_coherent_solve=0.000000 addon_visible_solve=0.000000 room_sphere=0.000000 room_sweep=0.000000 room_single=0.000000
2026-09-19 21:45:39.114 collision profile window_ms=1000 frames=77 max_call_ms body_collection=0.033100 body_solve=0.026700 body_position=0.016700 body_refine=0.001400 body_velocity=0.008900 addon_prepare_query=0.000000 addon_coherent_solve=0.000000 addon_visible_solve=0.000000 room_sphere=0.000000 room_sweep=0.000000 room_single=0.000000
2026-09-19 21:45:39.114 collision profile window_ms=1000 frames=77 calls body_collection=170 body_solve=170 body_position=170 body_refine=170 body_velocity=170 addon_prepare_query=0 addon_coherent_solve=0 addon_visible_solve=0 room_sphere=0 room_sweep=0 room_single=0
2026-09-19 21:45:39.114 collision profile window_ms=1000 frames=77 counts body_contacts=40 body_passes=213 body_jacobians=112 body_predictions=1478 addon_contacts=0 addon_passes=0 addon_gradients=0 room_nodes=0 room_triangles=0
2026-09-19 21:45:39.280 performance profile body-update person=Person02 system=breasts update_rate_hz=-1 published_hz=78.4 sample_ms=5000
2026-09-19 21:45:39.280 performance profile body-update person=Person02 system=butt update_rate_hz=-1 published_hz=78.4 sample_ms=5000
2026-09-19 21:45:40.115 performance profile window_ms=1000 frames=73 avg_ms total=1.568 housekeeping=0.031 bindings=0.357 diagnostics=0.003 colliders=0.190 axes=0.055 penis=0.314 penis_ownership=0.006 penis_gravity=0.006 penis_collision=0.020 penis_setup=0.010 penis_orientation=0.001 penis_translation=0.003 penis_solver=0.026 testicles=0.056 testicle_active=0.055 breasts=0.264 breasts_active=0.260 butt=0.074 butt_active=0.074 addons=0.214 addon_activation=0.082 addon_drive=0.086 addon_guard=0.000 addon_parent_pivot=0.000 addon_parent_translation=0.002 addon_parent_rotation=0.002 addon_gravity=0.001 addon_rotation_binding=0.000 addon_validation=0.080 addon_solver=0.043 addon_output=0.041 addon_cache=0.009 late=0.007 late_testicles=0.003 late_breasts=0.003 late_butt=0.000 traverse=0.000 addon_collision_body=0.000 addon_collision_self=0.000 addon_collision_addons=0.000 max_ms total=25.854 colliders=0.330 addons=1.069 calls late=73 traverse=0 body_collision=0 self_collision=0 addons_collision=0
2026-09-19 21:45:40.116 performance profile engine operation=symbols avg_ms=0.000000 max_call_ms=0.000000 calls_per_frame=0.00 window_ms=1000 frames=73 nested=1
2026-09-19 21:45:40.116 performance profile engine operation=find_object avg_ms=0.486751 max_call_ms=0.072400 calls_per_frame=2002.01 window_ms=1000 frames=73 nested=1
2026-09-19 21:45:40.116 performance profile engine operation=script_find avg_ms=0.000000 max_call_ms=0.000000 calls_per_frame=0.00 window_ms=1000 frames=73 nested=1
2026-09-19 21:45:40.116 performance profile engine operation=axis_lookup avg_ms=0.621159 max_call_ms=2.083200 calls_per_frame=42.77 window_ms=1000 frames=73 nested=1
2026-09-19 21:45:40.116 performance profile engine operation=pivot_query avg_ms=0.022627 max_call_ms=0.003800 calls_per_frame=93.00 window_ms=1000 frames=73 nested=1
2026-09-19 21:45:40.116 collision profile window_ms=1000 frames=73 avg_ms body_collection=0.021942 body_solve=0.009082 body_position=0.004490 body_refine=0.001611 body_velocity=0.001951 addon_prepare_query=0.000000 addon_coherent_solve=0.000000 addon_visible_solve=0.000000 room_sphere=0.000000 room_sweep=0.000000 room_single=0.000000
2026-09-19 21:45:40.116 collision profile window_ms=1000 frames=73 max_call_ms body_collection=0.027100 body_solve=0.023300 body_position=0.014500 body_refine=0.001100 body_velocity=0.008200 addon_prepare_query=0.000000 addon_coherent_solve=0.000000 addon_visible_solve=0.000000 room_sphere=0.000000 room_sweep=0.000000 room_single=0.000000
2026-09-19 21:45:40.116 collision profile window_ms=1000 frames=73 calls body_collection=164 body_solve=164 body_position=164 body_refine=164 body_velocity=164 addon_prepare_query=0 addon_coherent_solve=0 addon_visible_solve=0 room_sphere=0 room_sweep=0 room_single=0
2026-09-19 21:45:40.118 collision profile window_ms=1000 frames=73 counts body_contacts=34 body_passes=205 body_jacobians=105 body_predictions=1403 addon_contacts=0 addon_passes=0 addon_gradients=0 room_nodes=0 room_triangles=0
2026-09-19 21:45:41.114 performance profile window_ms=1000 frames=76 avg_ms total=1.560 housekeeping=0.030 bindings=0.338 diagnostics=0.003 colliders=0.205 axes=0.051 penis=0.310 penis_ownership=0.006 penis_gravity=0.006 penis_collision=0.021 penis_setup=0.010 penis_orientation=0.001 penis_translation=0.003 penis_solver=0.026 testicles=0.059 testicle_active=0.059 breasts=0.261 breasts_active=0.256 butt=0.075 butt_active=0.074 addons=0.218 addon_activation=0.087 addon_drive=0.080 addon_guard=0.001 addon_parent_pivot=0.000 addon_parent_translation=0.002 addon_parent_rotation=0.002 addon_gravity=0.002 addon_rotation_binding=0.000 addon_validation=0.073 addon_solver=0.048 addon_output=0.046 addon_cache=0.009 late=0.007 late_testicles=0.003 late_breasts=0.004 late_butt=0.000 traverse=0.000 addon_collision_body=0.000 addon_collision_self=0.000 addon_collision_addons=0.000 max_ms total=25.297 colliders=0.393 addons=0.810 calls late=76 traverse=0 body_collision=0 self_collision=0 addons_collision=0
2026-09-19 21:45:41.114 performance profile engine operation=symbols avg_ms=0.000000 max_call_ms=0.000000 calls_per_frame=0.00 window_ms=1000 frames=76 nested=1
2026-09-19 21:45:41.114 performance profile engine operation=find_object avg_ms=0.483433 max_call_ms=0.258900 calls_per_frame=1924.80 window_ms=1000 frames=76 nested=1
2026-09-19 21:45:41.114 performance profile engine operation=script_find avg_ms=0.000000 max_call_ms=0.000000 calls_per_frame=0.00 window_ms=1000 frames=76 nested=1
2026-09-19 21:45:41.114 performance profile engine operation=axis_lookup avg_ms=0.612671 max_call_ms=2.046600 calls_per_frame=42.66 window_ms=1000 frames=76 nested=1
2026-09-19 21:45:41.115 performance profile engine operation=pivot_query avg_ms=0.025089 max_call_ms=0.005600 calls_per_frame=93.00 window_ms=1000 frames=76 nested=1
2026-09-19 21:45:41.115 collision profile window_ms=1000 frames=76 avg_ms body_collection=0.023832 body_solve=0.009538 body_position=0.004254 body_refine=0.001761 body_velocity=0.002451 addon_prepare_query=0.000000 addon_coherent_solve=0.000000 addon_visible_solve=0.000000 room_sphere=0.000000 room_sweep=0.000000 room_single=0.000000
2026-09-19 21:45:41.115 collision profile window_ms=1000 frames=76 max_call_ms body_collection=0.054400 body_solve=0.030400 body_position=0.015600 body_refine=0.011000 body_velocity=0.020300 addon_prepare_query=0.000000 addon_coherent_solve=0.000000 addon_visible_solve=0.000000 room_sphere=0.000000 room_sweep=0.000000 room_single=0.000000
2026-09-19 21:45:41.115 collision profile window_ms=1000 frames=76 calls body_collection=168 body_solve=168 body_position=168 body_refine=168 body_velocity=168 addon_prepare_query=0 addon_coherent_solve=0 addon_visible_solve=0 room_sphere=0 room_sweep=0 room_single=0
2026-09-19 21:45:41.115 collision profile window_ms=1000 frames=76 counts body_contacts=36 body_passes=208 body_jacobians=105 body_predictions=1413 addon_contacts=0 addon_passes=0 addon_gradients=0 room_nodes=0 room_triangles=0
2026-09-19 21:45:42.115 performance profile window_ms=1000 frames=78 avg_ms total=1.498 housekeeping=0.028 bindings=0.329 diagnostics=0.003 colliders=0.187 axes=0.056 penis=0.302 penis_ownership=0.006 penis_gravity=0.005 penis_collision=0.020 penis_setup=0.010 penis_orientation=0.001 penis_translation=0.003 penis_solver=0.027 testicles=0.055 testicle_active=0.055 breasts=0.244 breasts_active=0.240 butt=0.073 butt_active=0.073 addons=0.211 addon_activation=0.084 addon_drive=0.083 addon_guard=0.000 addon_parent_pivot=0.000 addon_parent_translation=0.002 addon_parent_rotation=0.002 addon_gravity=0.001 addon_rotation_binding=0.000 addon_validation=0.077 addon_solver=0.041 addon_output=0.040 addon_cache=0.009 late=0.007 late_testicles=0.003 late_breasts=0.003 late_butt=0.000 traverse=0.000 addon_collision_body=0.000 addon_collision_self=0.000 addon_collision_addons=0.000 max_ms total=25.293 colliders=0.321 addons=1.182 calls late=78 traverse=0 body_collision=0 self_collision=0 addons_collision=0
2026-09-19 21:45:42.116 performance profile engine operation=symbols avg_ms=0.000000 max_call_ms=0.000000 calls_per_frame=0.00 window_ms=1000 frames=78 nested=1
2026-09-19 21:45:42.116 performance profile engine operation=find_object avg_ms=0.461662 max_call_ms=0.100900 calls_per_frame=1876.60 window_ms=1000 frames=78 nested=1
2026-09-19 21:45:42.116 performance profile engine operation=script_find avg_ms=0.000000 max_call_ms=0.000000 calls_per_frame=0.00 window_ms=1000 frames=78 nested=1
2026-09-19 21:45:42.116 performance profile engine operation=axis_lookup avg_ms=0.590790 max_call_ms=2.302800 calls_per_frame=42.56 window_ms=1000 frames=78 nested=1
2026-09-19 21:45:42.116 performance profile engine operation=pivot_query avg_ms=0.021692 max_call_ms=0.004300 calls_per_frame=93.00 window_ms=1000 frames=78 nested=1
2026-09-19 21:45:42.116 collision profile window_ms=1000 frames=78 avg_ms body_collection=0.021813 body_solve=0.008528 body_position=0.004056 body_refine=0.001615 body_velocity=0.001851 addon_prepare_query=0.000000 addon_coherent_solve=0.000000 addon_visible_solve=0.000000 room_sphere=0.000000 room_sweep=0.000000 room_single=0.000000
2026-09-19 21:45:42.116 collision profile window_ms=1000 frames=78 max_call_ms body_collection=0.031200 body_solve=0.025500 body_position=0.014300 body_refine=0.001500 body_velocity=0.010000 addon_prepare_query=0.000000 addon_coherent_solve=0.000000 addon_visible_solve=0.000000 room_sphere=0.000000 room_sweep=0.000000 room_single=0.000000
2026-09-19 21:45:42.116 collision profile window_ms=1000 frames=78 calls body_collection=174 body_solve=174 body_position=174 body_refine=174 body_velocity=174 addon_prepare_query=0 addon_coherent_solve=0 addon_visible_solve=0 room_sphere=0 room_sweep=0 room_single=0
2026-09-19 21:45:42.116 collision profile window_ms=1000 frames=78 counts body_contacts=34 body_passes=213 body_jacobians=102 body_predictions=1406 addon_contacts=0 addon_passes=0 addon_gradients=0 room_nodes=0 room_triangles=0
2026-09-19 21:45:42.913 performance profile body-update person=Person02 system=penis update_rate_hz=-1 published_hz=76.4 sample_ms=5000
2026-09-19 21:45:42.961 performance profile body-update person=Person02 system=testicles update_rate_hz=-1 published_hz=76.4 sample_ms=5000
2026-09-19 21:45:43.116 performance profile window_ms=1000 frames=79 avg_ms total=1.524 housekeeping=0.028 bindings=0.333 diagnostics=0.003 colliders=0.195 axes=0.050 penis=0.281 penis_ownership=0.006 penis_gravity=0.005 penis_collision=0.020 penis_setup=0.010 penis_orientation=0.001 penis_translation=0.003 penis_solver=0.027 testicles=0.062 testicle_active=0.061 breasts=0.248 breasts_active=0.244 butt=0.076 butt_active=0.076 addons=0.237 addon_activation=0.085 addon_drive=0.100 addon_guard=0.001 addon_parent_pivot=0.000 addon_parent_translation=0.002 addon_parent_rotation=0.002 addon_gravity=0.001 addon_rotation_binding=0.000 addon_validation=0.094 addon_solver=0.049 addon_output=0.048 addon_cache=0.010 late=0.007 late_testicles=0.003 late_breasts=0.004 late_butt=0.001 traverse=0.000 addon_collision_body=0.000 addon_collision_self=0.000 addon_collision_addons=0.000 max_ms total=25.909 colliders=0.394 addons=1.358 calls late=79 traverse=0 body_collision=0 self_collision=0 addons_collision=0
2026-09-19 21:45:43.116 performance profile engine operation=symbols avg_ms=0.000000 max_call_ms=0.000000 calls_per_frame=0.00 window_ms=1000 frames=79 nested=1
2026-09-19 21:45:43.118 performance profile engine operation=find_object avg_ms=0.444761 max_call_ms=0.076700 calls_per_frame=1767.53 window_ms=1000 frames=79 nested=1
2026-09-19 21:45:43.118 performance profile engine operation=script_find avg_ms=0.000000 max_call_ms=0.000000 calls_per_frame=0.00 window_ms=1000 frames=79 nested=1
2026-09-19 21:45:43.118 performance profile engine operation=axis_lookup avg_ms=0.565014 max_call_ms=2.107200 calls_per_frame=42.56 window_ms=1000 frames=79 nested=1
2026-09-19 21:45:43.118 performance profile engine operation=pivot_query avg_ms=0.023238 max_call_ms=0.005700 calls_per_frame=93.00 window_ms=1000 frames=79 nested=1
2026-09-19 21:45:43.118 collision profile window_ms=1000 frames=79 avg_ms body_collection=0.021800 body_solve=0.008528 body_position=0.004085 body_refine=0.001527 body_velocity=0.001867 addon_prepare_query=0.000000 addon_coherent_solve=0.000000 addon_visible_solve=0.000000 room_sphere=0.000000 room_sweep=0.000000 room_single=0.000000
2026-09-19 21:45:43.118 collision profile window_ms=1000 frames=79 max_call_ms body_collection=0.031900 body_solve=0.023200 body_position=0.014300 body_refine=0.001300 body_velocity=0.008400 addon_prepare_query=0.000000 addon_coherent_solve=0.000000 addon_visible_solve=0.000000 room_sphere=0.000000 room_sweep=0.000000 room_single=0.000000
2026-09-19 21:45:43.119 collision profile window_ms=1000 frames=79 calls body_collection=166 body_solve=166 body_position=166 body_refine=166 body_velocity=166 addon_prepare_query=0 addon_coherent_solve=0 addon_visible_solve=0 room_sphere=0 room_sweep=0 room_single=0
2026-09-19 21:45:43.119 collision profile window_ms=1000 frames=79 counts body_contacts=35 body_passes=206 body_jacobians=105 body_predictions=1408 addon_contacts=0 addon_passes=0 addon_gradients=0 room_nodes=0 room_triangles=0
2026-09-19 21:45:44.116 performance profile window_ms=1000 frames=78 avg_ms total=1.527 housekeeping=0.028 bindings=0.323 diagnostics=0.003 colliders=0.193 axes=0.075 penis=0.302 penis_ownership=0.006 penis_gravity=0.006 penis_collision=0.021 penis_setup=0.010 penis_orientation=0.001 penis_translation=0.003 penis_solver=0.026 testicles=0.057 testicle_active=0.056 breasts=0.245 breasts_active=0.241 butt=0.074 butt_active=0.073 addons=0.218 addon_activation=0.083 addon_drive=0.088 addon_guard=0.000 addon_parent_pivot=0.000 addon_parent_translation=0.002 addon_parent_rotation=0.002 addon_gravity=0.001 addon_rotation_binding=0.000 addon_validation=0.082 addon_solver=0.045 addon_output=0.044 addon_cache=0.009 late=0.007 late_testicles=0.003 late_breasts=0.003 late_butt=0.000 traverse=0.000 addon_collision_body=0.000 addon_collision_self=0.000 addon_collision_addons=0.000 max_ms total=26.806 colliders=0.442 addons=1.126 calls late=78 traverse=0 body_collision=0 self_collision=0 addons_collision=0
2026-09-19 21:45:44.116 performance profile engine operation=symbols avg_ms=0.000000 max_call_ms=0.000000 calls_per_frame=0.00 window_ms=1000 frames=78 nested=1
2026-09-19 21:45:44.116 performance profile engine operation=find_object avg_ms=0.480285 max_call_ms=0.115500 calls_per_frame=1963.68 window_ms=1000 frames=78 nested=1
2026-09-19 21:45:44.116 performance profile engine operation=script_find avg_ms=0.000000 max_call_ms=0.000000 calls_per_frame=0.00 window_ms=1000 frames=78 nested=1
2026-09-19 21:45:44.116 performance profile engine operation=axis_lookup avg_ms=0.615492 max_call_ms=2.137300 calls_per_frame=42.62 window_ms=1000 frames=78 nested=1
2026-09-19 21:45:44.116 performance profile engine operation=pivot_query avg_ms=0.022323 max_call_ms=0.004900 calls_per_frame=93.00 window_ms=1000 frames=78 nested=1
2026-09-19 21:45:44.116 collision profile window_ms=1000 frames=78 avg_ms body_collection=0.022578 body_solve=0.008245 body_position=0.003815 body_refine=0.001547 body_velocity=0.001837 addon_prepare_query=0.000000 addon_coherent_solve=0.000000 addon_visible_solve=0.000000 room_sphere=0.000000 room_sweep=0.000000 room_single=0.000000
2026-09-19 21:45:44.118 collision profile window_ms=1000 frames=78 max_call_ms body_collection=0.044900 body_solve=0.022900 body_position=0.013800 body_refine=0.001200 body_velocity=0.008100 addon_prepare_query=0.000000 addon_coherent_solve=0.000000 addon_visible_solve=0.000000 room_sphere=0.000000 room_sweep=0.000000 room_single=0.000000
2026-09-19 21:45:44.118 collision profile window_ms=1000 frames=78 calls body_collection=168 body_solve=168 body_position=168 body_refine=168 body_velocity=168 addon_prepare_query=0 addon_coherent_solve=0 addon_visible_solve=0 room_sphere=0 room_sweep=0 room_single=0
2026-09-19 21:45:44.118 collision profile window_ms=1000 frames=78 counts body_contacts=34 body_passes=205 body_jacobians=99 body_predictions=1361 addon_contacts=0 addon_passes=0 addon_gradients=0 room_nodes=0 room_triangles=0
2026-09-19 21:45:44.272 performance profile body-update person=Person02 system=breasts update_rate_hz=-1 published_hz=76.8 sample_ms=5000
2026-09-19 21:45:44.272 performance profile body-update person=Person02 system=butt update_rate_hz=-1 published_hz=76.8 sample_ms=5000
2026-09-19 21:45:45.117 performance profile window_ms=1000 frames=79 avg_ms total=1.430 housekeeping=0.028 bindings=0.316 diagnostics=0.003 colliders=0.196 axes=0.001 penis=0.296 penis_ownership=0.006 penis_gravity=0.005 penis_collision=0.020 penis_setup=0.010 penis_orientation=0.001 penis_translation=0.003 penis_solver=0.026 testicles=0.056 testicle_active=0.056 breasts=0.248 breasts_active=0.244 butt=0.075 butt_active=0.074 addons=0.201 addon_activation=0.080 addon_drive=0.077 addon_guard=0.000 addon_parent_pivot=0.000 addon_parent_translation=0.002 addon_parent_rotation=0.002 addon_gravity=0.001 addon_rotation_binding=0.000 addon_validation=0.071 addon_solver=0.041 addon_output=0.039 addon_cache=0.009 late=0.006 late_testicles=0.003 late_breasts=0.003 late_butt=0.000 traverse=0.000 addon_collision_body=0.000 addon_collision_self=0.000 addon_collision_addons=0.000 max_ms total=24.721 colliders=0.520 addons=0.880 calls late=79 traverse=0 body_collision=0 self_collision=0 addons_collision=0
2026-09-19 21:45:45.118 performance profile engine operation=symbols avg_ms=0.000000 max_call_ms=0.000000 calls_per_frame=0.00 window_ms=1000 frames=79 nested=1
2026-09-19 21:45:45.118 performance profile engine operation=find_object avg_ms=0.418466 max_call_ms=0.029500 calls_per_frame=1681.58 window_ms=1000 frames=79 nested=1
2026-09-19 21:45:45.118 performance profile engine operation=script_find avg_ms=0.000000 max_call_ms=0.000000 calls_per_frame=0.00 window_ms=1000 frames=79 nested=1
2026-09-19 21:45:45.119 performance profile engine operation=axis_lookup avg_ms=0.529986 max_call_ms=2.104500 calls_per_frame=42.53 window_ms=1000 frames=79 nested=1
2026-09-19 21:45:45.119 performance profile engine operation=pivot_query avg_ms=0.023173 max_call_ms=0.010000 calls_per_frame=93.00 window_ms=1000 frames=79 nested=1
2026-09-19 21:45:45.119 collision profile window_ms=1000 frames=79 avg_ms body_collection=0.021848 body_solve=0.008394 body_position=0.003923 body_refine=0.001611 body_velocity=0.001834 addon_prepare_query=0.000000 addon_coherent_solve=0.000000 addon_visible_solve=0.000000 room_sphere=0.000000 room_sweep=0.000000 room_single=0.000000
2026-09-19 21:45:45.119 collision profile window_ms=1000 frames=79 max_call_ms body_collection=0.024400 body_solve=0.022800 body_position=0.013700 body_refine=0.001300 body_velocity=0.008200 addon_prepare_query=0.000000 addon_coherent_solve=0.000000 addon_visible_solve=0.000000 room_sphere=0.000000 room_sweep=0.000000 room_single=0.000000
2026-09-19 21:45:45.119 collision profile window_ms=1000 frames=79 calls body_collection=174 body_solve=174 body_position=174 body_refine=174 body_velocity=174 addon_prepare_query=0 addon_coherent_solve=0 addon_visible_solve=0 room_sphere=0 room_sweep=0 room_single=0
2026-09-19 21:45:45.119 collision profile window_ms=1000 frames=79 counts body_contacts=34 body_passes=211 body_jacobians=101 body_predictions=1397 addon_contacts=0 addon_passes=0 addon_gradients=0 room_nodes=0 room_triangles=0
2026-09-19 21:45:46.116 performance profile window_ms=1000 frames=78 avg_ms total=1.527 housekeeping=0.026 bindings=0.317 diagnostics=0.003 colliders=0.193 axes=0.096 penis=0.295 penis_ownership=0.006 penis_gravity=0.005 penis_collision=0.020 penis_setup=0.010 penis_orientation=0.001 penis_translation=0.003 penis_solver=0.026 testicles=0.055 testicle_active=0.055 breasts=0.246 breasts_active=0.241 butt=0.074 butt_active=0.074 addons=0.211 addon_activation=0.083 addon_drive=0.080 addon_guard=0.000 addon_parent_pivot=0.000 addon_parent_translation=0.002 addon_parent_rotation=0.002 addon_gravity=0.001 addon_rotation_binding=0.000 addon_validation=0.074 addon_solver=0.045 addon_output=0.043 addon_cache=0.010 late=0.007 late_testicles=0.003 late_breasts=0.003 late_butt=0.000 traverse=0.000 addon_collision_body=0.000 addon_collision_self=0.000 addon_collision_addons=0.000 max_ms total=24.456 colliders=0.347 addons=0.949 calls late=78 traverse=0 body_collision=0 self_collision=0 addons_collision=0
2026-09-19 21:45:46.117 performance profile engine operation=symbols avg_ms=0.000000 max_call_ms=0.000000 calls_per_frame=0.00 window_ms=1000 frames=78 nested=1
2026-09-19 21:45:46.117 performance profile engine operation=find_object avg_ms=0.494256 max_call_ms=0.018000 calls_per_frame=2050.73 window_ms=1000 frames=78 nested=1
2026-09-19 21:45:46.117 performance profile engine operation=script_find avg_ms=0.000000 max_call_ms=0.000000 calls_per_frame=0.00 window_ms=1000 frames=78 nested=1
2026-09-19 21:45:46.117 performance profile engine operation=axis_lookup avg_ms=0.629308 max_call_ms=2.095700 calls_per_frame=42.64 window_ms=1000 frames=78 nested=1
2026-09-19 21:45:46.117 performance profile engine operation=pivot_query avg_ms=0.023141 max_call_ms=0.008500 calls_per_frame=93.00 window_ms=1000 frames=78 nested=1
2026-09-19 21:45:46.117 collision profile window_ms=1000 frames=78 avg_ms body_collection=0.021510 body_solve=0.008268 body_position=0.004006 body_refine=0.001540 body_velocity=0.001738 addon_prepare_query=0.000000 addon_coherent_solve=0.000000 addon_visible_solve=0.000000 room_sphere=0.000000 room_sweep=0.000000 room_single=0.000000
2026-09-19 21:45:46.117 collision profile window_ms=1000 frames=78 max_call_ms body_collection=0.037900 body_solve=0.022600 body_position=0.013900 body_refine=0.001600 body_velocity=0.008000 addon_prepare_query=0.000000 addon_coherent_solve=0.000000 addon_visible_solve=0.000000 room_sphere=0.000000 room_sweep=0.000000 room_single=0.000000
2026-09-19 21:45:46.117 collision profile window_ms=1000 frames=78 calls body_collection=168 body_solve=168 body_position=168 body_refine=168 body_velocity=168 addon_prepare_query=0 addon_coherent_solve=0 addon_visible_solve=0 room_sphere=0 room_sweep=0 room_single=0
2026-09-19 21:45:46.117 collision profile window_ms=1000 frames=78 counts body_contacts=32 body_passes=206 body_jacobians=100 body_predictions=1372 addon_contacts=0 addon_passes=0 addon_gradients=0 room_nodes=0 room_triangles=0
2026-09-19 21:45:47.120 performance profile window_ms=1000 frames=79 avg_ms total=1.478 housekeeping=0.027 bindings=0.316 diagnostics=0.003 colliders=0.198 axes=0.048 penis=0.294 penis_ownership=0.006 penis_gravity=0.006 penis_collision=0.021 penis_setup=0.010 penis_orientation=0.001 penis_translation=0.003 penis_solver=0.026 testicles=0.056 testicle_active=0.055 breasts=0.243 breasts_active=0.238 butt=0.075 butt_active=0.075 addons=0.208 addon_activation=0.083 addon_drive=0.078 addon_guard=0.001 addon_parent_pivot=0.000 addon_parent_translation=0.002 addon_parent_rotation=0.002 addon_gravity=0.001 addon_rotation_binding=0.000 addon_validation=0.072 addon_solver=0.045 addon_output=0.043 addon_cache=0.010 late=0.007 late_testicles=0.003 late_breasts=0.003 late_butt=0.000 traverse=0.000 addon_collision_body=0.000 addon_collision_self=0.000 addon_collision_addons=0.000 max_ms total=28.420 colliders=0.415 addons=0.861 calls late=79 traverse=0 body_collision=0 self_collision=0 addons_collision=0
2026-09-19 21:45:47.120 performance profile engine operation=symbols avg_ms=0.000000 max_call_ms=0.000000 calls_per_frame=0.00 window_ms=1000 frames=79 nested=1
2026-09-19 21:45:47.120 performance profile engine operation=find_object avg_ms=0.454385 max_call_ms=0.049400 calls_per_frame=1853.41 window_ms=1000 frames=79 nested=1
2026-09-19 21:45:47.121 performance profile engine operation=script_find avg_ms=0.000000 max_call_ms=0.000000 calls_per_frame=0.00 window_ms=1000 frames=79 nested=1
2026-09-19 21:45:47.121 performance profile engine operation=axis_lookup avg_ms=0.575352 max_call_ms=2.054300 calls_per_frame=42.51 window_ms=1000 frames=79 nested=1
2026-09-19 21:45:47.121 performance profile engine operation=pivot_query avg_ms=0.024116 max_call_ms=0.008100 calls_per_frame=93.00 window_ms=1000 frames=79 nested=1
2026-09-19 21:45:47.121 collision profile window_ms=1000 frames=79 avg_ms body_collection=0.022295 body_solve=0.008557 body_position=0.003995 body_refine=0.001578 body_velocity=0.001900 addon_prepare_query=0.000000 addon_coherent_solve=0.000000 addon_visible_solve=0.000000 room_sphere=0.000000 room_sweep=0.000000 room_single=0.000000
2026-09-19 21:45:47.122 collision profile window_ms=1000 frames=79 max_call_ms body_collection=0.036500 body_solve=0.023200 body_position=0.014300 body_refine=0.001200 body_velocity=0.008200 addon_prepare_query=0.000000 addon_coherent_solve=0.000000 addon_visible_solve=0.000000 room_sphere=0.000000 room_sweep=0.000000 room_single=0.000000
2026-09-19 21:45:47.122 collision profile window_ms=1000 frames=79 calls body_collection=172 body_solve=172 body_position=172 body_refine=172 body_velocity=172 addon_prepare_query=0 addon_coherent_solve=0 addon_visible_solve=0 room_sphere=0 room_sweep=0 room_single=0
2026-09-19 21:45:47.122 collision profile window_ms=1000 frames=79 counts body_contacts=36 body_passes=211 body_jacobians=104 body_predictions=1416 addon_contacts=0 addon_passes=0 addon_gradients=0 room_nodes=0 room_triangles=0
2026-09-19 21:45:47.916 performance profile body-update person=Person02 system=penis update_rate_hz=-1 published_hz=78.0 sample_ms=5000
2026-09-19 21:45:47.969 performance profile body-update person=Person02 system=testicles update_rate_hz=-1 published_hz=78.0 sample_ms=5000
2026-09-19 21:45:48.109 performance profile window_ms=1000 frames=74 avg_ms total=1.556 housekeeping=0.031 bindings=0.336 diagnostics=0.003 colliders=0.192 axes=0.051 penis=0.316 penis_ownership=0.006 penis_gravity=0.005 penis_collision=0.020 penis_setup=0.010 penis_orientation=0.001 penis_translation=0.003 penis_solver=0.026 testicles=0.062 testicle_active=0.061 breasts=0.257 breasts_active=0.253 butt=0.073 butt_active=0.073 addons=0.223 addon_activation=0.086 addon_drive=0.088 addon_guard=0.000 addon_parent_pivot=0.000 addon_parent_translation=0.002 addon_parent_rotation=0.002 addon_gravity=0.001 addon_rotation_binding=0.000 addon_validation=0.082 addon_solver=0.046 addon_output=0.044 addon_cache=0.009 late=0.007 late_testicles=0.003 late_breasts=0.003 late_butt=0.000 traverse=0.000 addon_collision_body=0.000 addon_collision_self=0.000 addon_collision_addons=0.000 max_ms total=24.678 colliders=0.337 addons=1.105 calls late=74 traverse=0 body_collision=0 self_collision=0 addons_collision=0
2026-09-19 21:45:48.109 performance profile engine operation=symbols avg_ms=0.000000 max_call_ms=0.000000 calls_per_frame=0.00 window_ms=1000 frames=74 nested=1
2026-09-19 21:45:48.110 performance profile engine operation=find_object avg_ms=0.479891 max_call_ms=0.027900 calls_per_frame=1975.55 window_ms=1000 frames=74 nested=1
2026-09-19 21:45:48.110 performance profile engine operation=script_find avg_ms=0.000000 max_call_ms=0.000000 calls_per_frame=0.00 window_ms=1000 frames=74 nested=1
2026-09-19 21:45:48.110 performance profile engine operation=axis_lookup avg_ms=0.611355 max_call_ms=2.091700 calls_per_frame=42.70 window_ms=1000 frames=74 nested=1
2026-09-19 21:45:48.110 performance profile engine operation=pivot_query avg_ms=0.023070 max_call_ms=0.008200 calls_per_frame=93.00 window_ms=1000 frames=74 nested=1
2026-09-19 21:45:48.110 collision profile window_ms=1000 frames=74 avg_ms body_collection=0.021800 body_solve=0.009622 body_position=0.004582 body_refine=0.001757 body_velocity=0.002257 addon_prepare_query=0.000000 addon_coherent_solve=0.000000 addon_visible_solve=0.000000 room_sphere=0.000000 room_sweep=0.000000 room_single=0.000000
2026-09-19 21:45:48.110 collision profile window_ms=1000 frames=74 max_call_ms body_collection=0.027000 body_solve=0.025400 body_position=0.016400 body_refine=0.006700 body_velocity=0.013600 addon_prepare_query=0.000000 addon_coherent_solve=0.000000 addon_visible_solve=0.000000 room_sphere=0.000000 room_sweep=0.000000 room_single=0.000000
2026-09-19 21:45:48.110 collision profile window_ms=1000 frames=74 calls body_collection=160 body_solve=160 body_position=160 body_refine=160 body_velocity=160 addon_prepare_query=0 addon_coherent_solve=0 addon_visible_solve=0 room_sphere=0 room_sweep=0 room_single=0
2026-09-19 21:45:48.110 collision profile window_ms=1000 frames=74 counts body_contacts=37 body_passes=202 body_jacobians=109 body_predictions=1424 addon_contacts=0 addon_passes=0 addon_gradients=0 room_nodes=0 room_triangles=0
2026-09-19 21:45:49.116 performance profile window_ms=1000 frames=74 avg_ms total=1.564 housekeeping=0.031 bindings=0.331 diagnostics=0.003 colliders=0.197 axes=0.053 penis=0.310 penis_ownership=0.006 penis_gravity=0.005 penis_collision=0.021 penis_setup=0.010 penis_orientation=0.001 penis_translation=0.003 penis_solver=0.027 testicles=0.058 testicle_active=0.057 breasts=0.263 breasts_active=0.258 butt=0.075 butt_active=0.075 addons=0.231 addon_activation=0.088 addon_drive=0.093 addon_guard=0.001 addon_parent_pivot=0.000 addon_parent_translation=0.002 addon_parent_rotation=0.002 addon_gravity=0.001 addon_rotation_binding=0.000 addon_validation=0.086 addon_solver=0.048 addon_output=0.046 addon_cache=0.011 late=0.007 late_testicles=0.003 late_breasts=0.003 late_butt=0.000 traverse=0.000 addon_collision_body=0.000 addon_collision_self=0.000 addon_collision_addons=0.000 max_ms total=24.448 colliders=0.377 addons=1.252 calls late=74 traverse=0 body_collision=0 self_collision=0 addons_collision=0
2026-09-19 21:45:49.116 performance profile engine operation=symbols avg_ms=0.000000 max_call_ms=0.000000 calls_per_frame=0.00 window_ms=1000 frames=74 nested=1
2026-09-19 21:45:49.117 performance profile engine operation=find_object avg_ms=0.485845 max_call_ms=0.038400 calls_per_frame=1975.68 window_ms=1000 frames=74 nested=1
2026-09-19 21:45:49.117 performance profile engine operation=script_find avg_ms=0.000000 max_call_ms=0.000000 calls_per_frame=0.00 window_ms=1000 frames=74 nested=1
2026-09-19 21:45:49.117 performance profile engine operation=axis_lookup avg_ms=0.616364 max_call_ms=2.216900 calls_per_frame=42.73 window_ms=1000 frames=74 nested=1
2026-09-19 21:45:49.117 performance profile engine operation=pivot_query avg_ms=0.023841 max_call_ms=0.005100 calls_per_frame=93.00 window_ms=1000 frames=74 nested=1
2026-09-19 21:45:49.117 collision profile window_ms=1000 frames=74 avg_ms body_collection=0.023247 body_solve=0.009488 body_position=0.004561 body_refine=0.001680 body_velocity=0.002174 addon_prepare_query=0.000000 addon_coherent_solve=0.000000 addon_visible_solve=0.000000 room_sphere=0.000000 room_sweep=0.000000 room_single=0.000000
2026-09-19 21:45:49.117 collision profile window_ms=1000 frames=74 max_call_ms body_collection=0.051800 body_solve=0.028300 body_position=0.019200 body_refine=0.001500 body_velocity=0.009200 addon_prepare_query=0.000000 addon_coherent_solve=0.000000 addon_visible_solve=0.000000 room_sphere=0.000000 room_sweep=0.000000 room_single=0.000000
2026-09-19 21:45:49.118 collision profile window_ms=1000 frames=74 calls body_collection=170 body_solve=170 body_position=170 body_refine=170 body_velocity=170 addon_prepare_query=0 addon_coherent_solve=0 addon_visible_solve=0 room_sphere=0 room_sweep=0 room_single=0
2026-09-19 21:45:49.118 collision profile window_ms=1000 frames=74 counts body_contacts=38 body_passes=213 body_jacobians=109 body_predictions=1453 addon_contacts=0 addon_passes=0 addon_gradients=0 room_nodes=0 room_triangles=0
2026-09-19 21:45:49.272 performance profile body-update person=Person02 system=breasts update_rate_hz=-1 published_hz=76.2 sample_ms=5000
2026-09-19 21:45:49.272 performance profile body-update person=Person02 system=butt update_rate_hz=-1 published_hz=76.2 sample_ms=5000
2026-09-19 21:45:50.115 performance profile window_ms=1000 frames=73 avg_ms total=1.782 housekeeping=0.212 bindings=0.349 diagnostics=0.003 colliders=0.207 axes=0.054 penis=0.317 penis_ownership=0.006 penis_gravity=0.006 penis_collision=0.023 penis_setup=0.010 penis_orientation=0.001 penis_translation=0.003 penis_solver=0.027 testicles=0.058 testicle_active=0.057 breasts=0.267 breasts_active=0.262 butt=0.078 butt_active=0.078 addons=0.227 addon_activation=0.088 addon_drive=0.089 addon_guard=0.001 addon_parent_pivot=0.000 addon_parent_translation=0.002 addon_parent_rotation=0.002 addon_gravity=0.001 addon_rotation_binding=0.000 addon_validation=0.083 addon_solver=0.047 addon_output=0.045 addon_cache=0.009 late=0.007 late_testicles=0.003 late_breasts=0.003 late_butt=0.000 traverse=0.000 addon_collision_body=0.000 addon_collision_self=0.000 addon_collision_addons=0.000 max_ms total=25.247 colliders=0.495 addons=1.274 calls late=73 traverse=0 body_collision=0 self_collision=0 addons_collision=0
2026-09-19 21:45:50.115 performance profile engine operation=symbols avg_ms=0.000000 max_call_ms=0.000000 calls_per_frame=0.00 window_ms=1000 frames=73 nested=1
2026-09-19 21:45:50.115 performance profile engine operation=find_object avg_ms=0.489589 max_call_ms=0.072500 calls_per_frame=2002.04 window_ms=1000 frames=73 nested=1
2026-09-19 21:45:50.115 performance profile engine operation=script_find avg_ms=0.000000 max_call_ms=0.000000 calls_per_frame=0.00 window_ms=1000 frames=73 nested=1
2026-09-19 21:45:50.116 performance profile engine operation=axis_lookup avg_ms=0.622230 max_call_ms=2.090500 calls_per_frame=42.79 window_ms=1000 frames=73 nested=1
2026-09-19 21:45:50.116 performance profile engine operation=pivot_query avg_ms=0.024845 max_call_ms=0.011900 calls_per_frame=93.00 window_ms=1000 frames=73 nested=1
2026-09-19 21:45:50.116 collision profile window_ms=1000 frames=73 avg_ms body_collection=0.024489 body_solve=0.009205 body_position=0.004433 body_refine=0.001690 body_velocity=0.001985 addon_prepare_query=0.000000 addon_coherent_solve=0.000000 addon_visible_solve=0.000000 room_sphere=0.000000 room_sweep=0.000000 room_single=0.000000
2026-09-19 21:45:50.116 collision profile window_ms=1000 frames=73 max_call_ms body_collection=0.040700 body_solve=0.023100 body_position=0.014400 body_refine=0.001600 body_velocity=0.008100 addon_prepare_query=0.000000 addon_coherent_solve=0.000000 addon_visible_solve=0.000000 room_sphere=0.000000 room_sweep=0.000000 room_single=0.000000
2026-09-19 21:45:50.116 collision profile window_ms=1000 frames=73 calls body_collection=168 body_solve=168 body_position=168 body_refine=168 body_velocity=168 addon_prepare_query=0 addon_coherent_solve=0 addon_visible_solve=0 room_sphere=0 room_sweep=0 room_single=0
2026-09-19 21:45:50.116 collision profile window_ms=1000 frames=73 counts body_contacts=34 body_passes=208 body_jacobians=104 body_predictions=1406 addon_contacts=0 addon_passes=0 addon_gradients=0 room_nodes=0 room_triangles=0
2026-09-19 21:45:51.118 performance profile window_ms=1000 frames=76 avg_ms total=1.549 housekeeping=0.027 bindings=0.338 diagnostics=0.003 colliders=0.193 axes=0.077 penis=0.305 penis_ownership=0.006 penis_gravity=0.006 penis_collision=0.021 penis_setup=0.010 penis_orientation=0.001 penis_translation=0.003 penis_solver=0.027 testicles=0.057 testicle_active=0.056 breasts=0.251 breasts_active=0.247 butt=0.074 butt_active=0.074 addons=0.213 addon_activation=0.082 addon_drive=0.085 addon_guard=0.001 addon_parent_pivot=0.000 addon_parent_translation=0.002 addon_parent_rotation=0.002 addon_gravity=0.001 addon_rotation_binding=0.000 addon_validation=0.079 addon_solver=0.043 addon_output=0.042 addon_cache=0.010 late=0.007 late_testicles=0.003 late_breasts=0.003 late_butt=0.000 traverse=0.000 addon_collision_body=0.000 addon_collision_self=0.000 addon_collision_addons=0.000 max_ms total=27.321 colliders=0.476 addons=1.309 calls late=76 traverse=0 body_collision=0 self_collision=0 addons_collision=0
2026-09-19 21:45:51.119 performance profile engine operation=symbols avg_ms=0.000000 max_call_ms=0.000000 calls_per_frame=0.00 window_ms=1000 frames=76 nested=1
2026-09-19 21:45:51.119 performance profile engine operation=find_object avg_ms=0.491687 max_call_ms=0.114200 calls_per_frame=2014.12 window_ms=1000 frames=76 nested=1
2026-09-19 21:45:51.119 performance profile engine operation=script_find avg_ms=0.000000 max_call_ms=0.000000 calls_per_frame=0.00 window_ms=1000 frames=76 nested=1
2026-09-19 21:45:51.119 performance profile engine operation=axis_lookup avg_ms=0.623296 max_call_ms=2.184100 calls_per_frame=42.66 window_ms=1000 frames=76 nested=1
2026-09-19 21:45:51.120 performance profile engine operation=pivot_query avg_ms=0.024300 max_call_ms=0.084700 calls_per_frame=93.00 window_ms=1000 frames=76 nested=1
2026-09-19 21:45:51.120 collision profile window_ms=1000 frames=76 avg_ms body_collection=0.023075 body_solve=0.008864 body_position=0.004232 body_refine=0.001682 body_velocity=0.001892 addon_prepare_query=0.000000 addon_coherent_solve=0.000000 addon_visible_solve=0.000000 room_sphere=0.000000 room_sweep=0.000000 room_single=0.000000
2026-09-19 21:45:51.120 collision profile window_ms=1000 frames=76 max_call_ms body_collection=0.031600 body_solve=0.025900 body_position=0.015700 body_refine=0.001300 body_velocity=0.009100 addon_prepare_query=0.000000 addon_coherent_solve=0.000000 addon_visible_solve=0.000000 room_sphere=0.000000 room_sweep=0.000000 room_single=0.000000
2026-09-19 21:45:51.120 collision profile window_ms=1000 frames=76 calls body_collection=172 body_solve=172 body_position=172 body_refine=172 body_velocity=172 addon_prepare_query=0 addon_coherent_solve=0 addon_visible_solve=0 room_sphere=0 room_sweep=0 room_single=0
2026-09-19 21:45:51.120 collision profile window_ms=1000 frames=76 counts body_contacts=34 body_passes=212 body_jacobians=103 body_predictions=1409 addon_contacts=0 addon_passes=0 addon_gradients=0 room_nodes=0 room_triangles=0
2026-09-19 21:45:52.114 performance profile window_ms=1000 frames=78 avg_ms total=1.463 housekeeping=0.029 bindings=0.322 diagnostics=0.003 colliders=0.196 axes=0.001 penis=0.303 penis_ownership=0.006 penis_gravity=0.006 penis_collision=0.022 penis_setup=0.010 penis_orientation=0.001 penis_translation=0.003 penis_solver=0.027 testicles=0.058 testicle_active=0.058 breasts=0.251 breasts_active=0.246 butt=0.076 butt_active=0.075 addons=0.212 addon_activation=0.084 addon_drive=0.080 addon_guard=0.001 addon_parent_pivot=0.000 addon_parent_translation=0.002 addon_parent_rotation=0.002 addon_gravity=0.002 addon_rotation_binding=0.000 addon_validation=0.073 addon_solver=0.045 addon_output=0.043 addon_cache=0.010 late=0.007 late_testicles=0.003 late_breasts=0.003 late_butt=0.000 traverse=0.000 addon_collision_body=0.000 addon_collision_self=0.000 addon_collision_addons=0.000 max_ms total=24.979 colliders=0.407 addons=1.005 calls late=78 traverse=0 body_collision=0 self_collision=0 addons_collision=0
2026-09-19 21:45:52.114 performance profile engine operation=symbols avg_ms=0.000000 max_call_ms=0.000000 calls_per_frame=0.00 window_ms=1000 frames=78 nested=1
2026-09-19 21:45:52.114 performance profile engine operation=find_object avg_ms=0.431294 max_call_ms=0.122000 calls_per_frame=1702.53 window_ms=1000 frames=78 nested=1
2026-09-19 21:45:52.114 performance profile engine operation=script_find avg_ms=0.000000 max_call_ms=0.000000 calls_per_frame=0.00 window_ms=1000 frames=78 nested=1
2026-09-19 21:45:52.115 performance profile engine operation=axis_lookup avg_ms=0.545288 max_call_ms=2.042900 calls_per_frame=42.54 window_ms=1000 frames=78 nested=1
2026-09-19 21:45:52.115 performance profile engine operation=pivot_query avg_ms=0.023250 max_call_ms=0.006100 calls_per_frame=93.00 window_ms=1000 frames=78 nested=1
2026-09-19 21:45:52.115 collision profile window_ms=1000 frames=78 avg_ms body_collection=0.023210 body_solve=0.009576 body_position=0.004004 body_refine=0.001642 body_velocity=0.001708 addon_prepare_query=0.000000 addon_coherent_solve=0.000000 addon_visible_solve=0.000000 room_sphere=0.000000 room_sweep=0.000000 room_single=0.000000
2026-09-19 21:45:52.115 collision profile window_ms=1000 frames=78 max_call_ms body_collection=0.051000 body_solve=0.091000 body_position=0.014100 body_refine=0.001800 body_velocity=0.008100 addon_prepare_query=0.000000 addon_coherent_solve=0.000000 addon_visible_solve=0.000000 room_sphere=0.000000 room_sweep=0.000000 room_single=0.000000
2026-09-19 21:45:52.115 collision profile window_ms=1000 frames=78 calls body_collection=174 body_solve=174 body_position=174 body_refine=174 body_velocity=174 addon_prepare_query=0 addon_coherent_solve=0 addon_visible_solve=0 room_sphere=0 room_sweep=0 room_single=0
2026-09-19 21:45:52.115 collision profile window_ms=1000 frames=78 counts body_contacts=31 body_passes=211 body_jacobians=98 body_predictions=1373 addon_contacts=0 addon_passes=0 addon_gradients=0 room_nodes=0 room_triangles=0
2026-09-19 21:45:52.920 performance profile body-update person=Person02 system=penis update_rate_hz=-1 published_hz=75.6 sample_ms=5000
2026-09-19 21:45:52.966 performance profile body-update person=Person02 system=testicles update_rate_hz=-1 published_hz=75.6 sample_ms=5000
2026-09-19 21:45:53.111 performance profile window_ms=1000 frames=78 avg_ms total=1.572 housekeeping=0.033 bindings=0.322 diagnostics=0.003 colliders=0.201 axes=0.099 penis=0.310 penis_ownership=0.007 penis_gravity=0.006 penis_collision=0.021 penis_setup=0.011 penis_orientation=0.001 penis_translation=0.003 penis_solver=0.027 testicles=0.062 testicle_active=0.061 breasts=0.247 breasts_active=0.243 butt=0.075 butt_active=0.074 addons=0.209 addon_activation=0.084 addon_drive=0.079 addon_guard=0.000 addon_parent_pivot=0.000 addon_parent_translation=0.002 addon_parent_rotation=0.002 addon_gravity=0.001 addon_rotation_binding=0.000 addon_validation=0.073 addon_solver=0.043 addon_output=0.041 addon_cache=0.010 late=0.007 late_testicles=0.003 late_breasts=0.003 late_butt=0.000 traverse=0.000 addon_collision_body=0.000 addon_collision_self=0.000 addon_collision_addons=0.000 max_ms total=24.900 colliders=0.565 addons=0.914 calls late=78 traverse=0 body_collision=0 self_collision=0 addons_collision=0
2026-09-19 21:45:53.111 performance profile engine operation=symbols avg_ms=0.000000 max_call_ms=0.000000 calls_per_frame=0.00 window_ms=1000 frames=78 nested=1
2026-09-19 21:45:53.112 performance profile engine operation=find_object avg_ms=0.505108 max_call_ms=0.223300 calls_per_frame=2050.73 window_ms=1000 frames=78 nested=1
2026-09-19 21:45:53.112 performance profile engine operation=script_find avg_ms=0.000000 max_call_ms=0.000000 calls_per_frame=0.00 window_ms=1000 frames=78 nested=1
2026-09-19 21:45:53.112 performance profile engine operation=axis_lookup avg_ms=0.642187 max_call_ms=2.222900 calls_per_frame=42.64 window_ms=1000 frames=78 nested=1
2026-09-19 21:45:53.112 performance profile engine operation=pivot_query avg_ms=0.023364 max_call_ms=0.004400 calls_per_frame=93.00 window_ms=1000 frames=78 nested=1
2026-09-19 21:45:53.112 collision profile window_ms=1000 frames=78 avg_ms body_collection=0.022529 body_solve=0.008605 body_position=0.004078 body_refine=0.001668 body_velocity=0.001824 addon_prepare_query=0.000000 addon_coherent_solve=0.000000 addon_visible_solve=0.000000 room_sphere=0.000000 room_sweep=0.000000 room_single=0.000000
2026-09-19 21:45:53.112 collision profile window_ms=1000 frames=78 max_call_ms body_collection=0.032800 body_solve=0.023600 body_position=0.015200 body_refine=0.001300 body_velocity=0.008500 addon_prepare_query=0.000000 addon_coherent_solve=0.000000 addon_visible_solve=0.000000 room_sphere=0.000000 room_sweep=0.000000 room_single=0.000000
2026-09-19 21:45:53.113 collision profile window_ms=1000 frames=78 calls body_collection=174 body_solve=174 body_position=174 body_refine=174 body_velocity=174 addon_prepare_query=0 addon_coherent_solve=0 addon_visible_solve=0 room_sphere=0 room_sweep=0 room_single=0
2026-09-19 21:45:53.113 collision profile window_ms=1000 frames=78 counts body_contacts=33 body_passes=212 body_jacobians=101 body_predictions=1398 addon_contacts=0 addon_passes=0 addon_gradients=0 room_nodes=0 room_triangles=0
2026-09-19 21:45:54.116 performance profile window_ms=1000 frames=77 avg_ms total=1.631 housekeeping=0.188 bindings=0.326 diagnostics=0.003 colliders=0.196 axes=0.001 penis=0.300 penis_ownership=0.006 penis_gravity=0.006 penis_collision=0.021 penis_setup=0.010 penis_orientation=0.001 penis_translation=0.003 penis_solver=0.026 testicles=0.056 testicle_active=0.056 breasts=0.250 breasts_active=0.245 butt=0.075 butt_active=0.075 addons=0.225 addon_activation=0.085 addon_drive=0.088 addon_guard=0.000 addon_parent_pivot=0.000 addon_parent_translation=0.002 addon_parent_rotation=0.002 addon_gravity=0.001 addon_rotation_binding=0.000 addon_validation=0.082 addon_solver=0.050 addon_output=0.048 addon_cache=0.010 late=0.007 late_testicles=0.003 late_breasts=0.003 late_butt=0.000 traverse=0.000 addon_collision_body=0.000 addon_collision_self=0.000 addon_collision_addons=0.000 max_ms total=24.765 colliders=0.421 addons=1.172 calls late=77 traverse=0 body_collision=0 self_collision=0 addons_collision=0
2026-09-19 21:45:54.118 performance profile engine operation=symbols avg_ms=0.000000 max_call_ms=0.000000 calls_per_frame=0.00 window_ms=1000 frames=77 nested=1
2026-09-19 21:45:54.118 performance profile engine operation=find_object avg_ms=0.430144 max_call_ms=0.039600 calls_per_frame=1724.19 window_ms=1000 frames=77 nested=1
2026-09-19 21:45:54.118 performance profile engine operation=script_find avg_ms=0.000000 max_call_ms=0.000000 calls_per_frame=0.00 window_ms=1000 frames=77 nested=1
2026-09-19 21:45:54.118 performance profile engine operation=axis_lookup avg_ms=0.543108 max_call_ms=2.032500 calls_per_frame=42.55 window_ms=1000 frames=77 nested=1
2026-09-19 21:45:54.119 performance profile engine operation=pivot_query avg_ms=0.023362 max_call_ms=0.004900 calls_per_frame=93.00 window_ms=1000 frames=77 nested=1
2026-09-19 21:45:54.119 collision profile window_ms=1000 frames=77 avg_ms body_collection=0.022870 body_solve=0.008832 body_position=0.004168 body_refine=0.001644 body_velocity=0.001942 addon_prepare_query=0.000000 addon_coherent_solve=0.000000 addon_visible_solve=0.000000 room_sphere=0.000000 room_sweep=0.000000 room_single=0.000000
2026-09-19 21:45:54.119 collision profile window_ms=1000 frames=77 max_call_ms body_collection=0.037800 body_solve=0.028100 body_position=0.016900 body_refine=0.001300 body_velocity=0.009800 addon_prepare_query=0.000000 addon_coherent_solve=0.000000 addon_visible_solve=0.000000 room_sphere=0.000000 room_sweep=0.000000 room_single=0.000000
2026-09-19 21:45:54.119 collision profile window_ms=1000 frames=77 calls body_collection=172 body_solve=172 body_position=172 body_refine=172 body_velocity=172 addon_prepare_query=0 addon_coherent_solve=0 addon_visible_solve=0 room_sphere=0 room_sweep=0 room_single=0
2026-09-19 21:45:54.119 collision profile window_ms=1000 frames=77 counts body_contacts=34 body_passes=208 body_jacobians=101 body_predictions=1391 addon_contacts=0 addon_passes=0 addon_gradients=0 room_nodes=0 room_triangles=0
2026-09-19 21:45:54.286 performance profile body-update person=Person02 system=breasts update_rate_hz=-1 published_hz=77.2 sample_ms=5000
2026-09-19 21:45:54.286 performance profile body-update person=Person02 system=butt update_rate_hz=-1 published_hz=77.2 sample_ms=5000
2026-09-19 21:45:55.117 performance profile window_ms=1000 frames=76 avg_ms total=1.566 housekeeping=0.030 bindings=0.331 diagnostics=0.003 colliders=0.203 axes=0.076 penis=0.304 penis_ownership=0.006 penis_gravity=0.006 penis_collision=0.021 penis_setup=0.010 penis_orientation=0.001 penis_translation=0.003 penis_solver=0.027 testicles=0.058 testicle_active=0.057 breasts=0.259 breasts_active=0.254 butt=0.078 butt_active=0.077 addons=0.213 addon_activation=0.084 addon_drive=0.081 addon_guard=0.001 addon_parent_pivot=0.000 addon_parent_translation=0.002 addon_parent_rotation=0.002 addon_gravity=0.001 addon_rotation_binding=0.000 addon_validation=0.075 addon_solver=0.045 addon_output=0.043 addon_cache=0.010 late=0.007 late_testicles=0.003 late_breasts=0.003 late_butt=0.000 traverse=0.000 addon_collision_body=0.000 addon_collision_self=0.000 addon_collision_addons=0.000 max_ms total=24.856 colliders=0.454 addons=0.864 calls late=76 traverse=0 body_collision=0 self_collision=0 addons_collision=0
2026-09-19 21:45:55.117 performance profile engine operation=symbols avg_ms=0.000000 max_call_ms=0.000000 calls_per_frame=0.00 window_ms=1000 frames=76 nested=1
2026-09-19 21:45:55.117 performance profile engine operation=find_object avg_ms=0.490974 max_call_ms=0.094300 calls_per_frame=2014.17 window_ms=1000 frames=76 nested=1
2026-09-19 21:45:55.118 performance profile engine operation=script_find avg_ms=0.000000 max_call_ms=0.000000 calls_per_frame=0.00 window_ms=1000 frames=76 nested=1
2026-09-19 21:45:55.118 performance profile engine operation=axis_lookup avg_ms=0.623418 max_call_ms=2.030900 calls_per_frame=42.71 window_ms=1000 frames=76 nested=1
2026-09-19 21:45:55.118 performance profile engine operation=pivot_query avg_ms=0.024817 max_call_ms=0.006000 calls_per_frame=93.00 window_ms=1000 frames=76 nested=1
2026-09-19 21:45:55.119 collision profile window_ms=1000 frames=76 avg_ms body_collection=0.023176 body_solve=0.008822 body_position=0.004200 body_refine=0.001642 body_velocity=0.001883 addon_prepare_query=0.000000 addon_coherent_solve=0.000000 addon_visible_solve=0.000000 room_sphere=0.000000 room_sweep=0.000000 room_single=0.000000
2026-09-19 21:45:55.119 collision profile window_ms=1000 frames=76 max_call_ms body_collection=0.047500 body_solve=0.023200 body_position=0.014300 body_refine=0.002500 body_velocity=0.008100 addon_prepare_query=0.000000 addon_coherent_solve=0.000000 addon_visible_solve=0.000000 room_sphere=0.000000 room_sweep=0.000000 room_single=0.000000
2026-09-19 21:45:55.119 collision profile window_ms=1000 frames=76 calls body_collection=172 body_solve=172 body_position=172 body_refine=172 body_velocity=172 addon_prepare_query=0 addon_coherent_solve=0 addon_visible_solve=0 room_sphere=0 room_sweep=0 room_single=0
2026-09-19 21:45:55.119 collision profile window_ms=1000 frames=76 counts body_contacts=34 body_passes=213 body_jacobians=103 body_predictions=1409 addon_contacts=0 addon_passes=0 addon_gradients=0 room_nodes=0 room_triangles=0
2026-09-19 21:45:56.113 performance profile window_ms=1000 frames=72 avg_ms total=1.617 housekeeping=0.116 bindings=0.351 diagnostics=0.003 colliders=0.196 axes=0.001 penis=0.319 penis_ownership=0.006 penis_gravity=0.005 penis_collision=0.022 penis_setup=0.010 penis_orientation=0.001 penis_translation=0.003 penis_solver=0.027 testicles=0.060 testicle_active=0.060 breasts=0.270 breasts_active=0.266 butt=0.074 butt_active=0.073 addons=0.218 addon_activation=0.086 addon_drive=0.085 addon_guard=0.000 addon_parent_pivot=0.000 addon_parent_translation=0.002 addon_parent_rotation=0.002 addon_gravity=0.001 addon_rotation_binding=0.000 addon_validation=0.078 addon_solver=0.044 addon_output=0.042 addon_cache=0.008 late=0.007 late_testicles=0.003 late_breasts=0.003 late_butt=0.000 traverse=0.000 addon_collision_body=0.000 addon_collision_self=0.000 addon_collision_addons=0.000 max_ms total=24.919 colliders=0.415 addons=0.838 calls late=72 traverse=0 body_collision=0 self_collision=0 addons_collision=0
2026-09-19 21:45:56.114 performance profile engine operation=symbols avg_ms=0.000000 max_call_ms=0.000000 calls_per_frame=0.00 window_ms=1000 frames=72 nested=1
2026-09-19 21:45:56.114 performance profile engine operation=find_object avg_ms=0.457365 max_call_ms=0.018900 calls_per_frame=1840.69 window_ms=1000 frames=72 nested=1
2026-09-19 21:45:56.114 performance profile engine operation=script_find avg_ms=0.000000 max_call_ms=0.000000 calls_per_frame=0.00 window_ms=1000 frames=72 nested=1
2026-09-19 21:45:56.114 performance profile engine operation=axis_lookup avg_ms=0.581444 max_call_ms=2.287800 calls_per_frame=42.78 window_ms=1000 frames=72 nested=1
2026-09-19 21:45:56.114 performance profile engine operation=pivot_query avg_ms=0.023525 max_call_ms=0.003600 calls_per_frame=93.00 window_ms=1000 frames=72 nested=1
2026-09-19 21:45:56.114 collision profile window_ms=1000 frames=72 avg_ms body_collection=0.023539 body_solve=0.009610 body_position=0.004650 body_refine=0.001667 body_velocity=0.002129 addon_prepare_query=0.000000 addon_coherent_solve=0.000000 addon_visible_solve=0.000000 room_sphere=0.000000 room_sweep=0.000000 room_single=0.000000
2026-09-19 21:45:56.115 collision profile window_ms=1000 frames=72 max_call_ms body_collection=0.052100 body_solve=0.026600 body_position=0.015800 body_refine=0.001100 body_velocity=0.009700 addon_prepare_query=0.000000 addon_coherent_solve=0.000000 addon_visible_solve=0.000000 room_sphere=0.000000 room_sweep=0.000000 room_single=0.000000
2026-09-19 21:45:56.115 collision profile window_ms=1000 frames=72 calls body_collection=166 body_solve=166 body_position=166 body_refine=166 body_velocity=166 addon_prepare_query=0 addon_coherent_solve=0 addon_visible_solve=0 room_sphere=0 room_sweep=0 room_single=0
2026-09-19 21:45:56.115 collision profile window_ms=1000 frames=72 counts body_contacts=36 body_passes=206 body_jacobians=106 body_predictions=1416 addon_contacts=0 addon_passes=0 addon_gradients=0 room_nodes=0 room_triangles=0
2026-09-19 21:45:57.111 performance profile window_ms=1000 frames=76 avg_ms total=1.557 housekeeping=0.030 bindings=0.328 diagnostics=0.003 colliders=0.197 axes=0.102 penis=0.280 penis_ownership=0.006 penis_gravity=0.005 penis_collision=0.020 penis_setup=0.010 penis_orientation=0.001 penis_translation=0.003 penis_solver=0.026 testicles=0.056 testicle_active=0.056 breasts=0.253 breasts_active=0.248 butt=0.073 butt_active=0.073 addons=0.225 addon_activation=0.086 addon_drive=0.091 addon_guard=0.001 addon_parent_pivot=0.000 addon_parent_translation=0.002 addon_parent_rotation=0.002 addon_gravity=0.001 addon_rotation_binding=0.000 addon_validation=0.084 addon_solver=0.046 addon_output=0.044 addon_cache=0.009 late=0.007 late_testicles=0.003 late_breasts=0.003 late_butt=0.000 traverse=0.000 addon_collision_body=0.000 addon_collision_self=0.000 addon_collision_addons=0.000 max_ms total=24.639 colliders=0.435 addons=1.352 calls late=76 traverse=0 body_collision=0 self_collision=0 addons_collision=0
2026-09-19 21:45:57.111 performance profile engine operation=symbols avg_ms=0.000000 max_call_ms=0.000000 calls_per_frame=0.00 window_ms=1000 frames=76 nested=1
2026-09-19 21:45:57.111 performance profile engine operation=find_object avg_ms=0.492055 max_call_ms=0.036300 calls_per_frame=2014.09 window_ms=1000 frames=76 nested=1
2026-09-19 21:45:57.111 performance profile engine operation=script_find avg_ms=0.000000 max_call_ms=0.000000 calls_per_frame=0.00 window_ms=1000 frames=76 nested=1
2026-09-19 21:45:57.111 performance profile engine operation=axis_lookup avg_ms=0.626801 max_call_ms=2.059100 calls_per_frame=42.63 window_ms=1000 frames=76 nested=1
2026-09-19 21:45:57.112 performance profile engine operation=pivot_query avg_ms=0.023686 max_call_ms=0.003900 calls_per_frame=93.00 window_ms=1000 frames=76 nested=1
2026-09-19 21:45:57.112 collision profile window_ms=1000 frames=76 avg_ms body_collection=0.022113 body_solve=0.008599 body_position=0.004149 body_refine=0.001647 body_velocity=0.001768 addon_prepare_query=0.000000 addon_coherent_solve=0.000000 addon_visible_solve=0.000000 room_sphere=0.000000 room_sweep=0.000000 room_single=0.000000
2026-09-19 21:45:57.112 collision profile window_ms=1000 frames=76 max_call_ms body_collection=0.026400 body_solve=0.022900 body_position=0.015500 body_refine=0.001300 body_velocity=0.008300 addon_prepare_query=0.000000 addon_coherent_solve=0.000000 addon_visible_solve=0.000000 room_sphere=0.000000 room_sweep=0.000000 room_single=0.000000
2026-09-19 21:45:57.112 collision profile window_ms=1000 frames=76 calls body_collection=170 body_solve=170 body_position=170 body_refine=170 body_velocity=170 addon_prepare_query=0 addon_coherent_solve=0 addon_visible_solve=0 room_sphere=0 room_sweep=0 room_single=0
2026-09-19 21:45:57.112 collision profile window_ms=1000 frames=76 counts body_contacts=31 body_passes=208 body_jacobians=98 body_predictions=1361 addon_contacts=0 addon_passes=0 addon_gradients=0 room_nodes=0 room_triangles=0
2026-09-19 21:45:57.736 genital physics state person=Person01 physics_paused=1 reason=clothing-hidden
2026-09-19 21:45:57.736 genital physics state person=Person03 physics_paused=1 reason=clothing-hidden
2026-09-19 21:45:58.030 performance profile body-update person=Person02 system=penis update_rate_hz=-1 published_hz=67.9 sample_ms=5110
2026-09-19 21:45:58.031 performance profile body-update person=Person02 system=testicles update_rate_hz=-1 published_hz=67.7 sample_ms=5063
2026-09-19 21:45:58.121 performance profile window_ms=1016 frames=37 avg_ms total=3.240 housekeeping=1.158 bindings=1.270 diagnostics=0.003 colliders=0.801 axes=0.053 penis=0.296 penis_ownership=0.005 penis_gravity=0.006 penis_collision=0.018 penis_setup=0.009 penis_orientation=0.001 penis_translation=0.003 penis_solver=0.024 testicles=0.060 testicle_active=0.059 breasts=0.340 breasts_active=0.335 butt=0.073 butt_active=0.073 addons=0.302 addon_activation=0.088 addon_drive=0.113 addon_guard=0.001 addon_parent_pivot=0.000 addon_parent_translation=0.002 addon_parent_rotation=0.002 addon_gravity=0.001 addon_rotation_binding=0.000 addon_validation=0.106 addon_solver=0.098 addon_output=0.096 addon_cache=0.009 late=0.010 late_testicles=0.003 late_breasts=0.005 late_butt=0.002 traverse=0.000 addon_collision_body=0.000 addon_collision_self=0.000 addon_collision_addons=0.000 max_ms total=30.138 colliders=4.059 addons=1.140 calls late=38 traverse=0 body_collision=0 self_collision=0 addons_collision=0
2026-09-19 21:45:58.122 performance profile engine operation=symbols avg_ms=0.000000 max_call_ms=0.000000 calls_per_frame=0.00 window_ms=1016 frames=37 nested=1
2026-09-19 21:45:58.122 performance profile engine operation=find_object avg_ms=1.314916 max_call_ms=0.047800 calls_per_frame=5746.43 window_ms=1016 frames=37 nested=1
2026-09-19 21:45:58.122 performance profile engine operation=script_find avg_ms=0.000000 max_call_ms=0.000000 calls_per_frame=0.00 window_ms=1016 frames=37 nested=1
2026-09-19 21:45:58.122 performance profile engine operation=axis_lookup avg_ms=1.692478 max_call_ms=2.116700 calls_per_frame=49.59 window_ms=1016 frames=37 nested=1
2026-09-19 21:45:58.122 performance profile engine operation=pivot_query avg_ms=0.024468 max_call_ms=0.008500 calls_per_frame=93.81 window_ms=1016 frames=37 nested=1
2026-09-19 21:45:58.123 collision profile window_ms=1016 frames=37 avg_ms body_collection=0.019438 body_solve=0.006878 body_position=0.002992 body_refine=0.001559 body_velocity=0.001378 addon_prepare_query=0.000000 addon_coherent_solve=0.000000 addon_visible_solve=0.000000 room_sphere=0.000000 room_sweep=0.000000 room_single=0.000000
2026-09-19 21:45:58.123 collision profile window_ms=1016 frames=37 max_call_ms body_collection=0.031900 body_solve=0.022000 body_position=0.013700 body_refine=0.006000 body_velocity=0.007600 addon_prepare_query=0.000000 addon_coherent_solve=0.000000 addon_visible_solve=0.000000 room_sphere=0.000000 room_sweep=0.000000 room_single=0.000000
2026-09-19 21:45:58.123 collision profile window_ms=1016 frames=37 calls body_collection=84 body_solve=72 body_position=72 body_refine=72 body_velocity=72 addon_prepare_query=0 addon_coherent_solve=0 addon_visible_solve=0 room_sphere=0 room_sweep=0 room_single=0
2026-09-19 21:45:58.123 collision profile window_ms=1016 frames=37 counts body_contacts=12 body_passes=85 body_jacobians=36 body_predictions=526 addon_contacts=0 addon_passes=0 addon_gradients=0 room_nodes=0 room_triangles=0
2026-09-19 21:45:59.113 performance profile window_ms=1000 frames=44 avg_ms total=10.436 housekeeping=0.039 bindings=4.891 diagnostics=0.003 colliders=3.963 axes=0.001 penis=0.098 penis_ownership=0.000 penis_gravity=0.007 penis_collision=0.037 penis_setup=0.009 penis_orientation=0.001 penis_translation=0.004 penis_solver=0.036 testicles=0.138 testicle_active=0.137 breasts=0.422 breasts_active=0.418 butt=0.046 butt_active=0.046 addons=0.828 addon_activation=0.082 addon_drive=0.146 addon_guard=0.001 addon_parent_pivot=0.000 addon_parent_translation=0.002 addon_parent_rotation=0.002 addon_gravity=0.001 addon_rotation_binding=0.000 addon_validation=0.139 addon_solver=0.597 addon_output=0.594 addon_cache=0.007 late=0.008 late_testicles=0.003 late_breasts=0.003 late_butt=0.001 traverse=0.000 addon_collision_body=0.000 addon_collision_self=0.000 addon_collision_addons=0.000 max_ms total=31.207 colliders=4.132 addons=1.730 calls late=44 traverse=0 body_collision=0 self_collision=0 addons_collision=0
2026-09-19 21:45:59.113 performance profile engine operation=symbols avg_ms=0.000000 max_call_ms=0.000000 calls_per_frame=0.00 window_ms=1000 frames=44 nested=1
2026-09-19 21:45:59.113 performance profile engine operation=find_object avg_ms=3.395714 max_call_ms=0.113300 calls_per_frame=15353.50 window_ms=1000 frames=44 nested=1
2026-09-19 21:45:59.114 performance profile engine operation=script_find avg_ms=0.000000 max_call_ms=0.000000 calls_per_frame=0.00 window_ms=1000 frames=44 nested=1
2026-09-19 21:45:59.114 performance profile engine operation=axis_lookup avg_ms=4.401461 max_call_ms=2.051500 calls_per_frame=62.55 window_ms=1000 frames=44 nested=1
2026-09-19 21:45:59.114 performance profile engine operation=pivot_query avg_ms=0.021568 max_call_ms=0.006600 calls_per_frame=99.00 window_ms=1000 frames=44 nested=1
2026-09-19 21:45:59.114 collision profile window_ms=1000 frames=44 avg_ms body_collection=0.033148 body_solve=0.080016 body_position=0.057357 body_refine=0.012109 body_velocity=0.009220 addon_prepare_query=0.000000 addon_coherent_solve=0.000000 addon_visible_solve=0.000000 room_sphere=0.000000 room_sweep=0.000000 room_single=0.000000
2026-09-19 21:45:59.114 collision profile window_ms=1000 frames=44 max_call_ms body_collection=0.029900 body_solve=0.280600 body_position=0.211300 body_refine=0.080100 body_velocity=0.009700 addon_prepare_query=0.000000 addon_coherent_solve=0.000000 addon_visible_solve=0.000000 room_sphere=0.000000 room_sweep=0.000000 room_single=0.000000
2026-09-19 21:45:59.114 collision profile window_ms=1000 frames=44 calls body_collection=180 body_solve=176 body_position=176 body_refine=176 body_velocity=176 addon_prepare_query=0 addon_coherent_solve=0 addon_visible_solve=0 room_sphere=0 room_sweep=0 room_single=0
2026-09-19 21:45:59.115 collision profile window_ms=1000 frames=44 counts body_contacts=95 body_passes=457 body_jacobians=740 body_predictions=6949 addon_contacts=0 addon_passes=0 addon_gradients=0 room_nodes=0 room_triangles=0
2026-09-19 21:45:59.303 performance profile body-update person=Person02 system=breasts update_rate_hz=-1 published_hz=59.8 sample_ms=5015
2026-09-19 21:45:59.304 performance profile body-update person=Person02 system=butt update_rate_hz=-1 published_hz=59.8 sample_ms=5015
2026-09-19 21:46:00.113 performance profile window_ms=1000 frames=45 avg_ms total=10.333 housekeeping=0.170 bindings=4.728 diagnostics=0.003 colliders=3.924 axes=0.042 penis=0.098 penis_ownership=0.000 penis_gravity=0.007 penis_collision=0.038 penis_setup=0.008 penis_orientation=0.001 penis_translation=0.004 penis_solver=0.036 testicles=0.094 testicle_active=0.093 breasts=0.415 breasts_active=0.411 butt=0.047 butt_active=0.047 addons=0.804 addon_activation=0.080 addon_drive=0.143 addon_guard=0.001 addon_parent_pivot=0.000 addon_parent_translation=0.002 addon_parent_rotation=0.002 addon_gravity=0.001 addon_rotation_binding=0.000 addon_validation=0.136 addon_solver=0.578 addon_output=0.575 addon_cache=0.007 late=0.007 late_testicles=0.003 late_breasts=0.003 late_butt=0.001 traverse=0.000 addon_collision_body=0.000 addon_collision_self=0.000 addon_collision_addons=0.000 max_ms total=30.511 colliders=4.189 addons=1.361 calls late=45 traverse=0 body_collision=0 self_collision=0 addons_collision=0
2026-09-19 21:46:00.114 performance profile engine operation=symbols avg_ms=0.000000 max_call_ms=0.000000 calls_per_frame=0.00 window_ms=1000 frames=45 nested=1
2026-09-19 21:46:00.114 performance profile engine operation=find_object avg_ms=3.307620 max_call_ms=0.118800 calls_per_frame=15164.33 window_ms=1000 frames=45 nested=1
2026-09-19 21:46:00.114 performance profile engine operation=script_find avg_ms=0.000000 max_call_ms=0.000000 calls_per_frame=0.00 window_ms=1000 frames=45 nested=1
2026-09-19 21:46:00.114 performance profile engine operation=axis_lookup avg_ms=4.297193 max_call_ms=2.139100 calls_per_frame=62.31 window_ms=1000 frames=45 nested=1
2026-09-19 21:46:00.114 performance profile engine operation=pivot_query avg_ms=0.021098 max_call_ms=0.007000 calls_per_frame=99.00 window_ms=1000 frames=45 nested=1
2026-09-19 21:46:00.115 collision profile window_ms=1000 frames=45 avg_ms body_collection=0.032629 body_solve=0.038838 body_position=0.027956 body_refine=0.002760 body_velocity=0.006762 addon_prepare_query=0.000000 addon_coherent_solve=0.000000 addon_visible_solve=0.000000 room_sphere=0.000000 room_sweep=0.000000 room_single=0.000000
2026-09-19 21:46:00.115 collision profile window_ms=1000 frames=45 max_call_ms body_collection=0.026200 body_solve=0.118200 body_position=0.103100 body_refine=0.001200 body_velocity=0.014600 addon_prepare_query=0.000000 addon_coherent_solve=0.000000 addon_visible_solve=0.000000 room_sphere=0.000000 room_sweep=0.000000 room_single=0.000000
2026-09-19 21:46:00.115 collision profile window_ms=1000 frames=45 calls body_collection=182 body_solve=182 body_position=182 body_refine=182 body_velocity=182 addon_prepare_query=0 addon_coherent_solve=0 addon_visible_solve=0 room_sphere=0 room_sweep=0 room_single=0
2026-09-19 21:46:00.115 collision profile window_ms=1000 frames=45 counts body_contacts=64 body_passes=296 body_jacobians=317 body_predictions=3447 addon_contacts=0 addon_passes=0 addon_gradients=0 room_nodes=0 room_triangles=0
2026-09-19 21:46:01.112 performance profile window_ms=1000 frames=51 avg_ms total=8.738 housekeeping=0.040 bindings=3.397 diagnostics=0.003 colliders=3.933 axes=0.001 penis=0.077 penis_ownership=0.000 penis_gravity=0.007 penis_collision=0.024 penis_setup=0.007 penis_orientation=0.001 penis_translation=0.004 penis_solver=0.031 testicles=0.063 testicle_active=0.062 breasts=0.364 breasts_active=0.360 butt=0.040 butt_active=0.039 addons=0.813 addon_activation=0.083 addon_drive=0.118 addon_guard=0.001 addon_parent_pivot=0.000 addon_parent_translation=0.003 addon_parent_rotation=0.002 addon_gravity=0.001 addon_rotation_binding=0.000 addon_validation=0.111 addon_solver=0.608 addon_output=0.605 addon_cache=0.007 late=0.007 late_testicles=0.003 late_breasts=0.003 late_butt=0.001 traverse=0.000 addon_collision_body=0.000 addon_collision_self=0.000 addon_collision_addons=0.000 max_ms total=31.427 colliders=4.171 addons=1.239 calls late=51 traverse=0 body_collision=0 self_collision=0 addons_collision=0
2026-09-19 21:46:01.112 performance profile engine operation=symbols avg_ms=0.000000 max_call_ms=0.000000 calls_per_frame=0.00 window_ms=1000 frames=51 nested=1
2026-09-19 21:46:01.112 performance profile engine operation=find_object avg_ms=3.255220 max_call_ms=0.106600 calls_per_frame=14853.16 window_ms=1000 frames=51 nested=1
2026-09-19 21:46:01.112 performance profile engine operation=script_find avg_ms=0.000000 max_call_ms=0.000000 calls_per_frame=0.00 window_ms=1000 frames=51 nested=1
2026-09-19 21:46:01.113 performance profile engine operation=axis_lookup avg_ms=4.229522 max_call_ms=2.104100 calls_per_frame=62.04 window_ms=1000 frames=51 nested=1
2026-09-19 21:46:01.113 performance profile engine operation=pivot_query avg_ms=0.018275 max_call_ms=0.001900 calls_per_frame=99.00 window_ms=1000 frames=51 nested=1
2026-09-19 21:46:01.113 collision profile window_ms=1000 frames=51 avg_ms body_collection=0.026394 body_solve=0.004063 body_position=0.000098 body_refine=0.002833 body_velocity=0.000094 addon_prepare_query=0.000000 addon_coherent_solve=0.000000 addon_visible_solve=0.000000 room_sphere=0.000000 room_sweep=0.000000 room_single=0.000000
2026-09-19 21:46:01.113 collision profile window_ms=1000 frames=51 max_call_ms body_collection=0.023300 body_solve=0.034000 body_position=0.000100 body_refine=0.033700 body_velocity=0.000100 addon_prepare_query=0.000000 addon_coherent_solve=0.000000 addon_visible_solve=0.000000 room_sphere=0.000000 room_sweep=0.000000 room_single=0.000000
2026-09-19 21:46:01.113 collision profile window_ms=1000 frames=51 calls body_collection=158 body_solve=158 body_position=158 body_refine=158 body_velocity=158 addon_prepare_query=0 addon_coherent_solve=0 addon_visible_solve=0 room_sphere=0 room_sweep=0 room_single=0
2026-09-19 21:46:01.113 collision profile window_ms=1000 frames=51 counts body_contacts=0 body_passes=158 body_jacobians=0 body_predictions=474 addon_contacts=0 addon_passes=0 addon_gradients=0 room_nodes=0 room_triangles=0
2026-09-19 21:46:02.113 performance profile window_ms=1000 frames=57 avg_ms total=5.929 housekeeping=0.035 bindings=0.662 diagnostics=0.003 colliders=3.891 axes=0.033 penis=0.075 penis_ownership=0.000 penis_gravity=0.006 penis_collision=0.023 penis_setup=0.007 penis_orientation=0.001 penis_translation=0.004 penis_solver=0.031 testicles=0.063 testicle_active=0.061 breasts=0.323 breasts_active=0.319 butt=0.039 butt_active=0.039 addons=0.797 addon_activation=0.081 addon_drive=0.104 addon_guard=0.001 addon_parent_pivot=0.000 addon_parent_translation=0.002 addon_parent_rotation=0.002 addon_gravity=0.001 addon_rotation_binding=0.000 addon_validation=0.096 addon_solver=0.610 addon_output=0.607 addon_cache=0.007 late=0.007 late_testicles=0.003 late_breasts=0.003 late_butt=0.001 traverse=0.000 addon_collision_body=0.000 addon_collision_self=0.000 addon_collision_addons=0.000 max_ms total=30.148 colliders=4.190 addons=1.166 calls late=57 traverse=0 body_collision=0 self_collision=0 addons_collision=0
2026-09-19 21:46:02.113 performance profile engine operation=symbols avg_ms=0.000000 max_call_ms=0.000000 calls_per_frame=0.00 window_ms=1000 frames=57 nested=1
2026-09-19 21:46:02.113 performance profile engine operation=find_object avg_ms=3.203589 max_call_ms=0.098900 calls_per_frame=14845.28 window_ms=1000 frames=57 nested=1
2026-09-19 21:46:02.114 performance profile engine operation=script_find avg_ms=0.000000 max_call_ms=0.000000 calls_per_frame=0.00 window_ms=1000 frames=57 nested=1
2026-09-19 21:46:02.114 performance profile engine operation=axis_lookup avg_ms=4.178356 max_call_ms=2.050900 calls_per_frame=61.72 window_ms=1000 frames=57 nested=1
2026-09-19 21:46:02.114 performance profile engine operation=pivot_query avg_ms=0.018540 max_call_ms=0.012700 calls_per_frame=99.00 window_ms=1000 frames=57 nested=1
2026-09-19 21:46:02.114 collision profile window_ms=1000 frames=57 avg_ms body_collection=0.024777 body_solve=0.005247 body_position=0.001337 body_refine=0.002172 body_velocity=0.000581 addon_prepare_query=0.000000 addon_coherent_solve=0.000000 addon_visible_solve=0.000000 room_sphere=0.000000 room_sweep=0.000000 room_single=0.000000
2026-09-19 21:46:02.114 collision profile window_ms=1000 frames=57 max_call_ms body_collection=0.016300 body_solve=0.018400 body_position=0.013300 body_refine=0.001200 body_velocity=0.004300 addon_prepare_query=0.000000 addon_coherent_solve=0.000000 addon_visible_solve=0.000000 room_sphere=0.000000 room_sweep=0.000000 room_single=0.000000
2026-09-19 21:46:02.115 collision profile window_ms=1000 frames=57 calls body_collection=178 body_solve=178 body_position=178 body_refine=178 body_velocity=178 addon_prepare_query=0 addon_coherent_solve=0 addon_visible_solve=0 room_sphere=0 room_sweep=0 room_single=0
2026-09-19 21:46:02.115 collision profile window_ms=1000 frames=57 counts body_contacts=7 body_passes=187 body_jacobians=23 body_predictions=734 addon_contacts=0 addon_passes=0 addon_gradients=0 room_nodes=0 room_triangles=0
2026-09-19 21:46:02.959 performance profile body-update person=Person01 system=butt update_rate_hz=-1 published_hz=51.0 sample_ms=5000
2026-09-19 21:46:02.959 performance profile body-update person=Person03 system=butt update_rate_hz=-1 published_hz=51.0 sample_ms=5000
2026-09-19 21:46:03.032 performance profile body-update person=Person02 system=penis update_rate_hz=-1 published_hz=51.6 sample_ms=5000
2026-09-19 21:46:03.033 performance profile body-update person=Person02 system=testicles update_rate_hz=-1 published_hz=51.6 sample_ms=5000
2026-09-19 21:46:03.105 performance profile window_ms=1000 frames=64 avg_ms total=5.910 housekeeping=0.142 bindings=0.608 diagnostics=0.003 colliders=3.884 axes=0.001 penis=0.075 penis_ownership=0.000 penis_gravity=0.006 penis_collision=0.020 penis_setup=0.007 penis_orientation=0.001 penis_translation=0.004 penis_solver=0.027 testicles=0.064 testicle_active=0.063 breasts=0.294 breasts_active=0.291 butt=0.046 butt_active=0.045 addons=0.785 addon_activation=0.080 addon_drive=0.098 addon_guard=0.001 addon_parent_pivot=0.000 addon_parent_translation=0.002 addon_parent_rotation=0.002 addon_gravity=0.001 addon_rotation_binding=0.000 addon_validation=0.091 addon_solver=0.604 addon_output=0.602 addon_cache=0.007 late=0.007 late_testicles=0.003 late_breasts=0.003 late_butt=0.001 traverse=0.000 addon_collision_body=0.000 addon_collision_self=0.000 addon_collision_addons=0.000 max_ms total=26.861 colliders=4.284 addons=1.325 calls late=64 traverse=0 body_collision=0 self_collision=0 addons_collision=0
2026-09-19 21:46:03.106 performance profile engine operation=symbols avg_ms=0.000000 max_call_ms=0.000000 calls_per_frame=0.00 window_ms=1000 frames=64 nested=1
2026-09-19 21:46:03.106 performance profile engine operation=find_object avg_ms=3.157008 max_call_ms=0.074700 calls_per_frame=14608.58 window_ms=1000 frames=64 nested=1
2026-09-19 21:46:03.106 performance profile engine operation=script_find avg_ms=0.000000 max_call_ms=0.000000 calls_per_frame=0.00 window_ms=1000 frames=64 nested=1
2026-09-19 21:46:03.106 performance profile engine operation=axis_lookup avg_ms=4.111741 max_call_ms=2.247200 calls_per_frame=61.41 window_ms=1000 frames=64 nested=1
2026-09-19 21:46:03.106 performance profile engine operation=pivot_query avg_ms=0.018147 max_call_ms=0.006500 calls_per_frame=99.00 window_ms=1000 frames=64 nested=1
2026-09-19 21:46:03.107 collision profile window_ms=1000 frames=64 avg_ms body_collection=0.021405 body_solve=0.003187 body_position=0.000342 body_refine=0.001697 body_velocity=0.000205 addon_prepare_query=0.000000 addon_coherent_solve=0.000000 addon_visible_solve=0.000000 room_sphere=0.000000 room_sweep=0.000000 room_single=0.000000
2026-09-19 21:46:03.107 collision profile window_ms=1000 frames=64 max_call_ms body_collection=0.026700 body_solve=0.014200 body_position=0.009200 body_refine=0.004400 body_velocity=0.004100 addon_prepare_query=0.000000 addon_coherent_solve=0.000000 addon_visible_solve=0.000000 room_sphere=0.000000 room_sweep=0.000000 room_single=0.000000
2026-09-19 21:46:03.107 collision profile window_ms=1000 frames=64 calls body_collection=148 body_solve=148 body_position=148 body_refine=148 body_velocity=148 addon_prepare_query=0 addon_coherent_solve=0 addon_visible_solve=0 room_sphere=0 room_sweep=0 room_single=0
2026-09-19 21:46:03.107 collision profile window_ms=1000 frames=64 counts body_contacts=2 body_passes=150 body_jacobians=6 body_predictions=496 addon_contacts=0 addon_passes=0 addon_gradients=0 room_nodes=0 room_triangles=0
2026-09-19 21:46:04.116 performance profile window_ms=1000 frames=69 avg_ms total=5.657 housekeeping=0.031 bindings=0.575 diagnostics=0.003 colliders=3.838 axes=0.028 penis=0.066 penis_ownership=0.000 penis_gravity=0.006 penis_collision=0.019 penis_setup=0.007 penis_orientation=0.001 penis_translation=0.004 penis_solver=0.026 testicles=0.057 testicle_active=0.056 breasts=0.294 breasts_active=0.291 butt=0.037 butt_active=0.036 addons=0.721 addon_activation=0.074 addon_drive=0.094 addon_guard=0.001 addon_parent_pivot=0.000 addon_parent_translation=0.002 addon_parent_rotation=0.002 addon_gravity=0.001 addon_rotation_binding=0.000 addon_validation=0.088 addon_solver=0.550 addon_output=0.548 addon_cache=0.007 late=0.007 late_testicles=0.003 late_breasts=0.003 late_butt=0.001 traverse=0.000 addon_collision_body=0.000 addon_collision_self=0.000 addon_collision_addons=0.000 max_ms total=26.660 colliders=3.997 addons=1.146 calls late=69 traverse=0 body_collision=0 self_collision=0 addons_collision=0
2026-09-19 21:46:04.118 performance profile engine operation=symbols avg_ms=0.000000 max_call_ms=0.000000 calls_per_frame=0.00 window_ms=1000 frames=69 nested=1
2026-09-19 21:46:04.118 performance profile engine operation=find_object avg_ms=3.149804 max_call_ms=0.037600 calls_per_frame=14736.06 window_ms=1000 frames=69 nested=1
2026-09-19 21:46:04.118 performance profile engine operation=script_find avg_ms=0.000000 max_call_ms=0.000000 calls_per_frame=0.00 window_ms=1000 frames=69 nested=1
2026-09-19 21:46:04.119 performance profile engine operation=axis_lookup avg_ms=4.095180 max_call_ms=1.968500 calls_per_frame=61.30 window_ms=1000 frames=69 nested=1
2026-09-19 21:46:04.119 performance profile engine operation=pivot_query avg_ms=0.017558 max_call_ms=0.005800 calls_per_frame=99.00 window_ms=1000 frames=69 nested=1
2026-09-19 21:46:04.119 collision profile window_ms=1000 frames=69 avg_ms body_collection=0.019739 body_solve=0.002541 body_position=0.000061 body_refine=0.001525 body_velocity=0.000083 addon_prepare_query=0.000000 addon_coherent_solve=0.000000 addon_visible_solve=0.000000 room_sphere=0.000000 room_sweep=0.000000 room_single=0.000000
2026-09-19 21:46:04.119 collision profile window_ms=1000 frames=69 max_call_ms body_collection=0.018500 body_solve=0.002100 body_position=0.000100 body_refine=0.001300 body_velocity=0.000100 addon_prepare_query=0.000000 addon_coherent_solve=0.000000 addon_visible_solve=0.000000 room_sphere=0.000000 room_sweep=0.000000 room_single=0.000000
2026-09-19 21:46:04.119 collision profile window_ms=1000 frames=69 calls body_collection=146 body_solve=146 body_position=146 body_refine=146 body_velocity=146 addon_prepare_query=0 addon_coherent_solve=0 addon_visible_solve=0 room_sphere=0 room_sweep=0 room_single=0
2026-09-19 21:46:04.119 collision profile window_ms=1000 frames=69 counts body_contacts=0 body_passes=146 body_jacobians=0 body_predictions=438 addon_contacts=0 addon_passes=0 addon_gradients=0 room_nodes=0 room_triangles=0
2026-09-19 21:46:04.292 performance profile body-update person=Person02 system=breasts update_rate_hz=-1 published_hz=58.0 sample_ms=5000
2026-09-19 21:46:04.292 performance profile body-update person=Person02 system=butt update_rate_hz=-1 published_hz=58.0 sample_ms=5000
2026-09-19 21:46:05.113 performance profile window_ms=1000 frames=67 avg_ms total=5.727 housekeeping=0.031 bindings=0.594 diagnostics=0.003 colliders=3.875 axes=0.029 penis=0.068 penis_ownership=0.000 penis_gravity=0.006 penis_collision=0.019 penis_setup=0.007 penis_orientation=0.001 penis_translation=0.004 penis_solver=0.026 testicles=0.058 testicle_active=0.057 breasts=0.286 breasts_active=0.282 butt=0.040 butt_active=0.039 addons=0.736 addon_activation=0.077 addon_drive=0.089 addon_guard=0.001 addon_parent_pivot=0.000 addon_parent_translation=0.002 addon_parent_rotation=0.002 addon_gravity=0.001 addon_rotation_binding=0.000 addon_validation=0.083 addon_solver=0.567 addon_output=0.565 addon_cache=0.007 late=0.007 late_testicles=0.003 late_breasts=0.003 late_butt=0.001 traverse=0.000 addon_collision_body=0.000 addon_collision_self=0.000 addon_collision_addons=0.000 max_ms total=27.282 colliders=4.043 addons=1.083 calls late=67 traverse=0 body_collision=0 self_collision=0 addons_collision=0
2026-09-19 21:46:05.113 performance profile engine operation=symbols avg_ms=0.000000 max_call_ms=0.000000 calls_per_frame=0.00 window_ms=1000 frames=67 nested=1
2026-09-19 21:46:05.114 performance profile engine operation=find_object avg_ms=3.166988 max_call_ms=0.067300 calls_per_frame=14667.09 window_ms=1000 frames=67 nested=1
2026-09-19 21:46:05.114 performance profile engine operation=script_find avg_ms=0.000000 max_call_ms=0.000000 calls_per_frame=0.00 window_ms=1000 frames=67 nested=1
2026-09-19 21:46:05.114 performance profile engine operation=axis_lookup avg_ms=4.116387 max_call_ms=1.972000 calls_per_frame=61.37 window_ms=1000 frames=67 nested=1
2026-09-19 21:46:05.114 performance profile engine operation=pivot_query avg_ms=0.018540 max_call_ms=0.006000 calls_per_frame=99.00 window_ms=1000 frames=67 nested=1
2026-09-19 21:46:05.114 collision profile window_ms=1000 frames=67 avg_ms body_collection=0.020543 body_solve=0.002607 body_position=0.000070 body_refine=0.001584 body_velocity=0.000072 addon_prepare_query=0.000000 addon_coherent_solve=0.000000 addon_visible_solve=0.000000 room_sphere=0.000000 room_sweep=0.000000 room_single=0.000000
2026-09-19 21:46:05.114 collision profile window_ms=1000 frames=67 max_call_ms body_collection=0.020100 body_solve=0.002300 body_position=0.000100 body_refine=0.001300 body_velocity=0.000100 addon_prepare_query=0.000000 addon_coherent_solve=0.000000 addon_visible_solve=0.000000 room_sphere=0.000000 room_sweep=0.000000 room_single=0.000000
2026-09-19 21:46:05.115 collision profile window_ms=1000 frames=67 calls body_collection=146 body_solve=146 body_position=146 body_refine=146 body_velocity=146 addon_prepare_query=0 addon_coherent_solve=0 addon_visible_solve=0 room_sphere=0 room_sweep=0 room_single=0
2026-09-19 21:46:05.115 collision profile window_ms=1000 frames=67 counts body_contacts=0 body_passes=146 body_jacobians=0 body_predictions=438 addon_contacts=0 addon_passes=0 addon_gradients=0 room_nodes=0 room_triangles=0
2026-09-19 21:46:06.131 PoseEdit file handoff fade-wait exec="native-queue" note="retain outgoing physics until the native fade readiness gate"
2026-09-19 21:46:06.139 PoseEdit file handoff end exec="native-queue" result=0x00000000 editpose=69240360 pending_reset=1 note="physics waits for the native pending-reset flag to clear before binding the resulting pose"
2026-09-19 21:46:06.280 PoseEdit file handoff begin exec="native-fade-ready" editpose=69240360 note="returned current tracks to TK17 before native pose replacement; discarded old snapshots"
2026-09-19 21:46:06.300 PoseEdit file handoff begin exec="native-reset" editpose=69240360 note="returned current tracks to TK17 before native pose replacement; discarded old snapshots"
2026-09-19 21:46:06.300 PoseEdit file handoff rotation-trace phase=native-reset-before person=1 joint=1 track=692430d4 target=347db4a0 member=0x02fff04a keys=73254170 count=0 keys_read=0 first_frame=0 first=(0.000000,0.000000,0.000000) last_frame=0 last=(0.000000,0.000000,0.000000) output_raw=41bb8ac0 output_offset=0x6c output_read=1 output=(0.000000,0.000000,0.000000)
2026-09-19 21:46:06.300 PoseEdit file handoff rotation-trace phase=native-reset-before person=1 joint=2 track=69243944 target=4908d080 member=0x01fff04e keys=73254170 count=0 keys_read=0 first_frame=0 first=(0.000000,0.000000,0.000000) last_frame=0 last=(0.000000,0.000000,0.000000) output_raw=41bb7440 output_offset=0x6c output_read=1 output=(0.000000,0.000000,0.000000)
2026-09-19 21:46:06.300 PoseEdit file handoff rotation-trace phase=native-reset-before person=1 joint=3 track=69243994 target=4908cf40 member=0x01fff04e keys=73254170 count=0 keys_read=0 first_frame=0 first=(0.000000,0.000000,0.000000) last_frame=0 last=(0.000000,0.000000,0.000000) output_raw=41bb7b40 output_offset=0x6c output_read=1 output=(0.000000,0.000000,0.000000)
2026-09-19 21:46:06.300 PoseEdit file handoff rotation-trace phase=native-reset-before person=2 joint=1 track=69255054 target=4a42d480 member=0x02fff04a keys=73254170 count=0 keys_read=0 first_frame=0 first=(0.000000,0.000000,0.000000) last_frame=0 last=(0.000000,0.000000,0.000000) output_raw=4a3bc200 output_offset=0x6c output_read=1 output=(0.000000,0.000000,-47.500000)
2026-09-19 21:46:06.300 PoseEdit file handoff rotation-trace phase=native-reset-before person=2 joint=2 track=692558c4 target=4b976360 member=0x01fff04e keys=73254170 count=0 keys_read=0 first_frame=0 first=(0.000000,0.000000,0.000000) last_frame=0 last=(0.000000,0.000000,0.000000) output_raw=4a3bdcc0 output_offset=0x6c output_read=1 output=(0.000000,0.000000,-17.160000)
2026-09-19 21:46:06.300 PoseEdit file handoff rotation-trace phase=native-reset-before person=2 joint=3 track=69255914 target=4b976640 member=0x01fff04e keys=73254170 count=0 keys_read=0 first_frame=0 first=(0.000000,0.000000,0.000000) last_frame=0 last=(0.000000,0.000000,0.000000) output_raw=4a3beac0 output_offset=0x6c output_read=1 output=(0.000000,0.000000,-6.988000)
2026-09-19 21:46:06.301 PoseEdit file handoff rotation-trace phase=native-reset-before person=3 joint=1 track=69266fd4 target=4f3330a0 member=0x02fff04a keys=73254170 count=0 keys_read=0 first_frame=0 first=(0.000000,0.000000,0.000000) last_frame=0 last=(0.000000,0.000000,0.000000) output_raw=4a3bd180 output_offset=0x6c output_read=1 output=(0.000000,0.000000,0.000000)
2026-09-19 21:46:06.301 PoseEdit file handoff rotation-trace phase=native-reset-before person=3 joint=2 track=69267844 target=52e5ad60 member=0x01fff04e keys=73254170 count=0 keys_read=0 first_frame=0 first=(0.000000,0.000000,0.000000) last_frame=0 last=(0.000000,0.000000,0.000000) output_raw=5023d900 output_offset=0x6c output_read=1 output=(0.000000,0.000000,0.000000)
2026-09-19 21:46:06.301 PoseEdit file handoff rotation-trace phase=native-reset-before person=3 joint=3 track=69267894 target=52e5c9c0 member=0x01fff04e keys=73254170 count=0 keys_read=0 first_frame=0 first=(0.000000,0.000000,0.000000) last_frame=0 last=(0.000000,0.000000,0.000000) output_raw=5023eb40 output_offset=0x6c output_read=1 output=(0.000000,0.000000,0.000000)
2026-09-19 21:46:06.339 PoseEdit file handoff rotation-trace phase=native-reset-after person=1 joint=1 track=692430d4 target=347db4a0 member=0x02fff04a keys=73254170 count=0 keys_read=0 first_frame=0 first=(0.000000,0.000000,0.000000) last_frame=0 last=(0.000000,0.000000,0.000000) output_raw=41bb8ac0 output_offset=0x6c output_read=1 output=(0.000000,0.000000,0.000000)
2026-09-19 21:46:06.339 PoseEdit file handoff rotation-trace phase=native-reset-after person=1 joint=2 track=69243944 target=4908d080 member=0x01fff04e keys=73254170 count=0 keys_read=0 first_frame=0 first=(0.000000,0.000000,0.000000) last_frame=0 last=(0.000000,0.000000,0.000000) output_raw=41bb7440 output_offset=0x6c output_read=1 output=(0.000000,0.000000,0.000000)
2026-09-19 21:46:06.339 PoseEdit file handoff rotation-trace phase=native-reset-after person=1 joint=3 track=69243994 target=4908cf40 member=0x01fff04e keys=73254170 count=0 keys_read=0 first_frame=0 first=(0.000000,0.000000,0.000000) last_frame=0 last=(0.000000,0.000000,0.000000) output_raw=41bb7b40 output_offset=0x6c output_read=1 output=(0.000000,0.000000,0.000000)
2026-09-19 21:46:06.340 PoseEdit file handoff rotation-trace phase=native-reset-after person=2 joint=1 track=69255054 target=4a42d480 member=0x02fff04a keys=688e84a0 count=1 keys_read=1 first_frame=0 first=(0.000000,0.000000,-47.500000) last_frame=0 last=(0.000000,0.000000,-47.500000) output_raw=4a3bc200 output_offset=0x6c output_read=1 output=(0.000000,0.000000,-47.500000)
2026-09-19 21:46:06.340 PoseEdit file handoff rotation-trace phase=native-reset-after person=2 joint=2 track=692558c4 target=4b976360 member=0x01fff04e keys=688ea340 count=1 keys_read=1 first_frame=0 first=(0.000000,0.000000,0.000000) last_frame=0 last=(0.000000,0.000000,0.000000) output_raw=4a3bdcc0 output_offset=0x6c output_read=1 output=(0.000000,0.000000,-17.160000)
2026-09-19 21:46:06.340 PoseEdit file handoff rotation-trace phase=native-reset-after person=2 joint=3 track=69255914 target=4b976640 member=0x01fff04e keys=688e92e0 count=1 keys_read=1 first_frame=0 first=(0.000000,0.000000,0.000000) last_frame=0 last=(0.000000,0.000000,0.000000) output_raw=4a3beac0 output_offset=0x6c output_read=1 output=(0.000000,0.000000,-6.988000)
2026-09-19 21:46:06.340 PoseEdit file handoff rotation-trace phase=native-reset-after person=3 joint=1 track=69266fd4 target=4f3330a0 member=0x02fff04a keys=73254170 count=0 keys_read=0 first_frame=0 first=(0.000000,0.000000,0.000000) last_frame=0 last=(0.000000,0.000000,0.000000) output_raw=4a3bd180 output_offset=0x6c output_read=1 output=(0.000000,0.000000,0.000000)
2026-09-19 21:46:06.340 PoseEdit file handoff rotation-trace phase=native-reset-after person=3 joint=2 track=69267844 target=52e5ad60 member=0x01fff04e keys=73254170 count=0 keys_read=0 first_frame=0 first=(0.000000,0.000000,0.000000) last_frame=0 last=(0.000000,0.000000,0.000000) output_raw=5023d900 output_offset=0x6c output_read=1 output=(0.000000,0.000000,0.000000)
2026-09-19 21:46:06.340 PoseEdit file handoff rotation-trace phase=native-reset-after person=3 joint=3 track=69267894 target=52e5c9c0 member=0x01fff04e keys=73254170 count=0 keys_read=0 first_frame=0 first=(0.000000,0.000000,0.000000) last_frame=0 last=(0.000000,0.000000,0.000000) output_raw=5023eb40 output_offset=0x6c output_read=1 output=(0.000000,0.000000,0.000000)
2026-09-19 21:46:06.343 PoseEdit file handoff end exec="native-reset" result=0x00000000 editpose=69240360 pending_reset=1 note="physics waits for the native pending-reset flag to clear before binding the resulting pose"
2026-09-19 21:46:06.425 genital physics state person=Person01 physics_paused=0 reason=visible-unknown-or-option-disabled
2026-09-19 21:46:06.426 genital physics state person=Person03 physics_paused=0 reason=visible-unknown-or-option-disabled
2026-09-19 21:46:06.430 performance profile window_ms=1250 frames=26 avg_ms total=7.965 housekeeping=1.751 bindings=1.227 diagnostics=0.003 colliders=3.738 axes=0.001 penis=0.082 penis_ownership=0.003 penis_gravity=0.006 penis_collision=0.021 penis_setup=0.007 penis_orientation=0.001 penis_translation=0.003 penis_solver=0.025 testicles=0.068 testicle_active=0.067 breasts=0.317 breasts_active=0.313 butt=0.036 butt_active=0.036 addons=0.734 addon_activation=0.076 addon_drive=0.101 addon_guard=0.001 addon_parent_pivot=0.000 addon_parent_translation=0.002 addon_parent_rotation=0.002 addon_gravity=0.001 addon_rotation_binding=0.000 addon_validation=0.094 addon_solver=0.554 addon_output=0.552 addon_cache=0.007 late=0.009 late_testicles=0.004 late_breasts=0.004 late_butt=0.001 traverse=0.000 addon_collision_body=0.000 addon_collision_self=0.000 addon_collision_addons=0.000 max_ms total=73.938 colliders=4.008 addons=1.065 calls late=56 traverse=0 body_collision=0 self_collision=0 addons_collision=0
2026-09-19 21:46:06.430 performance profile engine operation=symbols avg_ms=0.000000 max_call_ms=0.000000 calls_per_frame=0.00 window_ms=1250 frames=26 nested=1
2026-09-19 21:46:06.430 performance profile engine operation=find_object avg_ms=3.463469 max_call_ms=0.037800 calls_per_frame=16009.38 window_ms=1250 frames=26 nested=1
2026-09-19 21:46:06.430 performance profile engine operation=script_find avg_ms=0.000000 max_call_ms=0.000000 calls_per_frame=0.00 window_ms=1250 frames=26 nested=1
2026-09-19 21:46:06.430 performance profile engine operation=axis_lookup avg_ms=4.507346 max_call_ms=2.011600 calls_per_frame=66.23 window_ms=1250 frames=26 nested=1
2026-09-19 21:46:06.431 performance profile engine operation=pivot_query avg_ms=0.018977 max_call_ms=0.002100 calls_per_frame=98.54 window_ms=1250 frames=26 nested=1
2026-09-19 21:46:06.431 collision profile window_ms=1250 frames=26 avg_ms body_collection=0.022077 body_solve=0.013073 body_position=0.007058 body_refine=0.004654 body_velocity=0.000458 addon_prepare_query=0.000000 addon_coherent_solve=0.000000 addon_visible_solve=0.000000 room_sphere=0.000000 room_sweep=0.000000 room_single=0.000000
2026-09-19 21:46:06.431 collision profile window_ms=1250 frames=26 max_call_ms body_collection=0.054300 body_solve=0.138900 body_position=0.092300 body_refine=0.041200 body_velocity=0.005400 addon_prepare_query=0.000000 addon_coherent_solve=0.000000 addon_visible_solve=0.000000 room_sphere=0.000000 room_sweep=0.000000 room_single=0.000000
2026-09-19 21:46:06.431 collision profile window_ms=1250 frames=26 calls body_collection=56 body_solve=56 body_position=56 body_refine=56 body_velocity=56 addon_prepare_query=0 addon_coherent_solve=0 addon_visible_solve=0 room_sphere=0 room_sweep=0 room_single=0
2026-09-19 21:46:06.431 collision profile window_ms=1250 frames=26 counts body_contacts=4 body_passes=86 body_jacobians=100 body_predictions=840 addon_contacts=0 addon_passes=0 addon_gradients=0 room_nodes=0 room_triangles=0
2026-09-19 21:46:07.378 performance profile window_ms=1000 frames=66 avg_ms total=1.825 housekeeping=0.036 bindings=0.358 diagnostics=0.003 colliders=0.228 axes=0.001 penis=0.497 penis_ownership=0.159 penis_gravity=0.006 penis_collision=0.015 penis_setup=0.150 penis_orientation=0.001 penis_translation=0.004 penis_solver=0.027 testicles=0.054 testicle_active=0.053 breasts=0.287 breasts_active=0.281 butt=0.078 butt_active=0.077 addons=0.272 addon_activation=0.095 addon_drive=0.122 addon_guard=0.001 addon_parent_pivot=0.000 addon_parent_translation=0.004 addon_parent_rotation=0.002 addon_gravity=0.001 addon_rotation_binding=0.000 addon_validation=0.112 addon_solver=0.053 addon_output=0.050 addon_cache=0.010 late=0.008 late_testicles=0.003 late_breasts=0.004 late_butt=0.000 traverse=0.000 addon_collision_body=0.000 addon_collision_self=0.000 addon_collision_addons=0.000 max_ms total=23.732 colliders=0.428 addons=1.393 calls late=66 traverse=0 body_collision=0 self_collision=0 addons_collision=0
2026-09-19 21:46:07.378 performance profile engine operation=symbols avg_ms=0.000000 max_call_ms=0.000000 calls_per_frame=0.00 window_ms=1000 frames=66 nested=1
2026-09-19 21:46:07.379 performance profile engine operation=find_object avg_ms=0.485408 max_call_ms=0.043600 calls_per_frame=1903.74 window_ms=1000 frames=66 nested=1
2026-09-19 21:46:07.379 performance profile engine operation=script_find avg_ms=0.000000 max_call_ms=0.000000 calls_per_frame=0.00 window_ms=1000 frames=66 nested=1
2026-09-19 21:46:07.379 performance profile engine operation=axis_lookup avg_ms=0.610332 max_call_ms=2.061000 calls_per_frame=42.64 window_ms=1000 frames=66 nested=1
2026-09-19 21:46:07.379 performance profile engine operation=pivot_query avg_ms=0.030236 max_call_ms=0.011300 calls_per_frame=92.85 window_ms=1000 frames=66 nested=1
2026-09-19 21:46:07.379 collision profile window_ms=1000 frames=66 avg_ms body_collection=0.011356 body_solve=0.005906 body_position=0.003774 body_refine=0.000718 body_velocity=0.000908 addon_prepare_query=0.000000 addon_coherent_solve=0.000000 addon_visible_solve=0.000000 room_sphere=0.000000 room_sweep=0.000000 room_single=0.000000
2026-09-19 21:46:07.379 collision profile window_ms=1000 frames=66 max_call_ms body_collection=0.033700 body_solve=0.179400 body_position=0.162900 body_refine=0.002600 body_velocity=0.015300 addon_prepare_query=0.000000 addon_coherent_solve=0.000000 addon_visible_solve=0.000000 room_sphere=0.000000 room_sweep=0.000000 room_single=0.000000
2026-09-19 21:46:07.379 collision profile window_ms=1000 frames=66 calls body_collection=158 body_solve=64 body_position=64 body_refine=64 body_velocity=64 addon_prepare_query=0 addon_coherent_solve=0 addon_visible_solve=0 room_sphere=0 room_sweep=0 room_single=0
2026-09-19 21:46:07.379 collision profile window_ms=1000 frames=66 counts body_contacts=8 body_passes=82 body_jacobians=40 body_predictions=616 addon_contacts=0 addon_passes=0 addon_gradients=0 room_nodes=0 room_triangles=0
2026-09-19 21:46:08.030 performance profile body-update person=Person02 system=penis update_rate_hz=-1 published_hz=55.0 sample_ms=5000
2026-09-19 21:46:08.030 performance profile body-update person=Person02 system=testicles update_rate_hz=-1 published_hz=54.8 sample_ms=5000
2026-09-19 21:46:08.384 performance profile window_ms=1000 frames=67 avg_ms total=1.909 housekeeping=0.049 bindings=0.357 diagnostics=0.004 colliders=0.248 axes=0.118 penis=0.384 penis_ownership=0.009 penis_gravity=0.007 penis_collision=0.034 penis_setup=0.013 penis_orientation=0.001 penis_translation=0.004 penis_solver=0.035 testicles=0.069 testicle_active=0.068 breasts=0.263 breasts_active=0.255 butt=0.087 butt_active=0.086 addons=0.318 addon_activation=0.136 addon_drive=0.118 addon_guard=0.001 addon_parent_pivot=0.000 addon_parent_translation=0.004 addon_parent_rotation=0.002 addon_gravity=0.002 addon_rotation_binding=0.000 addon_validation=0.108 addon_solver=0.060 addon_output=0.058 addon_cache=0.011 late=0.009 late_testicles=0.004 late_breasts=0.005 late_butt=0.000 traverse=0.000 addon_collision_body=0.000 addon_collision_self=0.000 addon_collision_addons=0.000 max_ms total=24.218 colliders=0.420 addons=2.280 calls late=67 traverse=0 body_collision=0 self_collision=0 addons_collision=0
2026-09-19 21:46:08.384 performance profile engine operation=symbols avg_ms=0.000000 max_call_ms=0.000000 calls_per_frame=0.00 window_ms=1000 frames=67 nested=1
2026-09-19 21:46:08.384 performance profile engine operation=find_object avg_ms=0.582948 max_call_ms=0.104300 calls_per_frame=2278.49 window_ms=1000 frames=67 nested=1
2026-09-19 21:46:08.385 performance profile engine operation=script_find avg_ms=0.000000 max_call_ms=0.000000 calls_per_frame=0.00 window_ms=1000 frames=67 nested=1
2026-09-19 21:46:08.385 performance profile engine operation=axis_lookup avg_ms=0.738037 max_call_ms=2.119600 calls_per_frame=43.01 window_ms=1000 frames=67 nested=1
2026-09-19 21:46:08.385 performance profile engine operation=pivot_query avg_ms=0.033509 max_call_ms=0.018700 calls_per_frame=93.00 window_ms=1000 frames=67 nested=1
2026-09-19 21:46:08.385 collision profile window_ms=1000 frames=67 avg_ms body_collection=0.030151 body_solve=0.013993 body_position=0.007879 body_refine=0.001806 body_velocity=0.002978 addon_prepare_query=0.000000 addon_coherent_solve=0.000000 addon_visible_solve=0.000000 room_sphere=0.000000 room_sweep=0.000000 room_single=0.000000
2026-09-19 21:46:08.385 collision profile window_ms=1000 frames=67 max_call_ms body_collection=0.048300 body_solve=0.037200 body_position=0.021600 body_refine=0.001400 body_velocity=0.014800 addon_prepare_query=0.000000 addon_coherent_solve=0.000000 addon_visible_solve=0.000000 room_sphere=0.000000 room_sweep=0.000000 room_single=0.000000
2026-09-19 21:46:08.386 collision profile window_ms=1000 frames=67 calls body_collection=170 body_solve=170 body_position=170 body_refine=170 body_velocity=170 addon_prepare_query=0 addon_coherent_solve=0 addon_visible_solve=0 room_sphere=0 room_sweep=0 room_single=0
2026-09-19 21:46:08.386 collision profile window_ms=1000 frames=67 counts body_contacts=38 body_passes=224 body_jacobians=128 body_predictions=1628 addon_contacts=0 addon_passes=0 addon_gradients=0 room_nodes=0 room_triangles=0
2026-09-19 21:46:09.300 performance profile body-update person=Person02 system=breasts update_rate_hz=-1 published_hz=52.8 sample_ms=5000
2026-09-19 21:46:09.301 performance profile body-update person=Person02 system=butt update_rate_hz=-1 published_hz=52.8 sample_ms=5000
2026-09-19 21:46:09.379 performance profile window_ms=1000 frames=56 avg_ms total=2.093 housekeeping=0.047 bindings=0.437 diagnostics=0.004 colliders=0.244 axes=0.002 penis=0.430 penis_ownership=0.009 penis_gravity=0.007 penis_collision=0.036 penis_setup=0.012 penis_orientation=0.001 penis_translation=0.004 penis_solver=0.033 testicles=0.073 testicle_active=0.072 breasts=0.370 breasts_active=0.363 butt=0.094 butt_active=0.094 addons=0.379 addon_activation=0.157 addon_drive=0.148 addon_guard=0.001 addon_parent_pivot=0.000 addon_parent_translation=0.005 addon_parent_rotation=0.002 addon_gravity=0.002 addon_rotation_binding=0.000 addon_validation=0.137 addon_solver=0.071 addon_output=0.068 addon_cache=0.012 late=0.009 late_testicles=0.004 late_breasts=0.004 late_butt=0.001 traverse=0.000 addon_collision_body=0.000 addon_collision_self=0.000 addon_collision_addons=0.000 max_ms total=24.649 colliders=0.438 addons=2.480 calls late=56 traverse=0 body_collision=0 self_collision=0 addons_collision=0
2026-09-19 21:46:09.380 performance profile engine operation=symbols avg_ms=0.000000 max_call_ms=0.000000 calls_per_frame=0.00 window_ms=1000 frames=56 nested=1
2026-09-19 21:46:09.380 performance profile engine operation=find_object avg_ms=0.613139 max_call_ms=0.042100 calls_per_frame=2353.12 window_ms=1000 frames=56 nested=1
2026-09-19 21:46:09.380 performance profile engine operation=script_find avg_ms=0.000000 max_call_ms=0.000000 calls_per_frame=0.00 window_ms=1000 frames=56 nested=1
2026-09-19 21:46:09.380 performance profile engine operation=axis_lookup avg_ms=0.786275 max_call_ms=2.704500 calls_per_frame=43.36 window_ms=1000 frames=56 nested=1
2026-09-19 21:46:09.380 performance profile engine operation=pivot_query avg_ms=0.032920 max_call_ms=0.005600 calls_per_frame=93.00 window_ms=1000 frames=56 nested=1
2026-09-19 21:46:09.380 collision profile window_ms=1000 frames=56 avg_ms body_collection=0.033691 body_solve=0.017286 body_position=0.009905 body_refine=0.002121 body_velocity=0.003829 addon_prepare_query=0.000000 addon_coherent_solve=0.000000 addon_visible_solve=0.000000 room_sphere=0.000000 room_sweep=0.000000 room_single=0.000000
2026-09-19 21:46:09.380 collision profile window_ms=1000 frames=56 max_call_ms body_collection=0.050800 body_solve=0.030700 body_position=0.022200 body_refine=0.001700 body_velocity=0.008600 addon_prepare_query=0.000000 addon_coherent_solve=0.000000 addon_visible_solve=0.000000 room_sphere=0.000000 room_sweep=0.000000 room_single=0.000000
2026-09-19 21:46:09.380 collision profile window_ms=1000 frames=56 calls body_collection=168 body_solve=168 body_position=168 body_refine=168 body_velocity=168 addon_prepare_query=0 addon_coherent_solve=0 addon_visible_solve=0 room_sphere=0 room_sweep=0 room_single=0
2026-09-19 21:46:09.381 collision profile window_ms=1000 frames=56 counts body_contacts=44 body_passes=228 body_jacobians=143 body_predictions=1747 addon_contacts=0 addon_passes=0 addon_gradients=0 room_nodes=0 room_triangles=0
2026-09-19 21:46:10.380 performance profile window_ms=1000 frames=65 avg_ms total=1.880 housekeeping=0.039 bindings=0.365 diagnostics=0.004 colliders=0.223 axes=0.122 penis=0.373 penis_ownership=0.008 penis_gravity=0.006 penis_collision=0.029 penis_setup=0.012 penis_orientation=0.001 penis_translation=0.004 penis_solver=0.030 testicles=0.065 testicle_active=0.064 breasts=0.299 breasts_active=0.293 butt=0.080 butt_active=0.080 addons=0.300 addon_activation=0.133 addon_drive=0.107 addon_guard=0.001 addon_parent_pivot=0.000 addon_parent_translation=0.003 addon_parent_rotation=0.002 addon_gravity=0.002 addon_rotation_binding=0.000 addon_validation=0.099 addon_solver=0.057 addon_output=0.055 addon_cache=0.010 late=0.008 late_testicles=0.003 late_breasts=0.004 late_butt=0.000 traverse=0.000 addon_collision_body=0.000 addon_collision_self=0.000 addon_collision_addons=0.000 max_ms total=23.632 colliders=0.428 addons=2.264 calls late=65 traverse=0 body_collision=0 self_collision=0 addons_collision=0
2026-09-19 21:46:10.380 performance profile engine operation=symbols avg_ms=0.000000 max_call_ms=0.000000 calls_per_frame=0.00 window_ms=1000 frames=65 nested=1
2026-09-19 21:46:10.380 performance profile engine operation=find_object avg_ms=0.605146 max_call_ms=0.137000 calls_per_frame=2451.58 window_ms=1000 frames=65 nested=1
2026-09-19 21:46:10.380 performance profile engine operation=script_find avg_ms=0.000000 max_call_ms=0.000000 calls_per_frame=0.00 window_ms=1000 frames=65 nested=1
2026-09-19 21:46:10.380 performance profile engine operation=axis_lookup avg_ms=0.779888 max_call_ms=2.263300 calls_per_frame=43.08 window_ms=1000 frames=65 nested=1
2026-09-19 21:46:10.381 performance profile engine operation=pivot_query avg_ms=0.029625 max_call_ms=0.011400 calls_per_frame=93.00 window_ms=1000 frames=65 nested=1
2026-09-19 21:46:10.381 collision profile window_ms=1000 frames=65 avg_ms body_collection=0.028814 body_solve=0.012802 body_position=0.006655 body_refine=0.001903 body_velocity=0.003037 addon_prepare_query=0.000000 addon_coherent_solve=0.000000 addon_visible_solve=0.000000 room_sphere=0.000000 room_sweep=0.000000 room_single=0.000000
2026-09-19 21:46:10.381 collision profile window_ms=1000 frames=65 max_call_ms body_collection=0.140300 body_solve=0.032100 body_position=0.021000 body_refine=0.001500 body_velocity=0.017200 addon_prepare_query=0.000000 addon_coherent_solve=0.000000 addon_visible_solve=0.000000 room_sphere=0.000000 room_sweep=0.000000 room_single=0.000000
2026-09-19 21:46:10.381 collision profile window_ms=1000 frames=65 calls body_collection=170 body_solve=170 body_position=170 body_refine=170 body_velocity=170 addon_prepare_query=0 addon_coherent_solve=0 addon_visible_solve=0 room_sphere=0 room_sweep=0 room_single=0
2026-09-19 21:46:10.381 collision profile window_ms=1000 frames=65 counts body_contacts=42 body_passes=219 body_jacobians=127 body_predictions=1611 addon_contacts=0 addon_passes=0 addon_gradients=0 room_nodes=0 room_triangles=0
2026-09-19 21:46:11.380 performance profile window_ms=1000 frames=79 avg_ms total=1.404 housekeeping=0.025 bindings=0.299 diagnostics=0.003 colliders=0.191 axes=0.001 penis=0.300 penis_ownership=0.008 penis_gravity=0.005 penis_collision=0.022 penis_setup=0.011 penis_orientation=0.001 penis_translation=0.003 penis_solver=0.026 testicles=0.056 testicle_active=0.055 breasts=0.246 breasts_active=0.242 butt=0.072 butt_active=0.071 addons=0.200 addon_activation=0.081 addon_drive=0.076 addon_guard=0.000 addon_parent_pivot=0.000 addon_parent_translation=0.002 addon_parent_rotation=0.001 addon_gravity=0.001 addon_rotation_binding=0.000 addon_validation=0.070 addon_solver=0.041 addon_output=0.039 addon_cache=0.009 late=0.007 late_testicles=0.003 late_breasts=0.003 late_butt=0.000 traverse=0.000 addon_collision_body=0.000 addon_collision_self=0.000 addon_collision_addons=0.000 max_ms total=23.752 colliders=0.392 addons=0.835 calls late=79 traverse=0 body_collision=0 self_collision=0 addons_collision=0
2026-09-19 21:46:11.380 performance profile engine operation=symbols avg_ms=0.000000 max_call_ms=0.000000 calls_per_frame=0.00 window_ms=1000 frames=79 nested=1
2026-09-19 21:46:11.380 performance profile engine operation=find_object avg_ms=0.406034 max_call_ms=0.134500 calls_per_frame=1595.68 window_ms=1000 frames=79 nested=1
2026-09-19 21:46:11.380 performance profile engine operation=script_find avg_ms=0.000000 max_call_ms=0.000000 calls_per_frame=0.00 window_ms=1000 frames=79 nested=1
2026-09-19 21:46:11.380 performance profile engine operation=axis_lookup avg_ms=0.511252 max_call_ms=2.114800 calls_per_frame=42.56 window_ms=1000 frames=79 nested=1
2026-09-19 21:46:11.381 performance profile engine operation=pivot_query avg_ms=0.023242 max_call_ms=0.017000 calls_per_frame=93.00 window_ms=1000 frames=79 nested=1
2026-09-19 21:46:11.381 collision profile window_ms=1000 frames=79 avg_ms body_collection=0.021937 body_solve=0.010570 body_position=0.005848 body_refine=0.001584 body_velocity=0.002111 addon_prepare_query=0.000000 addon_coherent_solve=0.000000 addon_visible_solve=0.000000 room_sphere=0.000000 room_sweep=0.000000 room_single=0.000000
2026-09-19 21:46:11.381 collision profile window_ms=1000 frames=79 max_call_ms body_collection=0.028400 body_solve=0.085700 body_position=0.080200 body_refine=0.001400 body_velocity=0.008100 addon_prepare_query=0.000000 addon_coherent_solve=0.000000 addon_visible_solve=0.000000 room_sphere=0.000000 room_sweep=0.000000 room_single=0.000000
2026-09-19 21:46:11.381 collision profile window_ms=1000 frames=79 calls body_collection=172 body_solve=172 body_position=172 body_refine=172 body_velocity=172 addon_prepare_query=0 addon_coherent_solve=0 addon_visible_solve=0 room_sphere=0 room_sweep=0 room_single=0
2026-09-19 21:46:11.381 collision profile window_ms=1000 frames=79 counts body_contacts=38 body_passes=217 body_jacobians=117 body_predictions=1531 addon_contacts=0 addon_passes=0 addon_gradients=0 room_nodes=0 room_triangles=0
2026-09-19 21:46:12.373 performance profile window_ms=1000 frames=81 avg_ms total=1.457 housekeeping=0.025 bindings=0.279 diagnostics=0.003 colliders=0.185 axes=0.094 penis=0.268 penis_ownership=0.007 penis_gravity=0.005 penis_collision=0.019 penis_setup=0.011 penis_orientation=0.001 penis_translation=0.003 penis_solver=0.026 testicles=0.054 testicle_active=0.053 breasts=0.237 breasts_active=0.233 butt=0.070 butt_active=0.070 addons=0.233 addon_activation=0.102 addon_drive=0.088 addon_guard=0.000 addon_parent_pivot=0.000 addon_parent_translation=0.002 addon_parent_rotation=0.001 addon_gravity=0.001 addon_rotation_binding=0.000 addon_validation=0.082 addon_solver=0.041 addon_output=0.039 addon_cache=0.009 late=0.007 late_testicles=0.003 late_breasts=0.003 late_butt=0.000 traverse=0.000 addon_collision_body=0.000 addon_collision_self=0.000 addon_collision_addons=0.000 max_ms total=22.721 colliders=0.307 addons=2.174 calls late=81 traverse=0 body_collision=0 self_collision=0 addons_collision=0
2026-09-19 21:46:12.373 performance profile engine operation=symbols avg_ms=0.000000 max_call_ms=0.000000 calls_per_frame=0.00 window_ms=1000 frames=81 nested=1
2026-09-19 21:46:12.374 performance profile engine operation=find_object avg_ms=0.461300 max_call_ms=0.016900 calls_per_frame=1892.63 window_ms=1000 frames=81 nested=1
2026-09-19 21:46:12.374 performance profile engine operation=script_find avg_ms=0.000000 max_call_ms=0.000000 calls_per_frame=0.00 window_ms=1000 frames=81 nested=1
2026-09-19 21:46:12.374 performance profile engine operation=axis_lookup avg_ms=0.589363 max_call_ms=2.127100 calls_per_frame=42.49 window_ms=1000 frames=81 nested=1
2026-09-19 21:46:12.375 performance profile engine operation=pivot_query avg_ms=0.021026 max_call_ms=0.005200 calls_per_frame=93.00 window_ms=1000 frames=81 nested=1
2026-09-19 21:46:12.375 collision profile window_ms=1000 frames=81 avg_ms body_collection=0.020830 body_solve=0.008122 body_position=0.003953 body_refine=0.001565 body_velocity=0.001623 addon_prepare_query=0.000000 addon_coherent_solve=0.000000 addon_visible_solve=0.000000 room_sphere=0.000000 room_sweep=0.000000 room_single=0.000000
2026-09-19 21:46:12.375 collision profile window_ms=1000 frames=81 max_call_ms body_collection=0.024300 body_solve=0.023300 body_position=0.014100 body_refine=0.001200 body_velocity=0.008200 addon_prepare_query=0.000000 addon_coherent_solve=0.000000 addon_visible_solve=0.000000 room_sphere=0.000000 room_sweep=0.000000 room_single=0.000000
2026-09-19 21:46:12.375 collision profile window_ms=1000 frames=81 calls body_collection=174 body_solve=174 body_position=174 body_refine=174 body_velocity=174 addon_prepare_query=0 addon_coherent_solve=0 addon_visible_solve=0 room_sphere=0 room_sweep=0 room_single=0
2026-09-19 21:46:12.376 collision profile window_ms=1000 frames=81 counts body_contacts=31 body_passes=213 body_jacobians=100 body_predictions=1391 addon_contacts=0 addon_passes=0 addon_gradients=0 room_nodes=0 room_triangles=0
2026-09-19 21:46:13.022 performance profile body-update person=Person02 system=penis update_rate_hz=-1 published_hz=71.0 sample_ms=5000
2026-09-19 21:46:13.022 performance profile body-update person=Person02 system=testicles update_rate_hz=-1 published_hz=71.0 sample_ms=5000
2026-09-19 21:46:13.375 performance profile window_ms=1000 frames=78 avg_ms total=1.456 housekeeping=0.025 bindings=0.293 diagnostics=0.003 colliders=0.186 axes=0.050 penis=0.276 penis_ownership=0.007 penis_gravity=0.005 penis_collision=0.019 penis_setup=0.011 penis_orientation=0.001 penis_translation=0.003 penis_solver=0.026 testicles=0.057 testicle_active=0.056 breasts=0.244 breasts_active=0.240 butt=0.070 butt_active=0.070 addons=0.243 addon_activation=0.108 addon_drive=0.088 addon_guard=0.000 addon_parent_pivot=0.000 addon_parent_translation=0.002 addon_parent_rotation=0.002 addon_gravity=0.001 addon_rotation_binding=0.000 addon_validation=0.083 addon_solver=0.045 addon_output=0.043 addon_cache=0.008 late=0.007 late_testicles=0.003 late_breasts=0.004 late_butt=0.000 traverse=0.000 addon_collision_body=0.000 addon_collision_self=0.000 addon_collision_addons=0.000 max_ms total=22.852 colliders=0.428 addons=2.221 calls late=78 traverse=0 body_collision=0 self_collision=0 addons_collision=0
2026-09-19 21:46:13.375 performance profile engine operation=symbols avg_ms=0.000000 max_call_ms=0.000000 calls_per_frame=0.00 window_ms=1000 frames=78 nested=1
2026-09-19 21:46:13.375 performance profile engine operation=find_object avg_ms=0.440315 max_call_ms=0.038300 calls_per_frame=1789.63 window_ms=1000 frames=78 nested=1
2026-09-19 21:46:13.376 performance profile engine operation=script_find avg_ms=0.000000 max_call_ms=0.000000 calls_per_frame=0.00 window_ms=1000 frames=78 nested=1
2026-09-19 21:46:13.376 performance profile engine operation=axis_lookup avg_ms=0.558201 max_call_ms=2.031800 calls_per_frame=42.62 window_ms=1000 frames=78 nested=1
2026-09-19 21:46:13.376 performance profile engine operation=pivot_query avg_ms=0.021928 max_call_ms=0.006700 calls_per_frame=93.00 window_ms=1000 frames=78 nested=1
2026-09-19 21:46:13.376 collision profile window_ms=1000 frames=78 avg_ms body_collection=0.020968 body_solve=0.008750 body_position=0.004192 body_refine=0.001636 body_velocity=0.001940 addon_prepare_query=0.000000 addon_coherent_solve=0.000000 addon_visible_solve=0.000000 room_sphere=0.000000 room_sweep=0.000000 room_single=0.000000
2026-09-19 21:46:13.376 collision profile window_ms=1000 frames=78 max_call_ms body_collection=0.021200 body_solve=0.023500 body_position=0.013900 body_refine=0.005600 body_velocity=0.008700 addon_prepare_query=0.000000 addon_coherent_solve=0.000000 addon_visible_solve=0.000000 room_sphere=0.000000 room_sweep=0.000000 room_single=0.000000
2026-09-19 21:46:13.376 collision profile window_ms=1000 frames=78 calls body_collection=170 body_solve=170 body_position=170 body_refine=170 body_velocity=170 addon_prepare_query=0 addon_coherent_solve=0 addon_visible_solve=0 room_sphere=0 room_sweep=0 room_single=0
2026-09-19 21:46:13.377 collision profile window_ms=1000 frames=78 counts body_contacts=36 body_passes=213 body_jacobians=107 body_predictions=1437 addon_contacts=0 addon_passes=0 addon_gradients=0 room_nodes=0 room_triangles=0
2026-09-19 21:46:14.300 performance profile body-update person=Person02 system=breasts update_rate_hz=-1 published_hz=75.4 sample_ms=5000
2026-09-19 21:46:14.300 performance profile body-update person=Person02 system=butt update_rate_hz=-1 published_hz=75.4 sample_ms=5000
2026-09-19 21:46:14.387 performance profile window_ms=1000 frames=75 avg_ms total=1.633 housekeeping=0.118 bindings=0.310 diagnostics=0.003 colliders=0.194 axes=0.051 penis=0.311 penis_ownership=0.007 penis_gravity=0.005 penis_collision=0.021 penis_setup=0.011 penis_orientation=0.001 penis_translation=0.003 penis_solver=0.026 testicles=0.057 testicle_active=0.056 breasts=0.261 breasts_active=0.257 butt=0.076 butt_active=0.076 addons=0.242 addon_activation=0.110 addon_drive=0.085 addon_guard=0.000 addon_parent_pivot=0.000 addon_parent_translation=0.002 addon_parent_rotation=0.002 addon_gravity=0.001 addon_rotation_binding=0.000 addon_validation=0.079 addon_solver=0.044 addon_output=0.042 addon_cache=0.009 late=0.007 late_testicles=0.003 late_breasts=0.003 late_butt=0.000 traverse=0.000 addon_collision_body=0.000 addon_collision_self=0.000 addon_collision_addons=0.000 max_ms total=30.206 colliders=0.353 addons=2.104 calls late=75 traverse=0 body_collision=0 self_collision=0 addons_collision=0
2026-09-19 21:46:14.387 performance profile engine operation=symbols avg_ms=0.000000 max_call_ms=0.000000 calls_per_frame=0.00 window_ms=1000 frames=75 nested=1
2026-09-19 21:46:14.387 performance profile engine operation=find_object avg_ms=0.479408 max_call_ms=0.036900 calls_per_frame=1949.85 window_ms=1000 frames=75 nested=1
2026-09-19 21:46:14.388 performance profile engine operation=script_find avg_ms=0.000000 max_call_ms=0.000000 calls_per_frame=0.00 window_ms=1000 frames=75 nested=1
2026-09-19 21:46:14.388 performance profile engine operation=axis_lookup avg_ms=0.609228 max_call_ms=2.089100 calls_per_frame=42.69 window_ms=1000 frames=75 nested=1
2026-09-19 21:46:14.388 performance profile engine operation=pivot_query avg_ms=0.023377 max_call_ms=0.007000 calls_per_frame=93.00 window_ms=1000 frames=75 nested=1
2026-09-19 21:46:14.388 collision profile window_ms=1000 frames=75 avg_ms body_collection=0.022216 body_solve=0.009339 body_position=0.004433 body_refine=0.001693 body_velocity=0.002180 addon_prepare_query=0.000000 addon_coherent_solve=0.000000 addon_visible_solve=0.000000 room_sphere=0.000000 room_sweep=0.000000 room_single=0.000000
2026-09-19 21:46:14.388 collision profile window_ms=1000 frames=75 max_call_ms body_collection=0.030100 body_solve=0.026300 body_position=0.015600 body_refine=0.001400 body_velocity=0.010100 addon_prepare_query=0.000000 addon_coherent_solve=0.000000 addon_visible_solve=0.000000 room_sphere=0.000000 room_sweep=0.000000 room_single=0.000000
2026-09-19 21:46:14.388 collision profile window_ms=1000 frames=75 calls body_collection=172 body_solve=172 body_position=172 body_refine=172 body_velocity=172 addon_prepare_query=0 addon_coherent_solve=0 addon_visible_solve=0 room_sphere=0 room_sweep=0 room_single=0
2026-09-19 21:46:14.388 collision profile window_ms=1000 frames=75 counts body_contacts=37 body_passes=213 body_jacobians=108 body_predictions=1451 addon_contacts=0 addon_passes=0 addon_gradients=0 room_nodes=0 room_triangles=0
2026-09-19 21:46:15.135 PoseEdit file handoff fade-wait exec="native-queue" note="retain outgoing physics until the native fade readiness gate"
2026-09-19 21:46:15.137 PoseEdit file handoff end exec="native-queue" result=0x00000000 editpose=69240360 pending_reset=1 note="physics waits for the native pending-reset flag to clear before binding the resulting pose"
2026-09-19 21:46:15.296 PoseEdit file handoff paired-output-restored system=breasts person=2 translation=(-0.074558,0.000153,0.000422;0.074550,-0.000019,-0.000459) note="removed simulation offsets before releasing the old pose"
2026-09-19 21:46:15.297 PoseEdit file handoff paired-output-restored system=butt person=2 translation=(-0.047842,-0.038221,0.077886;-0.047842,-0.038221,-0.078000) note="removed simulation offsets before releasing the old pose"
2026-09-19 21:46:15.297 PoseEdit file handoff begin exec="native-fade-ready" editpose=69240360 note="returned current tracks to TK17 before native pose replacement; discarded old snapshots"
2026-09-19 21:46:15.318 PoseEdit file handoff begin exec="native-reset" editpose=69240360 note="returned current tracks to TK17 before native pose replacement; discarded old snapshots"
2026-09-19 21:46:15.319 PoseEdit file handoff rotation-trace phase=native-reset-before person=1 joint=1 track=692430d4 target=347db4a0 member=0x02fff04a keys=73254170 count=0 keys_read=0 first_frame=0 first=(0.000000,0.000000,0.000000) last_frame=0 last=(0.000000,0.000000,0.000000) output_raw=41bb8ac0 output_offset=0x6c output_read=1 output=(0.000000,0.000000,0.000000)
2026-09-19 21:46:15.319 PoseEdit file handoff rotation-trace phase=native-reset-before person=1 joint=2 track=69243944 target=4908d080 member=0x01fff04e keys=73254170 count=0 keys_read=0 first_frame=0 first=(0.000000,0.000000,0.000000) last_frame=0 last=(0.000000,0.000000,0.000000) output_raw=41bb7440 output_offset=0x6c output_read=1 output=(0.000000,0.000000,0.000000)
2026-09-19 21:46:15.319 PoseEdit file handoff rotation-trace phase=native-reset-before person=1 joint=3 track=69243994 target=4908cf40 member=0x01fff04e keys=73254170 count=0 keys_read=0 first_frame=0 first=(0.000000,0.000000,0.000000) last_frame=0 last=(0.000000,0.000000,0.000000) output_raw=41bb7b40 output_offset=0x6c output_read=1 output=(0.000000,0.000000,0.000000)
2026-09-19 21:46:15.319 PoseEdit file handoff rotation-trace phase=native-reset-before person=2 joint=1 track=69255054 target=4a42d480 member=0x02fff04a keys=688e84a0 count=1 keys_read=1 first_frame=0 first=(0.000000,0.000000,-47.500000) last_frame=0 last=(0.000000,0.000000,-47.500000) output_raw=4a3bc200 output_offset=0x6c output_read=1 output=(0.000000,0.000000,-47.500000)
2026-09-19 21:46:15.319 PoseEdit file handoff rotation-trace phase=native-reset-before person=2 joint=2 track=692558c4 target=4b976360 member=0x01fff04e keys=688ea340 count=1 keys_read=1 first_frame=0 first=(0.000000,0.000000,0.000000) last_frame=0 last=(0.000000,0.000000,0.000000) output_raw=4a3bdcc0 output_offset=0x6c output_read=1 output=(0.000000,0.000000,-17.160000)
2026-09-19 21:46:15.320 PoseEdit file handoff rotation-trace phase=native-reset-before person=2 joint=3 track=69255914 target=4b976640 member=0x01fff04e keys=688e92e0 count=1 keys_read=1 first_frame=0 first=(0.000000,0.000000,0.000000) last_frame=0 last=(0.000000,0.000000,0.000000) output_raw=4a3beac0 output_offset=0x6c output_read=1 output=(0.000000,0.000000,-6.988000)
2026-09-19 21:46:15.320 PoseEdit file handoff rotation-trace phase=native-reset-before person=3 joint=1 track=69266fd4 target=4f3330a0 member=0x02fff04a keys=73254170 count=0 keys_read=0 first_frame=0 first=(0.000000,0.000000,0.000000) last_frame=0 last=(0.000000,0.000000,0.000000) output_raw=4a3bd180 output_offset=0x6c output_read=1 output=(0.000000,0.000000,0.000000)
2026-09-19 21:46:15.320 PoseEdit file handoff rotation-trace phase=native-reset-before person=3 joint=2 track=69267844 target=52e5ad60 member=0x01fff04e keys=73254170 count=0 keys_read=0 first_frame=0 first=(0.000000,0.000000,0.000000) last_frame=0 last=(0.000000,0.000000,0.000000) output_raw=5023d900 output_offset=0x6c output_read=1 output=(0.000000,0.000000,0.000000)
2026-09-19 21:46:15.320 PoseEdit file handoff rotation-trace phase=native-reset-before person=3 joint=3 track=69267894 target=52e5c9c0 member=0x01fff04e keys=73254170 count=0 keys_read=0 first_frame=0 first=(0.000000,0.000000,0.000000) last_frame=0 last=(0.000000,0.000000,0.000000) output_raw=5023eb40 output_offset=0x6c output_read=1 output=(0.000000,0.000000,0.000000)
2026-09-19 21:46:15.357 PoseEdit file handoff rotation-trace phase=native-reset-after person=1 joint=1 track=692430d4 target=347db4a0 member=0x02fff04a keys=73254170 count=0 keys_read=0 first_frame=0 first=(0.000000,0.000000,0.000000) last_frame=0 last=(0.000000,0.000000,0.000000) output_raw=41bb8ac0 output_offset=0x6c output_read=1 output=(0.000000,0.000000,0.000000)
2026-09-19 21:46:15.357 PoseEdit file handoff rotation-trace phase=native-reset-after person=1 joint=2 track=69243944 target=4908d080 member=0x01fff04e keys=73254170 count=0 keys_read=0 first_frame=0 first=(0.000000,0.000000,0.000000) last_frame=0 last=(0.000000,0.000000,0.000000) output_raw=41bb7440 output_offset=0x6c output_read=1 output=(0.000000,0.000000,0.000000)
2026-09-19 21:46:15.357 PoseEdit file handoff rotation-trace phase=native-reset-after person=1 joint=3 track=69243994 target=4908cf40 member=0x01fff04e keys=73254170 count=0 keys_read=0 first_frame=0 first=(0.000000,0.000000,0.000000) last_frame=0 last=(0.000000,0.000000,0.000000) output_raw=41bb7b40 output_offset=0x6c output_read=1 output=(0.000000,0.000000,0.000000)
2026-09-19 21:46:15.358 PoseEdit file handoff rotation-trace phase=native-reset-after person=2 joint=1 track=69255054 target=4a42d480 member=0x02fff04a keys=0285ee40 count=129 keys_read=1 first_frame=0 first=(0.000000,0.000000,-47.500000) last_frame=384 last=(0.000000,0.000000,-47.500000) output_raw=4a3bc200 output_offset=0x6c output_read=1 output=(0.000000,0.000000,-47.500000)
2026-09-19 21:46:15.358 PoseEdit file handoff rotation-trace phase=native-reset-after person=2 joint=2 track=692558c4 target=4b976360 member=0x01fff04e keys=67b382a0 count=129 keys_read=1 first_frame=0 first=(0.014989,0.763261,-11.693027) last_frame=384 last=(0.014989,0.763261,-11.693027) output_raw=4a3bdcc0 output_offset=0x6c output_read=1 output=(0.000000,0.000000,-17.160000)
2026-09-19 21:46:15.359 PoseEdit file handoff rotation-trace phase=native-reset-after person=2 joint=3 track=69255914 target=4b976640 member=0x01fff04e keys=35719460 count=97 keys_read=1 first_frame=0 first=(0.000000,0.000000,0.000000) last_frame=384 last=(0.000000,0.000000,0.000000) output_raw=4a3beac0 output_offset=0x6c output_read=1 output=(0.000000,0.000000,-6.988000)
2026-09-19 21:46:15.359 PoseEdit file handoff rotation-trace phase=native-reset-after person=3 joint=1 track=69266fd4 target=4f3330a0 member=0x02fff04a keys=73254170 count=0 keys_read=0 first_frame=0 first=(0.000000,0.000000,0.000000) last_frame=0 last=(0.000000,0.000000,0.000000) output_raw=4a3bd180 output_offset=0x6c output_read=1 output=(0.000000,0.000000,0.000000)
2026-09-19 21:46:15.359 PoseEdit file handoff rotation-trace phase=native-reset-after person=3 joint=2 track=69267844 target=52e5ad60 member=0x01fff04e keys=73254170 count=0 keys_read=0 first_frame=0 first=(0.000000,0.000000,0.000000) last_frame=0 last=(0.000000,0.000000,0.000000) output_raw=5023d900 output_offset=0x6c output_read=1 output=(0.000000,0.000000,0.000000)
2026-09-19 21:46:15.359 PoseEdit file handoff rotation-trace phase=native-reset-after person=3 joint=3 track=69267894 target=52e5c9c0 member=0x01fff04e keys=73254170 count=0 keys_read=0 first_frame=0 first=(0.000000,0.000000,0.000000) last_frame=0 last=(0.000000,0.000000,0.000000) output_raw=5023eb40 output_offset=0x6c output_read=1 output=(0.000000,0.000000,0.000000)
2026-09-19 21:46:15.361 PoseEdit file handoff end exec="native-reset" result=0x00000000 editpose=69240360 pending_reset=1 note="physics waits for the native pending-reset flag to clear before binding the resulting pose"
2026-09-19 21:46:15.395 PoseEdit file handoff smooth-restart person=2 note="seeded from the incoming pose after native reset; no previous pose motion retained"
2026-09-19 21:46:15.400 performance profile window_ms=1016 frames=56 avg_ms total=1.763 housekeeping=0.035 bindings=0.406 diagnostics=0.003 colliders=0.190 axes=0.068 penis=0.358 penis_ownership=0.008 penis_gravity=0.006 penis_collision=0.020 penis_setup=0.011 penis_orientation=0.001 penis_translation=0.003 penis_solver=0.026 testicles=0.056 testicle_active=0.055 breasts=0.298 breasts_active=0.293 butt=0.075 butt_active=0.074 addons=0.265 addon_activation=0.121 addon_drive=0.097 addon_guard=0.001 addon_parent_pivot=0.000 addon_parent_translation=0.002 addon_parent_rotation=0.002 addon_gravity=0.001 addon_rotation_binding=0.000 addon_validation=0.090 addon_solver=0.045 addon_output=0.043 addon_cache=0.009 late=0.017 late_testicles=0.012 late_breasts=0.004 late_butt=0.001 traverse=0.000 addon_collision_body=0.000 addon_collision_self=0.000 addon_collision_addons=0.000 max_ms total=27.849 colliders=0.380 addons=2.108 calls late=70 traverse=0 body_collision=0 self_collision=0 addons_collision=0
2026-09-19 21:46:15.400 performance profile engine operation=symbols avg_ms=0.000000 max_call_ms=0.000000 calls_per_frame=0.00 window_ms=1016 frames=56 nested=1
2026-09-19 21:46:15.400 performance profile engine operation=find_object avg_ms=0.625507 max_call_ms=0.067900 calls_per_frame=2598.80 window_ms=1016 frames=56 nested=1
2026-09-19 21:46:15.400 performance profile engine operation=script_find avg_ms=0.000000 max_call_ms=0.000000 calls_per_frame=0.00 window_ms=1016 frames=56 nested=1
2026-09-19 21:46:15.400 performance profile engine operation=axis_lookup avg_ms=0.795005 max_call_ms=2.035900 calls_per_frame=46.54 window_ms=1016 frames=56 nested=1
2026-09-19 21:46:15.400 performance profile engine operation=pivot_query avg_ms=0.023366 max_call_ms=0.004700 calls_per_frame=92.89 window_ms=1016 frames=56 nested=1
2026-09-19 21:46:15.400 collision profile window_ms=1016 frames=56 avg_ms body_collection=0.021359 body_solve=0.008755 body_position=0.004125 body_refine=0.001618 body_velocity=0.002036 addon_prepare_query=0.000000 addon_coherent_solve=0.000000 addon_visible_solve=0.000000 room_sphere=0.000000 room_sweep=0.000000 room_single=0.000000
2026-09-19 21:46:15.400 collision profile window_ms=1016 frames=56 max_call_ms body_collection=0.026800 body_solve=0.025200 body_position=0.015200 body_refine=0.001300 body_velocity=0.009800 addon_prepare_query=0.000000 addon_coherent_solve=0.000000 addon_visible_solve=0.000000 room_sphere=0.000000 room_sweep=0.000000 room_single=0.000000
2026-09-19 21:46:15.401 collision profile window_ms=1016 frames=56 calls body_collection=122 body_solve=122 body_position=122 body_refine=122 body_velocity=122 addon_prepare_query=0 addon_coherent_solve=0 addon_visible_solve=0 room_sphere=0 room_sweep=0 room_single=0
2026-09-19 21:46:15.401 collision profile window_ms=1016 frames=56 counts body_contacts=25 body_passes=149 body_jacobians=74 body_predictions=1007 addon_contacts=0 addon_passes=0 addon_gradients=0 room_nodes=0 room_triangles=0
2026-09-19 21:46:16.398 performance profile window_ms=1000 frames=79 avg_ms total=1.595 housekeeping=0.028 bindings=0.300 diagnostics=0.003 colliders=0.194 axes=0.050 penis=0.411 penis_ownership=0.123 penis_gravity=0.006 penis_collision=0.022 penis_setup=0.115 penis_orientation=0.001 penis_translation=0.003 penis_solver=0.023 testicles=0.050 testicle_active=0.049 breasts=0.240 breasts_active=0.236 butt=0.071 butt_active=0.071 addons=0.237 addon_activation=0.112 addon_drive=0.081 addon_guard=0.000 addon_parent_pivot=0.000 addon_parent_translation=0.003 addon_parent_rotation=0.001 addon_gravity=0.001 addon_rotation_binding=0.000 addon_validation=0.073 addon_solver=0.042 addon_output=0.040 addon_cache=0.011 late=0.006 late_testicles=0.003 late_breasts=0.003 late_butt=0.000 traverse=0.000 addon_collision_body=0.000 addon_collision_self=0.000 addon_collision_addons=0.000 max_ms total=23.788 colliders=0.418 addons=2.529 calls late=79 traverse=0 body_collision=0 self_collision=0 addons_collision=0
2026-09-19 21:46:16.398 performance profile engine operation=symbols avg_ms=0.000000 max_call_ms=0.000000 calls_per_frame=0.00 window_ms=1000 frames=79 nested=1
2026-09-19 21:46:16.398 performance profile engine operation=find_object avg_ms=0.461391 max_call_ms=0.091300 calls_per_frame=1856.30 window_ms=1000 frames=79 nested=1
2026-09-19 21:46:16.398 performance profile engine operation=script_find avg_ms=0.000000 max_call_ms=0.000000 calls_per_frame=0.00 window_ms=1000 frames=79 nested=1
2026-09-19 21:46:16.399 performance profile engine operation=axis_lookup avg_ms=0.582535 max_call_ms=2.238200 calls_per_frame=42.44 window_ms=1000 frames=79 nested=1
2026-09-19 21:46:16.399 performance profile engine operation=pivot_query avg_ms=0.023770 max_call_ms=0.015200 calls_per_frame=92.87 window_ms=1000 frames=79 nested=1
2026-09-19 21:46:16.399 collision profile window_ms=1000 frames=79 avg_ms body_collection=0.009219 body_solve=0.016480 body_position=0.011419 body_refine=0.002668 body_velocity=0.002051 addon_prepare_query=0.000000 addon_coherent_solve=0.000000 addon_visible_solve=0.000000 room_sphere=0.000000 room_sweep=0.000000 room_single=0.000000
2026-09-19 21:46:16.399 collision profile window_ms=1000 frames=79 max_call_ms body_collection=0.039800 body_solve=0.411200 body_position=0.272800 body_refine=0.122500 body_velocity=0.015200 addon_prepare_query=0.000000 addon_coherent_solve=0.000000 addon_visible_solve=0.000000 room_sphere=0.000000 room_sweep=0.000000 room_single=0.000000
2026-09-19 21:46:16.399 collision profile window_ms=1000 frames=79 calls body_collection=169 body_solve=58 body_position=58 body_refine=58 body_velocity=58 addon_prepare_query=0 addon_coherent_solve=0 addon_visible_solve=0 room_sphere=0 room_sweep=0 room_single=0
2026-09-19 21:46:16.400 collision profile window_ms=1000 frames=79 counts body_contacts=31 body_passes=140 body_jacobians=236 body_predictions=1935 addon_contacts=0 addon_passes=0 addon_gradients=0 room_nodes=0 room_triangles=0
2026-09-19 21:46:17.393 performance profile window_ms=1000 frames=74 avg_ms total=1.565 housekeeping=0.030 bindings=0.312 diagnostics=0.003 colliders=0.194 axes=0.051 penis=0.334 penis_ownership=0.008 penis_gravity=0.006 penis_collision=0.043 penis_setup=0.012 penis_orientation=0.001 penis_translation=0.003 penis_solver=0.026 testicles=0.050 testicle_active=0.050 breasts=0.255 breasts_active=0.250 butt=0.070 butt_active=0.070 addons=0.254 addon_activation=0.115 addon_drive=0.087 addon_guard=0.001 addon_parent_pivot=0.000 addon_parent_translation=0.004 addon_parent_rotation=0.001 addon_gravity=0.001 addon_rotation_binding=0.000 addon_validation=0.078 addon_solver=0.049 addon_output=0.047 addon_cache=0.011 late=0.007 late_testicles=0.003 late_breasts=0.004 late_butt=0.000 traverse=0.000 addon_collision_body=0.000 addon_collision_self=0.000 addon_collision_addons=0.000 max_ms total=23.370 colliders=0.404 addons=2.074 calls late=74 traverse=0 body_collision=0 self_collision=0 addons_collision=0
2026-09-19 21:46:17.393 performance profile engine operation=symbols avg_ms=0.000000 max_call_ms=0.000000 calls_per_frame=0.00 window_ms=1000 frames=74 nested=1
2026-09-19 21:46:17.393 performance profile engine operation=find_object avg_ms=0.483622 max_call_ms=0.089700 calls_per_frame=1975.53 window_ms=1000 frames=74 nested=1
2026-09-19 21:46:17.394 performance profile engine operation=script_find avg_ms=0.000000 max_call_ms=0.000000 calls_per_frame=0.00 window_ms=1000 frames=74 nested=1
2026-09-19 21:46:17.394 performance profile engine operation=axis_lookup avg_ms=0.612488 max_call_ms=2.005500 calls_per_frame=42.68 window_ms=1000 frames=74 nested=1
2026-09-19 21:46:17.394 performance profile engine operation=pivot_query avg_ms=0.023518 max_call_ms=0.003800 calls_per_frame=93.00 window_ms=1000 frames=74 nested=1
2026-09-19 21:46:17.394 collision profile window_ms=1000 frames=74 avg_ms body_collection=0.023869 body_solve=0.023128 body_position=0.015930 body_refine=0.001572 body_velocity=0.004668 addon_prepare_query=0.000000 addon_coherent_solve=0.000000 addon_visible_solve=0.000000 room_sphere=0.000000 room_sweep=0.000000 room_single=0.000000
2026-09-19 21:46:17.394 collision profile window_ms=1000 frames=74 max_call_ms body_collection=0.031500 body_solve=0.049400 body_position=0.041600 body_refine=0.001400 body_velocity=0.006600 addon_prepare_query=0.000000 addon_coherent_solve=0.000000 addon_visible_solve=0.000000 room_sphere=0.000000 room_sweep=0.000000 room_single=0.000000
2026-09-19 21:46:17.395 collision profile window_ms=1000 frames=74 calls body_collection=168 body_solve=168 body_position=168 body_refine=168 body_velocity=168 addon_prepare_query=0 addon_coherent_solve=0 addon_visible_solve=0 room_sphere=0 room_sweep=0 room_single=0
2026-09-19 21:46:17.395 collision profile window_ms=1000 frames=74 counts body_contacts=56 body_passes=280 body_jacobians=224 body_predictions=2448 addon_contacts=0 addon_passes=0 addon_gradients=0 room_nodes=0 room_triangles=0
2026-09-19 21:46:18.029 performance profile body-update person=Person02 system=penis update_rate_hz=-1 published_hz=70.2 sample_ms=5000
2026-09-19 21:46:18.029 performance profile body-update person=Person02 system=testicles update_rate_hz=-1 published_hz=69.8 sample_ms=5000
2026-09-19 21:46:18.398 performance profile window_ms=1000 frames=67 avg_ms total=1.796 housekeeping=0.140 bindings=0.345 diagnostics=0.003 colliders=0.203 axes=0.058 penis=0.371 penis_ownership=0.008 penis_gravity=0.006 penis_collision=0.047 penis_setup=0.011 penis_orientation=0.001 penis_translation=0.003 penis_solver=0.028 testicles=0.055 testicle_active=0.055 breasts=0.275 breasts_active=0.270 butt=0.070 butt_active=0.069 addons=0.268 addon_activation=0.119 addon_drive=0.099 addon_guard=0.001 addon_parent_pivot=0.000 addon_parent_translation=0.003 addon_parent_rotation=0.002 addon_gravity=0.001 addon_rotation_binding=0.000 addon_validation=0.091 addon_solver=0.047 addon_output=0.045 addon_cache=0.008 late=0.006 late_testicles=0.003 late_breasts=0.003 late_butt=0.000 traverse=0.000 addon_collision_body=0.000 addon_collision_self=0.000 addon_collision_addons=0.000 max_ms total=23.192 colliders=0.350 addons=2.025 calls late=67 traverse=0 body_collision=0 self_collision=0 addons_collision=0
2026-09-19 21:46:18.399 performance profile engine operation=symbols avg_ms=0.000000 max_call_ms=0.000000 calls_per_frame=0.00 window_ms=1000 frames=67 nested=1
2026-09-19 21:46:18.399 performance profile engine operation=find_object avg_ms=0.525354 max_call_ms=0.078300 calls_per_frame=2177.15 window_ms=1000 frames=67 nested=1
2026-09-19 21:46:18.399 performance profile engine operation=script_find avg_ms=0.000000 max_call_ms=0.000000 calls_per_frame=0.00 window_ms=1000 frames=67 nested=1
2026-09-19 21:46:18.399 performance profile engine operation=axis_lookup avg_ms=0.668293 max_call_ms=2.032400 calls_per_frame=42.99 window_ms=1000 frames=67 nested=1
2026-09-19 21:46:18.399 performance profile engine operation=pivot_query avg_ms=0.025788 max_call_ms=0.013200 calls_per_frame=93.00 window_ms=1000 frames=67 nested=1
2026-09-19 21:46:18.399 collision profile window_ms=1000 frames=67 avg_ms body_collection=0.025752 body_solve=0.025825 body_position=0.017399 body_refine=0.001918 body_velocity=0.005488 addon_prepare_query=0.000000 addon_coherent_solve=0.000000 addon_visible_solve=0.000000 room_sphere=0.000000 room_sweep=0.000000 room_single=0.000000
2026-09-19 21:46:18.399 collision profile window_ms=1000 frames=67 max_call_ms body_collection=0.028000 body_solve=0.043300 body_position=0.023400 body_refine=0.011700 body_velocity=0.015700 addon_prepare_query=0.000000 addon_coherent_solve=0.000000 addon_visible_solve=0.000000 room_sphere=0.000000 room_sweep=0.000000 room_single=0.000000
2026-09-19 21:46:18.400 collision profile window_ms=1000 frames=67 calls body_collection=170 body_solve=170 body_position=170 body_refine=170 body_velocity=170 addon_prepare_query=0 addon_coherent_solve=0 addon_visible_solve=0 room_sphere=0 room_sweep=0 room_single=0
2026-09-19 21:46:18.400 collision profile window_ms=1000 frames=67 counts body_contacts=56 body_passes=282 body_jacobians=224 body_predictions=2470 addon_contacts=0 addon_passes=0 addon_gradients=0 room_nodes=0 room_triangles=0
2026-09-19 21:46:18.524 PoseEdit file handoff fade-wait exec="native-queue" note="retain outgoing physics until the native fade readiness gate"
2026-09-19 21:46:18.525 PoseEdit file handoff end exec="native-queue" result=0x00000000 editpose=69240360 pending_reset=1 note="physics waits for the native pending-reset flag to clear before binding the resulting pose"
2026-09-19 21:46:18.683 PoseEdit file handoff paired-output-restored system=breasts person=2 translation=(-0.074558,0.000153,0.000422;0.074550,-0.000019,-0.000459) note="removed simulation offsets before releasing the old pose"
2026-09-19 21:46:18.683 PoseEdit file handoff paired-output-restored system=butt person=2 translation=(-0.047842,-0.038221,0.077886;-0.047842,-0.038221,-0.078000) note="removed simulation offsets before releasing the old pose"
2026-09-19 21:46:18.683 PoseEdit file handoff begin exec="native-fade-ready" editpose=69240360 note="returned current tracks to TK17 before native pose replacement; discarded old snapshots"
2026-09-19 21:46:18.706 PoseEdit file handoff begin exec="native-reset" editpose=69240360 note="returned current tracks to TK17 before native pose replacement; discarded old snapshots"
2026-09-19 21:46:18.706 PoseEdit file handoff rotation-trace phase=native-reset-before person=1 joint=1 track=692430d4 target=347db4a0 member=0x02fff04a keys=73254170 count=0 keys_read=0 first_frame=0 first=(0.000000,0.000000,0.000000) last_frame=0 last=(0.000000,0.000000,0.000000) output_raw=41bb8ac0 output_offset=0x6c output_read=1 output=(0.000000,0.000000,0.000000)
2026-09-19 21:46:18.706 PoseEdit file handoff rotation-trace phase=native-reset-before person=1 joint=2 track=69243944 target=4908d080 member=0x01fff04e keys=73254170 count=0 keys_read=0 first_frame=0 first=(0.000000,0.000000,0.000000) last_frame=0 last=(0.000000,0.000000,0.000000) output_raw=41bb7440 output_offset=0x6c output_read=1 output=(0.000000,0.000000,0.000000)
2026-09-19 21:46:18.706 PoseEdit file handoff rotation-trace phase=native-reset-before person=1 joint=3 track=69243994 target=4908cf40 member=0x01fff04e keys=73254170 count=0 keys_read=0 first_frame=0 first=(0.000000,0.000000,0.000000) last_frame=0 last=(0.000000,0.000000,0.000000) output_raw=41bb7b40 output_offset=0x6c output_read=1 output=(0.000000,0.000000,0.000000)
2026-09-19 21:46:18.708 PoseEdit file handoff rotation-trace phase=native-reset-before person=2 joint=1 track=69255054 target=4a42d480 member=0x02fff04a keys=0285ee40 count=129 keys_read=1 first_frame=0 first=(0.000000,0.000000,-47.500000) last_frame=384 last=(0.000000,0.000000,-47.500000) output_raw=4a3bc200 output_offset=0x6c output_read=1 output=(0.000000,0.000000,-47.500000)
2026-09-19 21:46:18.708 PoseEdit file handoff rotation-trace phase=native-reset-before person=2 joint=2 track=692558c4 target=4b976360 member=0x01fff04e keys=67b382a0 count=129 keys_read=1 first_frame=0 first=(0.014989,0.763261,-11.693027) last_frame=384 last=(0.014989,0.763261,-11.693027) output_raw=4a3bdcc0 output_offset=0x6c output_read=1 output=(0.000000,0.000000,-17.160000)
2026-09-19 21:46:18.708 PoseEdit file handoff rotation-trace phase=native-reset-before person=2 joint=3 track=69255914 target=4b976640 member=0x01fff04e keys=35719460 count=97 keys_read=1 first_frame=0 first=(0.000000,0.000000,0.000000) last_frame=384 last=(0.000000,0.000000,0.000000) output_raw=4a3beac0 output_offset=0x6c output_read=1 output=(0.000000,0.000000,-6.988000)
2026-09-19 21:46:18.708 PoseEdit file handoff rotation-trace phase=native-reset-before person=3 joint=1 track=69266fd4 target=4f3330a0 member=0x02fff04a keys=73254170 count=0 keys_read=0 first_frame=0 first=(0.000000,0.000000,0.000000) last_frame=0 last=(0.000000,0.000000,0.000000) output_raw=4a3bd180 output_offset=0x6c output_read=1 output=(0.000000,0.000000,0.000000)
2026-09-19 21:46:18.708 PoseEdit file handoff rotation-trace phase=native-reset-before person=3 joint=2 track=69267844 target=52e5ad60 member=0x01fff04e keys=73254170 count=0 keys_read=0 first_frame=0 first=(0.000000,0.000000,0.000000) last_frame=0 last=(0.000000,0.000000,0.000000) output_raw=5023d900 output_offset=0x6c output_read=1 output=(0.000000,0.000000,0.000000)
2026-09-19 21:46:18.709 PoseEdit file handoff rotation-trace phase=native-reset-before person=3 joint=3 track=69267894 target=52e5c9c0 member=0x01fff04e keys=73254170 count=0 keys_read=0 first_frame=0 first=(0.000000,0.000000,0.000000) last_frame=0 last=(0.000000,0.000000,0.000000) output_raw=5023eb40 output_offset=0x6c output_read=1 output=(0.000000,0.000000,0.000000)
2026-09-19 21:46:18.747 PoseEdit file handoff rotation-trace phase=native-reset-after person=1 joint=1 track=692430d4 target=347db4a0 member=0x02fff04a keys=73254170 count=0 keys_read=0 first_frame=0 first=(0.000000,0.000000,0.000000) last_frame=0 last=(0.000000,0.000000,0.000000) output_raw=41bb8ac0 output_offset=0x6c output_read=1 output=(0.000000,0.000000,0.000000)
2026-09-19 21:46:18.747 PoseEdit file handoff rotation-trace phase=native-reset-after person=1 joint=2 track=69243944 target=4908d080 member=0x01fff04e keys=73254170 count=0 keys_read=0 first_frame=0 first=(0.000000,0.000000,0.000000) last_frame=0 last=(0.000000,0.000000,0.000000) output_raw=41bb7440 output_offset=0x6c output_read=1 output=(0.000000,0.000000,0.000000)
2026-09-19 21:46:18.747 PoseEdit file handoff rotation-trace phase=native-reset-after person=1 joint=3 track=69243994 target=4908cf40 member=0x01fff04e keys=73254170 count=0 keys_read=0 first_frame=0 first=(0.000000,0.000000,0.000000) last_frame=0 last=(0.000000,0.000000,0.000000) output_raw=41bb7b40 output_offset=0x6c output_read=1 output=(0.000000,0.000000,0.000000)
2026-09-19 21:46:18.747 PoseEdit file handoff rotation-trace phase=native-reset-after person=2 joint=1 track=69255054 target=4a42d480 member=0x02fff04a keys=673de760 count=1 keys_read=1 first_frame=0 first=(0.000000,0.000000,-47.500000) last_frame=0 last=(0.000000,0.000000,-47.500000) output_raw=4a3bc200 output_offset=0x6c output_read=1 output=(0.000000,0.000000,-47.500000)
2026-09-19 21:46:18.747 PoseEdit file handoff rotation-trace phase=native-reset-after person=2 joint=2 track=692558c4 target=4b976360 member=0x01fff04e keys=673df5e0 count=1 keys_read=1 first_frame=0 first=(0.000000,0.000000,0.000000) last_frame=0 last=(0.000000,0.000000,0.000000) output_raw=4a3bdcc0 output_offset=0x6c output_read=1 output=(0.000000,0.000000,-17.160000)
2026-09-19 21:46:18.747 PoseEdit file handoff rotation-trace phase=native-reset-after person=2 joint=3 track=69255914 target=4b976640 member=0x01fff04e keys=673dfbe0 count=1 keys_read=1 first_frame=0 first=(0.000000,0.000000,0.000000) last_frame=0 last=(0.000000,0.000000,0.000000) output_raw=4a3beac0 output_offset=0x6c output_read=1 output=(0.000000,0.000000,-6.988000)
2026-09-19 21:46:18.747 PoseEdit file handoff rotation-trace phase=native-reset-after person=3 joint=1 track=69266fd4 target=4f3330a0 member=0x02fff04a keys=73254170 count=0 keys_read=0 first_frame=0 first=(0.000000,0.000000,0.000000) last_frame=0 last=(0.000000,0.000000,0.000000) output_raw=4a3bd180 output_offset=0x6c output_read=1 output=(0.000000,0.000000,0.000000)
2026-09-19 21:46:18.747 PoseEdit file handoff rotation-trace phase=native-reset-after person=3 joint=2 track=69267844 target=52e5ad60 member=0x01fff04e keys=73254170 count=0 keys_read=0 first_frame=0 first=(0.000000,0.000000,0.000000) last_frame=0 last=(0.000000,0.000000,0.000000) output_raw=5023d900 output_offset=0x6c output_read=1 output=(0.000000,0.000000,0.000000)
2026-09-19 21:46:18.747 PoseEdit file handoff rotation-trace phase=native-reset-after person=3 joint=3 track=69267894 target=52e5c9c0 member=0x01fff04e keys=73254170 count=0 keys_read=0 first_frame=0 first=(0.000000,0.000000,0.000000) last_frame=0 last=(0.000000,0.000000,0.000000) output_raw=5023eb40 output_offset=0x6c output_read=1 output=(0.000000,0.000000,0.000000)
2026-09-19 21:46:18.750 PoseEdit file handoff end exec="native-reset" result=0x00000000 editpose=69240360 pending_reset=1 note="physics waits for the native pending-reset flag to clear before binding the resulting pose"
2026-09-19 21:46:18.763 PoseEdit file handoff smooth-restart person=2 note="seeded from the incoming pose after native reset; no previous pose motion retained"
2026-09-19 21:46:19.294 performance profile body-update person=Person02 system=breasts update_rate_hz=-1 published_hz=64.6 sample_ms=5000
2026-09-19 21:46:19.294 performance profile body-update person=Person02 system=butt update_rate_hz=-1 published_hz=64.6 sample_ms=5000
2026-09-19 21:46:19.392 performance profile window_ms=1000 frames=57 avg_ms total=1.815 housekeeping=0.031 bindings=0.412 diagnostics=0.003 colliders=0.195 axes=0.134 penis=0.460 penis_ownership=0.154 penis_gravity=0.006 penis_collision=0.007 penis_setup=0.143 penis_orientation=0.001 penis_translation=0.004 penis_solver=0.027 testicles=0.044 testicle_active=0.044 breasts=0.229 breasts_active=0.225 butt=0.078 butt_active=0.077 addons=0.220 addon_activation=0.083 addon_drive=0.091 addon_guard=0.000 addon_parent_pivot=0.000 addon_parent_translation=0.002 addon_parent_rotation=0.002 addon_gravity=0.001 addon_rotation_binding=0.000 addon_validation=0.084 addon_solver=0.044 addon_output=0.042 addon_cache=0.009 late=0.017 late_testicles=0.012 late_breasts=0.004 late_butt=0.001 traverse=0.000 addon_collision_body=0.000 addon_collision_self=0.000 addon_collision_addons=0.000 max_ms total=23.461 colliders=0.426 addons=1.333 calls late=71 traverse=0 body_collision=0 self_collision=0 addons_collision=0
2026-09-19 21:46:19.393 performance profile engine operation=symbols avg_ms=0.000000 max_call_ms=0.000000 calls_per_frame=0.00 window_ms=1000 frames=57 nested=1
2026-09-19 21:46:19.393 performance profile engine operation=find_object avg_ms=0.561740 max_call_ms=0.058700 calls_per_frame=2319.02 window_ms=1000 frames=57 nested=1
2026-09-19 21:46:19.393 performance profile engine operation=script_find avg_ms=0.000000 max_call_ms=0.000000 calls_per_frame=0.00 window_ms=1000 frames=57 nested=1
2026-09-19 21:46:19.393 performance profile engine operation=axis_lookup avg_ms=0.714472 max_call_ms=2.073600 calls_per_frame=46.18 window_ms=1000 frames=57 nested=1
2026-09-19 21:46:19.393 performance profile engine operation=pivot_query avg_ms=0.022388 max_call_ms=0.018000 calls_per_frame=92.54 window_ms=1000 frames=57 nested=1
2026-09-19 21:46:19.394 collision profile window_ms=1000 frames=57 avg_ms body_collection=0.004346 body_solve=0.002723 body_position=0.001825 body_refine=0.000230 body_velocity=0.000537 addon_prepare_query=0.000000 addon_coherent_solve=0.000000 addon_visible_solve=0.000000 room_sphere=0.000000 room_sweep=0.000000 room_single=0.000000
2026-09-19 21:46:19.394 collision profile window_ms=1000 frames=57 max_call_ms body_collection=0.030100 body_solve=0.028600 body_position=0.021000 body_refine=0.000900 body_velocity=0.006200 addon_prepare_query=0.000000 addon_coherent_solve=0.000000 addon_visible_solve=0.000000 room_sphere=0.000000 room_sweep=0.000000 room_single=0.000000
2026-09-19 21:46:19.394 collision profile window_ms=1000 frames=57 calls body_collection=123 body_solve=20 body_position=20 body_refine=20 body_velocity=20 addon_prepare_query=0 addon_coherent_solve=0 addon_visible_solve=0 room_sphere=0 room_sweep=0 room_single=0
2026-09-19 21:46:19.394 collision profile window_ms=1000 frames=57 counts body_contacts=5 body_passes=30 body_jacobians=20 body_predictions=235 addon_contacts=0 addon_passes=0 addon_gradients=0 room_nodes=0 room_triangles=0
2026-09-19 21:46:20.386 performance profile window_ms=1000 frames=81 avg_ms total=1.446 housekeeping=0.026 bindings=0.280 diagnostics=0.003 colliders=0.198 axes=0.048 penis=0.305 penis_ownership=0.018 penis_gravity=0.006 penis_collision=0.024 penis_setup=0.021 penis_orientation=0.001 penis_translation=0.003 penis_solver=0.027 testicles=0.053 testicle_active=0.052 breasts=0.239 breasts_active=0.234 butt=0.077 butt_active=0.077 addons=0.205 addon_activation=0.083 addon_drive=0.076 addon_guard=0.000 addon_parent_pivot=0.000 addon_parent_translation=0.002 addon_parent_rotation=0.002 addon_gravity=0.001 addon_rotation_binding=0.000 addon_validation=0.070 addon_solver=0.043 addon_output=0.041 addon_cache=0.010 late=0.007 late_testicles=0.003 late_breasts=0.003 late_butt=0.000 traverse=0.000 addon_collision_body=0.000 addon_collision_self=0.000 addon_collision_addons=0.000 max_ms total=22.449 colliders=0.525 addons=0.914 calls late=81 traverse=0 body_collision=0 self_collision=0 addons_collision=0
2026-09-19 21:46:20.388 performance profile engine operation=symbols avg_ms=0.000000 max_call_ms=0.000000 calls_per_frame=0.00 window_ms=1000 frames=81 nested=1
2026-09-19 21:46:20.388 performance profile engine operation=find_object avg_ms=0.429294 max_call_ms=0.086900 calls_per_frame=1725.27 window_ms=1000 frames=81 nested=1
2026-09-19 21:46:20.388 performance profile engine operation=script_find avg_ms=0.000000 max_call_ms=0.000000 calls_per_frame=0.00 window_ms=1000 frames=81 nested=1
2026-09-19 21:46:20.388 performance profile engine operation=axis_lookup avg_ms=0.540604 max_call_ms=1.961500 calls_per_frame=42.52 window_ms=1000 frames=81 nested=1
2026-09-19 21:46:20.388 performance profile engine operation=pivot_query avg_ms=0.023815 max_call_ms=0.005300 calls_per_frame=93.00 window_ms=1000 frames=81 nested=1
2026-09-19 21:46:20.389 collision profile window_ms=1000 frames=81 avg_ms body_collection=0.021980 body_solve=0.009388 body_position=0.005095 body_refine=0.001799 body_velocity=0.001530 addon_prepare_query=0.000000 addon_coherent_solve=0.000000 addon_visible_solve=0.000000 room_sphere=0.000000 room_sweep=0.000000 room_single=0.000000
2026-09-19 21:46:20.389 collision profile window_ms=1000 frames=81 max_call_ms body_collection=0.034100 body_solve=0.110400 body_position=0.101700 body_refine=0.014200 body_velocity=0.017500 addon_prepare_query=0.000000 addon_coherent_solve=0.000000 addon_visible_solve=0.000000 room_sphere=0.000000 room_sweep=0.000000 room_single=0.000000
2026-09-19 21:46:20.389 collision profile window_ms=1000 frames=81 calls body_collection=174 body_solve=170 body_position=170 body_refine=170 body_velocity=170 addon_prepare_query=0 addon_coherent_solve=0 addon_visible_solve=0 room_sphere=0 room_sweep=0 room_single=0
2026-09-19 21:46:20.389 collision profile window_ms=1000 frames=81 counts body_contacts=21 body_passes=211 body_jacobians=93 body_predictions=1366 addon_contacts=0 addon_passes=0 addon_gradients=0 room_nodes=0 room_triangles=0
2026-09-19 21:46:21.389 performance profile window_ms=1000 frames=79 avg_ms total=1.496 housekeeping=0.030 bindings=0.288 diagnostics=0.003 colliders=0.194 axes=0.049 penis=0.307 penis_ownership=0.008 penis_gravity=0.006 penis_collision=0.030 penis_setup=0.011 penis_orientation=0.001 penis_translation=0.003 penis_solver=0.026 testicles=0.055 testicle_active=0.054 breasts=0.245 breasts_active=0.240 butt=0.076 butt_active=0.076 addons=0.239 addon_activation=0.108 addon_drive=0.085 addon_guard=0.001 addon_parent_pivot=0.000 addon_parent_translation=0.002 addon_parent_rotation=0.002 addon_gravity=0.002 addon_rotation_binding=0.000 addon_validation=0.078 addon_solver=0.044 addon_output=0.042 addon_cache=0.010 late=0.007 late_testicles=0.003 late_breasts=0.003 late_butt=0.000 traverse=0.000 addon_collision_body=0.000 addon_collision_self=0.000 addon_collision_addons=0.000 max_ms total=22.521 colliders=0.362 addons=2.091 calls late=79 traverse=0 body_collision=0 self_collision=0 addons_collision=0
2026-09-19 21:46:21.390 performance profile engine operation=symbols avg_ms=0.000000 max_call_ms=0.000000 calls_per_frame=0.00 window_ms=1000 frames=79 nested=1
2026-09-19 21:46:21.390 performance profile engine operation=find_object avg_ms=0.457268 max_call_ms=0.046200 calls_per_frame=1853.51 window_ms=1000 frames=79 nested=1
2026-09-19 21:46:21.390 performance profile engine operation=script_find avg_ms=0.000000 max_call_ms=0.000000 calls_per_frame=0.00 window_ms=1000 frames=79 nested=1
2026-09-19 21:46:21.390 performance profile engine operation=axis_lookup avg_ms=0.578942 max_call_ms=2.070800 calls_per_frame=42.61 window_ms=1000 frames=79 nested=1
2026-09-19 21:46:21.390 performance profile engine operation=pivot_query avg_ms=0.023270 max_call_ms=0.046700 calls_per_frame=93.00 window_ms=1000 frames=79 nested=1
2026-09-19 21:46:21.390 collision profile window_ms=1000 frames=79 avg_ms body_collection=0.023195 body_solve=0.015203 body_position=0.009397 body_refine=0.001615 body_velocity=0.003161 addon_prepare_query=0.000000 addon_coherent_solve=0.000000 addon_visible_solve=0.000000 room_sphere=0.000000 room_sweep=0.000000 room_single=0.000000
2026-09-19 21:46:21.390 collision profile window_ms=1000 frames=79 max_call_ms body_collection=0.039300 body_solve=0.031200 body_position=0.023400 body_refine=0.001700 body_velocity=0.006400 addon_prepare_query=0.000000 addon_coherent_solve=0.000000 addon_visible_solve=0.000000 room_sphere=0.000000 room_sweep=0.000000 room_single=0.000000
2026-09-19 21:46:21.391 collision profile window_ms=1000 frames=79 calls body_collection=178 body_solve=178 body_position=178 body_refine=178 body_velocity=178 addon_prepare_query=0 addon_coherent_solve=0 addon_visible_solve=0 room_sphere=0 room_sweep=0 room_single=0
2026-09-19 21:46:21.391 collision profile window_ms=1000 frames=79 counts body_contacts=47 body_passes=253 body_jacobians=169 body_predictions=2008 addon_contacts=0 addon_passes=0 addon_gradients=0 room_nodes=0 room_triangles=0
2026-09-19 21:46:22.390 performance profile window_ms=1000 frames=61 avg_ms total=1.895 housekeeping=0.128 bindings=0.372 diagnostics=0.003 colliders=0.208 axes=0.063 penis=0.380 penis_ownership=0.008 penis_gravity=0.006 penis_collision=0.037 penis_setup=0.012 penis_orientation=0.001 penis_translation=0.003 penis_solver=0.028 testicles=0.055 testicle_active=0.055 breasts=0.310 breasts_active=0.306 butt=0.075 butt_active=0.075 addons=0.290 addon_activation=0.121 addon_drive=0.117 addon_guard=0.001 addon_parent_pivot=0.000 addon_parent_translation=0.002 addon_parent_rotation=0.002 addon_gravity=0.002 addon_rotation_binding=0.000 addon_validation=0.110 addon_solver=0.049 addon_output=0.047 addon_cache=0.009 late=0.007 late_testicles=0.003 late_breasts=0.003 late_butt=0.000 traverse=0.000 addon_collision_body=0.000 addon_collision_self=0.000 addon_collision_addons=0.000 max_ms total=22.724 colliders=0.325 addons=2.012 calls late=61 traverse=0 body_collision=0 self_collision=0 addons_collision=0
2026-09-19 21:46:22.390 performance profile engine operation=symbols avg_ms=0.000000 max_call_ms=0.000000 calls_per_frame=0.00 window_ms=1000 frames=61 nested=1
2026-09-19 21:46:22.390 performance profile engine operation=find_object avg_ms=0.574364 max_call_ms=0.074300 calls_per_frame=2386.16 window_ms=1000 frames=61 nested=1
2026-09-19 21:46:22.390 performance profile engine operation=script_find avg_ms=0.000000 max_call_ms=0.000000 calls_per_frame=0.00 window_ms=1000 frames=61 nested=1
2026-09-19 21:46:22.391 performance profile engine operation=axis_lookup avg_ms=0.731330 max_call_ms=2.040300 calls_per_frame=42.70 window_ms=1000 frames=61 nested=1
2026-09-19 21:46:22.391 performance profile engine operation=pivot_query avg_ms=0.026005 max_call_ms=0.003400 calls_per_frame=93.00 window_ms=1000 frames=61 nested=1
2026-09-19 21:46:22.391 collision profile window_ms=1000 frames=61 avg_ms body_collection=0.025128 body_solve=0.019864 body_position=0.012852 body_refine=0.001774 body_velocity=0.004164 addon_prepare_query=0.000000 addon_coherent_solve=0.000000 addon_visible_solve=0.000000 room_sphere=0.000000 room_sweep=0.000000 room_single=0.000000
2026-09-19 21:46:22.391 collision profile window_ms=1000 frames=61 max_call_ms body_collection=0.030200 body_solve=0.039300 body_position=0.032100 body_refine=0.001300 body_velocity=0.006400 addon_prepare_query=0.000000 addon_coherent_solve=0.000000 addon_visible_solve=0.000000 room_sphere=0.000000 room_sweep=0.000000 room_single=0.000000
2026-09-19 21:46:22.391 collision profile window_ms=1000 frames=61 calls body_collection=156 body_solve=156 body_position=156 body_refine=156 body_velocity=156 addon_prepare_query=0 addon_coherent_solve=0 addon_visible_solve=0 room_sphere=0 room_sweep=0 room_single=0
2026-09-19 21:46:22.392 collision profile window_ms=1000 frames=61 counts body_contacts=46 body_passes=233 body_jacobians=169 body_predictions=1943 addon_contacts=0 addon_passes=0 addon_gradients=0 room_nodes=0 room_triangles=0
2026-09-19 21:46:22.395 PoseEdit file handoff dispatch exec="File_New_DoubleClicked" poseedit=327c08a0 editpose=69240360
2026-09-19 21:46:22.395 PoseEdit file handoff fade-wait exec="File_New_DoubleClicked" note="retain outgoing physics until the native fade readiness gate"
2026-09-19 21:46:22.398 PoseEdit file handoff end exec="File_New_DoubleClicked" result=0x00000000 editpose=69240360 pending_reset=1 note="physics waits for the native pending-reset flag to clear before binding the resulting pose"
2026-09-19 21:46:22.559 PoseEdit file handoff paired-output-restored system=breasts person=2 translation=(-0.074558,0.000153,0.000422;0.074550,-0.000019,-0.000459) note="removed simulation offsets before releasing the old pose"
2026-09-19 21:46:22.559 PoseEdit file handoff paired-output-restored system=butt person=2 translation=(-0.047842,-0.038221,0.077886;-0.047842,-0.038221,-0.078000) note="removed simulation offsets before releasing the old pose"
2026-09-19 21:46:22.559 PoseEdit file handoff begin exec="native-fade-ready" editpose=69240360 note="returned current tracks to TK17 before native pose replacement; discarded old snapshots"
2026-09-19 21:46:22.578 PoseEdit file handoff begin exec="native-reset" editpose=69240360 note="returned current tracks to TK17 before native pose replacement; discarded old snapshots"
2026-09-19 21:46:22.579 PoseEdit file handoff rotation-trace phase=native-reset-before person=1 joint=1 track=692430d4 target=347db4a0 member=0x02fff04a keys=73254170 count=0 keys_read=0 first_frame=0 first=(0.000000,0.000000,0.000000) last_frame=0 last=(0.000000,0.000000,0.000000) output_raw=41bb8ac0 output_offset=0x6c output_read=1 output=(0.000000,0.000000,0.000000)
2026-09-19 21:46:22.579 PoseEdit file handoff rotation-trace phase=native-reset-before person=1 joint=2 track=69243944 target=4908d080 member=0x01fff04e keys=73254170 count=0 keys_read=0 first_frame=0 first=(0.000000,0.000000,0.000000) last_frame=0 last=(0.000000,0.000000,0.000000) output_raw=41bb7440 output_offset=0x6c output_read=1 output=(0.000000,0.000000,0.000000)
2026-09-19 21:46:22.579 PoseEdit file handoff rotation-trace phase=native-reset-before person=1 joint=3 track=69243994 target=4908cf40 member=0x01fff04e keys=73254170 count=0 keys_read=0 first_frame=0 first=(0.000000,0.000000,0.000000) last_frame=0 last=(0.000000,0.000000,0.000000) output_raw=41bb7b40 output_offset=0x6c output_read=1 output=(0.000000,0.000000,0.000000)
2026-09-19 21:46:22.579 PoseEdit file handoff rotation-trace phase=native-reset-before person=2 joint=1 track=69255054 target=4a42d480 member=0x02fff04a keys=673de760 count=1 keys_read=1 first_frame=0 first=(0.000000,0.000000,-47.500000) last_frame=0 last=(0.000000,0.000000,-47.500000) output_raw=4a3bc200 output_offset=0x6c output_read=1 output=(0.000000,0.000000,-47.500000)
2026-09-19 21:46:22.580 PoseEdit file handoff rotation-trace phase=native-reset-before person=2 joint=2 track=692558c4 target=4b976360 member=0x01fff04e keys=673df5e0 count=1 keys_read=1 first_frame=0 first=(0.000000,0.000000,0.000000) last_frame=0 last=(0.000000,0.000000,0.000000) output_raw=4a3bdcc0 output_offset=0x6c output_read=1 output=(0.000000,0.000000,-17.160000)
2026-09-19 21:46:22.580 PoseEdit file handoff rotation-trace phase=native-reset-before person=2 joint=3 track=69255914 target=4b976640 member=0x01fff04e keys=673dfbe0 count=1 keys_read=1 first_frame=0 first=(0.000000,0.000000,0.000000) last_frame=0 last=(0.000000,0.000000,0.000000) output_raw=4a3beac0 output_offset=0x6c output_read=1 output=(0.000000,0.000000,-6.988000)
2026-09-19 21:46:22.580 PoseEdit file handoff rotation-trace phase=native-reset-before person=3 joint=1 track=69266fd4 target=4f3330a0 member=0x02fff04a keys=73254170 count=0 keys_read=0 first_frame=0 first=(0.000000,0.000000,0.000000) last_frame=0 last=(0.000000,0.000000,0.000000) output_raw=4a3bd180 output_offset=0x6c output_read=1 output=(0.000000,0.000000,0.000000)
2026-09-19 21:46:22.580 PoseEdit file handoff rotation-trace phase=native-reset-before person=3 joint=2 track=69267844 target=52e5ad60 member=0x01fff04e keys=73254170 count=0 keys_read=0 first_frame=0 first=(0.000000,0.000000,0.000000) last_frame=0 last=(0.000000,0.000000,0.000000) output_raw=5023d900 output_offset=0x6c output_read=1 output=(0.000000,0.000000,0.000000)
2026-09-19 21:46:22.580 PoseEdit file handoff rotation-trace phase=native-reset-before person=3 joint=3 track=69267894 target=52e5c9c0 member=0x01fff04e keys=73254170 count=0 keys_read=0 first_frame=0 first=(0.000000,0.000000,0.000000) last_frame=0 last=(0.000000,0.000000,0.000000) output_raw=5023eb40 output_offset=0x6c output_read=1 output=(0.000000,0.000000,0.000000)
2026-09-19 21:46:22.617 PoseEdit file handoff rotation-trace phase=native-reset-after person=1 joint=1 track=692430d4 target=347db4a0 member=0x02fff04a keys=73254170 count=0 keys_read=0 first_frame=0 first=(0.000000,0.000000,0.000000) last_frame=0 last=(0.000000,0.000000,0.000000) output_raw=41bb8ac0 output_offset=0x6c output_read=1 output=(0.000000,0.000000,0.000000)
2026-09-19 21:46:22.617 PoseEdit file handoff rotation-trace phase=native-reset-after person=1 joint=2 track=69243944 target=4908d080 member=0x01fff04e keys=73254170 count=0 keys_read=0 first_frame=0 first=(0.000000,0.000000,0.000000) last_frame=0 last=(0.000000,0.000000,0.000000) output_raw=41bb7440 output_offset=0x6c output_read=1 output=(0.000000,0.000000,0.000000)
2026-09-19 21:46:22.617 PoseEdit file handoff rotation-trace phase=native-reset-after person=1 joint=3 track=69243994 target=4908cf40 member=0x01fff04e keys=73254170 count=0 keys_read=0 first_frame=0 first=(0.000000,0.000000,0.000000) last_frame=0 last=(0.000000,0.000000,0.000000) output_raw=41bb7b40 output_offset=0x6c output_read=1 output=(0.000000,0.000000,0.000000)
2026-09-19 21:46:22.617 PoseEdit file handoff rotation-trace phase=native-reset-after person=2 joint=1 track=69255054 target=4a42d480 member=0x02fff04a keys=67f60720 count=1 keys_read=1 first_frame=0 first=(0.000000,0.000000,-47.500000) last_frame=0 last=(0.000000,0.000000,-47.500000) output_raw=4a3bc200 output_offset=0x6c output_read=1 output=(0.000000,0.000000,-47.500000)
2026-09-19 21:46:22.617 PoseEdit file handoff rotation-trace phase=native-reset-after person=2 joint=2 track=692558c4 target=4b976360 member=0x01fff04e keys=67f220a0 count=1 keys_read=1 first_frame=0 first=(0.000000,0.000000,0.000000) last_frame=0 last=(0.000000,0.000000,0.000000) output_raw=4a3bdcc0 output_offset=0x6c output_read=1 output=(0.000000,0.000000,-17.160000)
2026-09-19 21:46:22.618 PoseEdit file handoff rotation-trace phase=native-reset-after person=2 joint=3 track=69255914 target=4b976640 member=0x01fff04e keys=67f21b20 count=1 keys_read=1 first_frame=0 first=(0.000000,0.000000,0.000000) last_frame=0 last=(0.000000,0.000000,0.000000) output_raw=4a3beac0 output_offset=0x6c output_read=1 output=(0.000000,0.000000,-6.988000)
2026-09-19 21:46:22.618 PoseEdit file handoff rotation-trace phase=native-reset-after person=3 joint=1 track=69266fd4 target=4f3330a0 member=0x02fff04a keys=73254170 count=0 keys_read=0 first_frame=0 first=(0.000000,0.000000,0.000000) last_frame=0 last=(0.000000,0.000000,0.000000) output_raw=4a3bd180 output_offset=0x6c output_read=1 output=(0.000000,0.000000,0.000000)
2026-09-19 21:46:22.618 PoseEdit file handoff rotation-trace phase=native-reset-after person=3 joint=2 track=69267844 target=52e5ad60 member=0x01fff04e keys=73254170 count=0 keys_read=0 first_frame=0 first=(0.000000,0.000000,0.000000) last_frame=0 last=(0.000000,0.000000,0.000000) output_raw=5023d900 output_offset=0x6c output_read=1 output=(0.000000,0.000000,0.000000)
2026-09-19 21:46:22.619 PoseEdit file handoff rotation-trace phase=native-reset-after person=3 joint=3 track=69267894 target=52e5c9c0 member=0x01fff04e keys=73254170 count=0 keys_read=0 first_frame=0 first=(0.000000,0.000000,0.000000) last_frame=0 last=(0.000000,0.000000,0.000000) output_raw=5023eb40 output_offset=0x6c output_read=1 output=(0.000000,0.000000,0.000000)
2026-09-19 21:46:22.621 PoseEdit file handoff end exec="native-reset" result=0x00000000 editpose=69240360 pending_reset=1 note="physics waits for the native pending-reset flag to clear before binding the resulting pose"
2026-09-19 21:46:22.651 PoseEdit file handoff smooth-restart person=2 note="seeded from the incoming pose after native reset; no previous pose motion retained"
2026-09-19 21:46:23.028 performance profile body-update person=Person02 system=penis update_rate_hz=-1 published_hz=66.8 sample_ms=5000
2026-09-19 21:46:23.029 performance profile body-update person=Person02 system=testicles update_rate_hz=-1 published_hz=65.6 sample_ms=5000
2026-09-19 21:46:23.392 performance profile window_ms=1000 frames=61 avg_ms total=2.026 housekeeping=0.365 bindings=0.391 diagnostics=0.003 colliders=0.191 axes=0.064 penis=0.463 penis_ownership=0.165 penis_gravity=0.006 penis_collision=0.005 penis_setup=0.152 penis_orientation=0.001 penis_translation=0.003 penis_solver=0.026 testicles=0.050 testicle_active=0.049 breasts=0.212 breasts_active=0.207 butt=0.073 butt_active=0.073 addons=0.204 addon_activation=0.082 addon_drive=0.076 addon_guard=0.001 addon_parent_pivot=0.000 addon_parent_translation=0.002 addon_parent_rotation=0.002 addon_gravity=0.001 addon_rotation_binding=0.000 addon_validation=0.069 addon_solver=0.044 addon_output=0.042 addon_cache=0.010 late=0.018 late_testicles=0.012 late_breasts=0.004 late_butt=0.001 traverse=0.000 addon_collision_body=0.000 addon_collision_self=0.000 addon_collision_addons=0.000 max_ms total=27.076 colliders=0.422 addons=0.780 calls late=76 traverse=0 body_collision=0 self_collision=0 addons_collision=0
2026-09-19 21:46:23.392 performance profile engine operation=symbols avg_ms=0.000000 max_call_ms=0.000000 calls_per_frame=0.00 window_ms=1000 frames=61 nested=1
2026-09-19 21:46:23.393 performance profile engine operation=find_object avg_ms=0.486246 max_call_ms=0.020200 calls_per_frame=1948.38 window_ms=1000 frames=61 nested=1
2026-09-19 21:46:23.393 performance profile engine operation=script_find avg_ms=0.000000 max_call_ms=0.000000 calls_per_frame=0.00 window_ms=1000 frames=61 nested=1
2026-09-19 21:46:23.393 performance profile engine operation=axis_lookup avg_ms=0.612841 max_call_ms=2.067700 calls_per_frame=46.02 window_ms=1000 frames=61 nested=1
2026-09-19 21:46:23.393 performance profile engine operation=pivot_query avg_ms=0.022933 max_call_ms=0.011700 calls_per_frame=92.74 window_ms=1000 frames=61 nested=1
2026-09-19 21:46:23.393 collision profile window_ms=1000 frames=61 avg_ms body_collection=0.004770 body_solve=0.000448 body_position=0.000007 body_refine=0.000262 body_velocity=0.000010 addon_prepare_query=0.000000 addon_coherent_solve=0.000000 addon_visible_solve=0.000000 room_sphere=0.000000 room_sweep=0.000000 room_single=0.000000
2026-09-19 21:46:23.393 collision profile window_ms=1000 frames=61 max_call_ms body_collection=0.047100 body_solve=0.002400 body_position=0.000100 body_refine=0.001200 body_velocity=0.000100 addon_prepare_query=0.000000 addon_coherent_solve=0.000000 addon_visible_solve=0.000000 room_sphere=0.000000 room_sweep=0.000000 room_single=0.000000
2026-09-19 21:46:23.394 collision profile window_ms=1000 frames=61 calls body_collection=129 body_solve=22 body_position=22 body_refine=22 body_velocity=22 addon_prepare_query=0 addon_coherent_solve=0 addon_visible_solve=0 room_sphere=0 room_sweep=0 room_single=0
2026-09-19 21:46:23.394 collision profile window_ms=1000 frames=61 counts body_contacts=0 body_passes=22 body_jacobians=0 body_predictions=66 addon_contacts=0 addon_passes=0 addon_gradients=0 room_nodes=0 room_triangles=0
2026-09-19 21:46:24.298 performance profile body-update person=Person02 system=breasts update_rate_hz=-1 published_hz=71.4 sample_ms=5000
2026-09-19 21:46:24.299 performance profile body-update person=Person02 system=butt update_rate_hz=-1 published_hz=71.4 sample_ms=5000
2026-09-19 21:46:24.395 performance profile window_ms=1000 frames=78 avg_ms total=1.504 housekeeping=0.029 bindings=0.305 diagnostics=0.003 colliders=0.193 axes=0.051 penis=0.297 penis_ownership=0.008 penis_gravity=0.006 penis_collision=0.019 penis_setup=0.011 penis_orientation=0.001 penis_translation=0.003 penis_solver=0.026 testicles=0.050 testicle_active=0.050 breasts=0.257 breasts_active=0.252 butt=0.078 butt_active=0.077 addons=0.231 addon_activation=0.106 addon_drive=0.079 addon_guard=0.000 addon_parent_pivot=0.000 addon_parent_translation=0.002 addon_parent_rotation=0.002 addon_gravity=0.001 addon_rotation_binding=0.000 addon_validation=0.072 addon_solver=0.044 addon_output=0.042 addon_cache=0.010 late=0.007 late_testicles=0.003 late_breasts=0.003 late_butt=0.000 traverse=0.000 addon_collision_body=0.000 addon_collision_self=0.000 addon_collision_addons=0.000 max_ms total=23.461 colliders=0.432 addons=2.036 calls late=78 traverse=0 body_collision=0 self_collision=0 addons_collision=0
2026-09-19 21:46:24.395 performance profile engine operation=symbols avg_ms=0.000000 max_call_ms=0.000000 calls_per_frame=0.00 window_ms=1000 frames=78 nested=1
2026-09-19 21:46:24.395 performance profile engine operation=find_object avg_ms=0.460662 max_call_ms=0.038000 calls_per_frame=1876.65 window_ms=1000 frames=78 nested=1
2026-09-19 21:46:24.395 performance profile engine operation=script_find avg_ms=0.000000 max_call_ms=0.000000 calls_per_frame=0.00 window_ms=1000 frames=78 nested=1
2026-09-19 21:46:24.396 performance profile engine operation=axis_lookup avg_ms=0.583295 max_call_ms=2.044200 calls_per_frame=42.62 window_ms=1000 frames=78 nested=1
2026-09-19 21:46:24.396 performance profile engine operation=pivot_query avg_ms=0.023250 max_call_ms=0.008400 calls_per_frame=93.00 window_ms=1000 frames=78 nested=1
2026-09-19 21:46:24.396 collision profile window_ms=1000 frames=78 avg_ms body_collection=0.020590 body_solve=0.002771 body_position=0.000071 body_refine=0.001644 body_velocity=0.000095 addon_prepare_query=0.000000 addon_coherent_solve=0.000000 addon_visible_solve=0.000000 room_sphere=0.000000 room_sweep=0.000000 room_single=0.000000
2026-09-19 21:46:24.396 collision profile window_ms=1000 frames=78 max_call_ms body_collection=0.031500 body_solve=0.002800 body_position=0.000100 body_refine=0.001200 body_velocity=0.000400 addon_prepare_query=0.000000 addon_coherent_solve=0.000000 addon_visible_solve=0.000000 room_sphere=0.000000 room_sweep=0.000000 room_single=0.000000
2026-09-19 21:46:24.396 collision profile window_ms=1000 frames=78 calls body_collection=176 body_solve=176 body_position=176 body_refine=176 body_velocity=176 addon_prepare_query=0 addon_coherent_solve=0 addon_visible_solve=0 room_sphere=0 room_sweep=0 room_single=0
2026-09-19 21:46:24.396 collision profile window_ms=1000 frames=78 counts body_contacts=0 body_passes=176 body_jacobians=0 body_predictions=528 addon_contacts=0 addon_passes=0 addon_gradients=0 room_nodes=0 room_triangles=0
2026-09-19 21:46:25.394 performance profile window_ms=1000 frames=78 avg_ms total=1.475 housekeeping=0.032 bindings=0.292 diagnostics=0.003 colliders=0.189 axes=0.049 penis=0.300 penis_ownership=0.007 penis_gravity=0.005 penis_collision=0.019 penis_setup=0.011 penis_orientation=0.001 penis_translation=0.003 penis_solver=0.026 testicles=0.050 testicle_active=0.049 breasts=0.244 breasts_active=0.240 butt=0.074 butt_active=0.073 addons=0.233 addon_activation=0.106 addon_drive=0.080 addon_guard=0.000 addon_parent_pivot=0.000 addon_parent_translation=0.003 addon_parent_rotation=0.001 addon_gravity=0.001 addon_rotation_binding=0.000 addon_validation=0.072 addon_solver=0.044 addon_output=0.042 addon_cache=0.009 late=0.007 late_testicles=0.003 late_breasts=0.003 late_butt=0.000 traverse=0.000 addon_collision_body=0.000 addon_collision_self=0.000 addon_collision_addons=0.000 max_ms total=22.728 colliders=0.412 addons=2.028 calls late=78 traverse=0 body_collision=0 self_collision=0 addons_collision=0
2026-09-19 21:46:25.394 performance profile engine operation=symbols avg_ms=0.000000 max_call_ms=0.000000 calls_per_frame=0.00 window_ms=1000 frames=78 nested=1
2026-09-19 21:46:25.395 performance profile engine operation=find_object avg_ms=0.463013 max_call_ms=0.047900 calls_per_frame=1876.58 window_ms=1000 frames=78 nested=1
2026-09-19 21:46:25.395 performance profile engine operation=script_find avg_ms=0.000000 max_call_ms=0.000000 calls_per_frame=0.00 window_ms=1000 frames=78 nested=1
2026-09-19 21:46:25.395 performance profile engine operation=axis_lookup avg_ms=0.584755 max_call_ms=2.121800 calls_per_frame=42.54 window_ms=1000 frames=78 nested=1
2026-09-19 21:46:25.395 performance profile engine operation=pivot_query avg_ms=0.022588 max_call_ms=0.006300 calls_per_frame=93.00 window_ms=1000 frames=78 nested=1
2026-09-19 21:46:25.396 collision profile window_ms=1000 frames=78 avg_ms body_collection=0.020615 body_solve=0.002796 body_position=0.000062 body_refine=0.001606 body_velocity=0.000077 addon_prepare_query=0.000000 addon_coherent_solve=0.000000 addon_visible_solve=0.000000 room_sphere=0.000000 room_sweep=0.000000 room_single=0.000000
2026-09-19 21:46:25.396 collision profile window_ms=1000 frames=78 max_call_ms body_collection=0.042800 body_solve=0.005200 body_position=0.000300 body_refine=0.001400 body_velocity=0.000100 addon_prepare_query=0.000000 addon_coherent_solve=0.000000 addon_visible_solve=0.000000 room_sphere=0.000000 room_sweep=0.000000 room_single=0.000000
2026-09-19 21:46:25.396 collision profile window_ms=1000 frames=78 calls body_collection=170 body_solve=170 body_position=170 body_refine=170 body_velocity=170 addon_prepare_query=0 addon_coherent_solve=0 addon_visible_solve=0 room_sphere=0 room_sweep=0 room_single=0
2026-09-19 21:46:25.396 collision profile window_ms=1000 frames=78 counts body_contacts=0 body_passes=170 body_jacobians=0 body_predictions=510 addon_contacts=0 addon_passes=0 addon_gradients=0 room_nodes=0 room_triangles=0
2026-09-19 21:46:26.390 performance profile window_ms=1000 frames=77 avg_ms total=1.502 housekeeping=0.029 bindings=0.312 diagnostics=0.003 colliders=0.195 axes=0.050 penis=0.297 penis_ownership=0.008 penis_gravity=0.006 penis_collision=0.019 penis_setup=0.011 penis_orientation=0.001 penis_translation=0.003 penis_solver=0.026 testicles=0.049 testicle_active=0.049 breasts=0.248 breasts_active=0.244 butt=0.072 butt_active=0.072 addons=0.237 addon_activation=0.110 addon_drive=0.080 addon_guard=0.001 addon_parent_pivot=0.000 addon_parent_translation=0.002 addon_parent_rotation=0.002 addon_gravity=0.001 addon_rotation_binding=0.000 addon_validation=0.074 addon_solver=0.045 addon_output=0.043 addon_cache=0.010 late=0.007 late_testicles=0.003 late_breasts=0.003 late_butt=0.000 traverse=0.000 addon_collision_body=0.000 addon_collision_self=0.000 addon_collision_addons=0.000 max_ms total=24.087 colliders=0.415 addons=2.075 calls late=77 traverse=0 body_collision=0 self_collision=0 addons_collision=0
2026-09-19 21:46:26.390 performance profile engine operation=symbols avg_ms=0.000000 max_call_ms=0.000000 calls_per_frame=0.00 window_ms=1000 frames=77 nested=1
2026-09-19 21:46:26.390 performance profile engine operation=find_object avg_ms=0.464110 max_call_ms=0.066200 calls_per_frame=1900.43 window_ms=1000 frames=77 nested=1
2026-09-19 21:46:26.390 performance profile engine operation=script_find avg_ms=0.000000 max_call_ms=0.000000 calls_per_frame=0.00 window_ms=1000 frames=77 nested=1
2026-09-19 21:46:26.390 performance profile engine operation=axis_lookup avg_ms=0.586340 max_call_ms=2.007300 calls_per_frame=42.65 window_ms=1000 frames=77 nested=1
2026-09-19 21:46:26.391 performance profile engine operation=pivot_query avg_ms=0.023448 max_call_ms=0.005600 calls_per_frame=93.00 window_ms=1000 frames=77 nested=1
2026-09-19 21:46:26.391 collision profile window_ms=1000 frames=77 avg_ms body_collection=0.020173 body_solve=0.002683 body_position=0.000074 body_refine=0.001591 body_velocity=0.000078 addon_prepare_query=0.000000 addon_coherent_solve=0.000000 addon_visible_solve=0.000000 room_sphere=0.000000 room_sweep=0.000000 room_single=0.000000
2026-09-19 21:46:26.391 collision profile window_ms=1000 frames=77 max_call_ms body_collection=0.030600 body_solve=0.002500 body_position=0.000100 body_refine=0.001200 body_velocity=0.000100 addon_prepare_query=0.000000 addon_coherent_solve=0.000000 addon_visible_solve=0.000000 room_sphere=0.000000 room_sweep=0.000000 room_single=0.000000
2026-09-19 21:46:26.391 collision profile window_ms=1000 frames=77 calls body_collection=166 body_solve=166 body_position=166 body_refine=166 body_velocity=166 addon_prepare_query=0 addon_coherent_solve=0 addon_visible_solve=0 room_sphere=0 room_sweep=0 room_single=0
2026-09-19 21:46:26.391 collision profile window_ms=1000 frames=77 counts body_contacts=0 body_passes=166 body_jacobians=0 body_predictions=498 addon_contacts=0 addon_passes=0 addon_gradients=0 room_nodes=0 room_triangles=0
2026-09-19 21:46:27.393 performance profile window_ms=1000 frames=74 avg_ms total=1.595 housekeeping=0.036 bindings=0.318 diagnostics=0.003 colliders=0.191 axes=0.109 penis=0.288 penis_ownership=0.007 penis_gravity=0.005 penis_collision=0.020 penis_setup=0.011 penis_orientation=0.001 penis_translation=0.005 penis_solver=0.027 testicles=0.050 testicle_active=0.050 breasts=0.267 breasts_active=0.262 butt=0.076 butt_active=0.076 addons=0.247 addon_activation=0.113 addon_drive=0.086 addon_guard=0.001 addon_parent_pivot=0.000 addon_parent_translation=0.002 addon_parent_rotation=0.002 addon_gravity=0.001 addon_rotation_binding=0.000 addon_validation=0.079 addon_solver=0.046 addon_output=0.043 addon_cache=0.009 late=0.007 late_testicles=0.003 late_breasts=0.003 late_butt=0.000 traverse=0.000 addon_collision_body=0.000 addon_collision_self=0.000 addon_collision_addons=0.000 max_ms total=23.437 colliders=0.391 addons=2.166 calls late=74 traverse=0 body_collision=0 self_collision=0 addons_collision=0
2026-09-19 21:46:27.393 performance profile engine operation=symbols avg_ms=0.000000 max_call_ms=0.000000 calls_per_frame=0.00 window_ms=1000 frames=74 nested=1
2026-09-19 21:46:27.393 performance profile engine operation=find_object avg_ms=0.513988 max_call_ms=0.086500 calls_per_frame=2067.34 window_ms=1000 frames=74 nested=1
2026-09-19 21:46:27.394 performance profile engine operation=script_find avg_ms=0.000000 max_call_ms=0.000000 calls_per_frame=0.00 window_ms=1000 frames=74 nested=1
2026-09-19 21:46:27.394 performance profile engine operation=axis_lookup avg_ms=0.652438 max_call_ms=2.366800 calls_per_frame=42.76 window_ms=1000 frames=74 nested=1
2026-09-19 21:46:27.394 performance profile engine operation=pivot_query avg_ms=0.022826 max_call_ms=0.006400 calls_per_frame=93.00 window_ms=1000 frames=74 nested=1
2026-09-19 21:46:27.394 collision profile window_ms=1000 frames=74 avg_ms body_collection=0.021247 body_solve=0.003368 body_position=0.000335 body_refine=0.001712 body_velocity=0.000300 addon_prepare_query=0.000000 addon_coherent_solve=0.000000 addon_visible_solve=0.000000 room_sphere=0.000000 room_sweep=0.000000 room_single=0.000000
2026-09-19 21:46:27.394 collision profile window_ms=1000 frames=74 max_call_ms body_collection=0.029200 body_solve=0.037500 body_position=0.020800 body_refine=0.001300 body_velocity=0.015100 addon_prepare_query=0.000000 addon_coherent_solve=0.000000 addon_visible_solve=0.000000 room_sphere=0.000000 room_sweep=0.000000 room_single=0.000000
2026-09-19 21:46:27.394 collision profile window_ms=1000 frames=74 calls body_collection=174 body_solve=174 body_position=174 body_refine=174 body_velocity=174 addon_prepare_query=0 addon_coherent_solve=0 addon_visible_solve=0 room_sphere=0 room_sweep=0 room_single=0
2026-09-19 21:46:27.395 collision profile window_ms=1000 frames=74 counts body_contacts=2 body_passes=176 body_jacobians=5 body_predictions=569 addon_contacts=0 addon_passes=0 addon_gradients=0 room_nodes=0 room_triangles=0
2026-09-19 21:46:28.022 performance profile body-update person=Person02 system=penis update_rate_hz=-1 published_hz=77.0 sample_ms=5000
2026-09-19 21:46:28.022 performance profile body-update person=Person02 system=testicles update_rate_hz=-1 published_hz=77.0 sample_ms=5000
2026-09-19 21:46:28.389 performance profile window_ms=1000 frames=75 avg_ms total=1.508 housekeeping=0.030 bindings=0.319 diagnostics=0.003 colliders=0.195 axes=0.001 penis=0.318 penis_ownership=0.008 penis_gravity=0.006 penis_collision=0.020 penis_setup=0.011 penis_orientation=0.001 penis_translation=0.003 penis_solver=0.027 testicles=0.055 testicle_active=0.054 breasts=0.256 breasts_active=0.251 butt=0.077 butt_active=0.077 addons=0.244 addon_activation=0.113 addon_drive=0.079 addon_guard=0.001 addon_parent_pivot=0.000 addon_parent_translation=0.002 addon_parent_rotation=0.002 addon_gravity=0.001 addon_rotation_binding=0.000 addon_validation=0.073 addon_solver=0.049 addon_output=0.047 addon_cache=0.010 late=0.007 late_testicles=0.003 late_breasts=0.003 late_butt=0.000 traverse=0.000 addon_collision_body=0.000 addon_collision_self=0.000 addon_collision_addons=0.000 max_ms total=23.889 colliders=0.407 addons=2.060 calls late=75 traverse=0 body_collision=0 self_collision=0 addons_collision=0
2026-09-19 21:46:28.389 performance profile engine operation=symbols avg_ms=0.000000 max_call_ms=0.000000 calls_per_frame=0.00 window_ms=1000 frames=75 nested=1
2026-09-19 21:46:28.389 performance profile engine operation=find_object avg_ms=0.444820 max_call_ms=0.117400 calls_per_frame=1768.79 window_ms=1000 frames=75 nested=1
2026-09-19 21:46:28.389 performance profile engine operation=script_find avg_ms=0.000000 max_call_ms=0.000000 calls_per_frame=0.00 window_ms=1000 frames=75 nested=1
2026-09-19 21:46:28.390 performance profile engine operation=axis_lookup avg_ms=0.560024 max_call_ms=2.149200 calls_per_frame=42.64 window_ms=1000 frames=75 nested=1
2026-09-19 21:46:28.390 performance profile engine operation=pivot_query avg_ms=0.023689 max_call_ms=0.006200 calls_per_frame=93.00 window_ms=1000 frames=75 nested=1
2026-09-19 21:46:28.390 collision profile window_ms=1000 frames=75 avg_ms body_collection=0.021464 body_solve=0.002856 body_position=0.000067 body_refine=0.001652 body_velocity=0.000076 addon_prepare_query=0.000000 addon_coherent_solve=0.000000 addon_visible_solve=0.000000 room_sphere=0.000000 room_sweep=0.000000 room_single=0.000000
2026-09-19 21:46:28.390 collision profile window_ms=1000 frames=75 max_call_ms body_collection=0.033900 body_solve=0.002500 body_position=0.000100 body_refine=0.001200 body_velocity=0.000100 addon_prepare_query=0.000000 addon_coherent_solve=0.000000 addon_visible_solve=0.000000 room_sphere=0.000000 room_sweep=0.000000 room_single=0.000000
2026-09-19 21:46:28.390 collision profile window_ms=1000 frames=75 calls body_collection=168 body_solve=168 body_position=168 body_refine=168 body_velocity=168 addon_prepare_query=0 addon_coherent_solve=0 addon_visible_solve=0 room_sphere=0 room_sweep=0 room_single=0
2026-09-19 21:46:28.390 collision profile window_ms=1000 frames=75 counts body_contacts=0 body_passes=168 body_jacobians=0 body_predictions=504 addon_contacts=0 addon_passes=0 addon_gradients=0 room_nodes=0 room_triangles=0
2026-09-19 21:46:29.293 performance profile body-update person=Person02 system=breasts update_rate_hz=-1 published_hz=74.6 sample_ms=5000
2026-09-19 21:46:29.293 performance profile body-update person=Person02 system=butt update_rate_hz=-1 published_hz=74.6 sample_ms=5000
2026-09-19 21:46:29.394 performance profile window_ms=1000 frames=69 avg_ms total=1.873 housekeeping=0.125 bindings=0.345 diagnostics=0.004 colliders=0.220 axes=0.113 penis=0.345 penis_ownership=0.008 penis_gravity=0.006 penis_collision=0.022 penis_setup=0.013 penis_orientation=0.001 penis_translation=0.004 penis_solver=0.029 testicles=0.054 testicle_active=0.054 breasts=0.290 breasts_active=0.285 butt=0.085 butt_active=0.085 addons=0.281 addon_activation=0.125 addon_drive=0.099 addon_guard=0.001 addon_parent_pivot=0.000 addon_parent_translation=0.002 addon_parent_rotation=0.002 addon_gravity=0.002 addon_rotation_binding=0.000 addon_validation=0.091 addon_solver=0.054 addon_output=0.052 addon_cache=0.009 late=0.007 late_testicles=0.003 late_breasts=0.004 late_butt=0.001 traverse=0.000 addon_collision_body=0.000 addon_collision_self=0.000 addon_collision_addons=0.000 max_ms total=23.663 colliders=0.472 addons=2.136 calls late=69 traverse=0 body_collision=0 self_collision=0 addons_collision=0
2026-09-19 21:46:29.394 performance profile engine operation=symbols avg_ms=0.000000 max_call_ms=0.000000 calls_per_frame=0.00 window_ms=1000 frames=69 nested=1
2026-09-19 21:46:29.395 performance profile engine operation=find_object avg_ms=0.576643 max_call_ms=0.083500 calls_per_frame=2312.39 window_ms=1000 frames=69 nested=1
2026-09-19 21:46:29.395 performance profile engine operation=script_find avg_ms=0.000000 max_call_ms=0.000000 calls_per_frame=0.00 window_ms=1000 frames=69 nested=1
2026-09-19 21:46:29.395 performance profile engine operation=axis_lookup avg_ms=0.730736 max_call_ms=2.090300 calls_per_frame=42.96 window_ms=1000 frames=69 nested=1
2026-09-19 21:46:29.395 performance profile engine operation=pivot_query avg_ms=0.028106 max_call_ms=0.007800 calls_per_frame=93.00 window_ms=1000 frames=69 nested=1
2026-09-19 21:46:29.395 collision profile window_ms=1000 frames=69 avg_ms body_collection=0.023859 body_solve=0.003157 body_position=0.000077 body_refine=0.001823 body_velocity=0.000078 addon_prepare_query=0.000000 addon_coherent_solve=0.000000 addon_visible_solve=0.000000 room_sphere=0.000000 room_sweep=0.000000 room_single=0.000000
2026-09-19 21:46:29.396 collision profile window_ms=1000 frames=69 max_call_ms body_collection=0.040300 body_solve=0.003400 body_position=0.000100 body_refine=0.001300 body_velocity=0.000100 addon_prepare_query=0.000000 addon_coherent_solve=0.000000 addon_visible_solve=0.000000 room_sphere=0.000000 room_sweep=0.000000 room_single=0.000000
2026-09-19 21:46:29.396 collision profile window_ms=1000 frames=69 calls body_collection=168 body_solve=168 body_position=168 body_refine=168 body_velocity=168 addon_prepare_query=0 addon_coherent_solve=0 addon_visible_solve=0 room_sphere=0 room_sweep=0 room_single=0
2026-09-19 21:46:29.396 collision profile window_ms=1000 frames=69 counts body_contacts=0 body_passes=168 body_jacobians=0 body_predictions=504 addon_contacts=0 addon_passes=0 addon_gradients=0 room_nodes=0 room_triangles=0
2026-09-19 21:46:30.395 performance profile window_ms=1000 frames=70 avg_ms total=1.719 housekeeping=0.144 bindings=0.336 diagnostics=0.003 colliders=0.204 axes=0.001 penis=0.331 penis_ownership=0.008 penis_gravity=0.006 penis_collision=0.021 penis_setup=0.012 penis_orientation=0.001 penis_translation=0.004 penis_solver=0.029 testicles=0.053 testicle_active=0.053 breasts=0.280 breasts_active=0.275 butt=0.083 butt_active=0.083 addons=0.272 addon_activation=0.121 addon_drive=0.095 addon_guard=0.001 addon_parent_pivot=0.000 addon_parent_translation=0.002 addon_parent_rotation=0.002 addon_gravity=0.002 addon_rotation_binding=0.000 addon_validation=0.088 addon_solver=0.052 addon_output=0.050 addon_cache=0.010 late=0.007 late_testicles=0.003 late_breasts=0.003 late_butt=0.000 traverse=0.000 addon_collision_body=0.000 addon_collision_self=0.000 addon_collision_addons=0.000 max_ms total=23.529 colliders=0.402 addons=2.078 calls late=70 traverse=0 body_collision=0 self_collision=0 addons_collision=0
2026-09-19 21:46:30.396 performance profile engine operation=symbols avg_ms=0.000000 max_call_ms=0.000000 calls_per_frame=0.00 window_ms=1000 frames=70 nested=1
2026-09-19 21:46:30.396 performance profile engine operation=find_object avg_ms=0.482040 max_call_ms=0.093600 calls_per_frame=1891.84 window_ms=1000 frames=70 nested=1
2026-09-19 21:46:30.396 performance profile engine operation=script_find avg_ms=0.000000 max_call_ms=0.000000 calls_per_frame=0.00 window_ms=1000 frames=70 nested=1
2026-09-19 21:46:30.396 performance profile engine operation=axis_lookup avg_ms=0.605870 max_call_ms=2.249400 calls_per_frame=42.83 window_ms=1000 frames=70 nested=1
2026-09-19 21:46:30.396 performance profile engine operation=pivot_query avg_ms=0.025870 max_call_ms=0.004400 calls_per_frame=93.00 window_ms=1000 frames=70 nested=1
2026-09-19 21:46:30.396 collision profile window_ms=1000 frames=70 avg_ms body_collection=0.022910 body_solve=0.003037 body_position=0.000091 body_refine=0.001761 body_velocity=0.000090 addon_prepare_query=0.000000 addon_coherent_solve=0.000000 addon_visible_solve=0.000000 room_sphere=0.000000 room_sweep=0.000000 room_single=0.000000
2026-09-19 21:46:30.396 collision profile window_ms=1000 frames=70 max_call_ms body_collection=0.029800 body_solve=0.003700 body_position=0.000100 body_refine=0.001300 body_velocity=0.000400 addon_prepare_query=0.000000 addon_coherent_solve=0.000000 addon_visible_solve=0.000000 room_sphere=0.000000 room_sweep=0.000000 room_single=0.000000
2026-09-19 21:46:30.396 collision profile window_ms=1000 frames=70 calls body_collection=168 body_solve=168 body_position=168 body_refine=168 body_velocity=168 addon_prepare_query=0 addon_coherent_solve=0 addon_visible_solve=0 room_sphere=0 room_sweep=0 room_single=0
2026-09-19 21:46:30.398 collision profile window_ms=1000 frames=70 counts body_contacts=0 body_passes=168 body_jacobians=0 body_predictions=504 addon_contacts=0 addon_passes=0 addon_gradients=0 room_nodes=0 room_triangles=0
2026-09-19 21:46:31.397 performance profile window_ms=1000 frames=71 avg_ms total=1.693 housekeeping=0.034 bindings=0.329 diagnostics=0.003 colliders=0.212 axes=0.110 penis=0.329 penis_ownership=0.008 penis_gravity=0.006 penis_collision=0.021 penis_setup=0.012 penis_orientation=0.001 penis_translation=0.004 penis_solver=0.028 testicles=0.054 testicle_active=0.053 breasts=0.274 breasts_active=0.268 butt=0.080 butt_active=0.080 addons=0.258 addon_activation=0.117 addon_drive=0.090 addon_guard=0.001 addon_parent_pivot=0.000 addon_parent_translation=0.002 addon_parent_rotation=0.002 addon_gravity=0.001 addon_rotation_binding=0.000 addon_validation=0.084 addon_solver=0.049 addon_output=0.047 addon_cache=0.009 late=0.007 late_testicles=0.003 late_breasts=0.004 late_butt=0.000 traverse=0.000 addon_collision_body=0.000 addon_collision_self=0.000 addon_collision_addons=0.000 max_ms total=23.262 colliders=0.461 addons=2.097 calls late=71 traverse=0 body_collision=0 self_collision=0 addons_collision=0
2026-09-19 21:46:31.397 performance profile engine operation=symbols avg_ms=0.000000 max_call_ms=0.000000 calls_per_frame=0.00 window_ms=1000 frames=71 nested=1
2026-09-19 21:46:31.397 performance profile engine operation=find_object avg_ms=0.555045 max_call_ms=0.056600 calls_per_frame=2248.27 window_ms=1000 frames=71 nested=1
2026-09-19 21:46:31.398 performance profile engine operation=script_find avg_ms=0.000000 max_call_ms=0.000000 calls_per_frame=0.00 window_ms=1000 frames=71 nested=1
2026-09-19 21:46:31.398 performance profile engine operation=axis_lookup avg_ms=0.703486 max_call_ms=2.053800 calls_per_frame=42.82 window_ms=1000 frames=71 nested=1
2026-09-19 21:46:31.398 performance profile engine operation=pivot_query avg_ms=0.026145 max_call_ms=0.007800 calls_per_frame=93.00 window_ms=1000 frames=71 nested=1
2026-09-19 21:46:31.398 collision profile window_ms=1000 frames=71 avg_ms body_collection=0.022454 body_solve=0.002899 body_position=0.000075 body_refine=0.001672 body_velocity=0.000075 addon_prepare_query=0.000000 addon_coherent_solve=0.000000 addon_visible_solve=0.000000 room_sphere=0.000000 room_sweep=0.000000 room_single=0.000000
2026-09-19 21:46:31.399 collision profile window_ms=1000 frames=71 max_call_ms body_collection=0.031400 body_solve=0.003000 body_position=0.000100 body_refine=0.001400 body_velocity=0.000100 addon_prepare_query=0.000000 addon_coherent_solve=0.000000 addon_visible_solve=0.000000 room_sphere=0.000000 room_sweep=0.000000 room_single=0.000000
2026-09-19 21:46:31.399 collision profile window_ms=1000 frames=71 calls body_collection=162 body_solve=162 body_position=162 body_refine=162 body_velocity=162 addon_prepare_query=0 addon_coherent_solve=0 addon_visible_solve=0 room_sphere=0 room_sweep=0 room_single=0
2026-09-19 21:46:31.399 collision profile window_ms=1000 frames=71 counts body_contacts=0 body_passes=162 body_jacobians=0 body_predictions=486 addon_contacts=0 addon_passes=0 addon_gradients=0 room_nodes=0 room_triangles=0
2026-09-19 21:46:32.395 performance profile window_ms=1000 frames=74 avg_ms total=1.569 housekeeping=0.034 bindings=0.322 diagnostics=0.003 colliders=0.220 axes=0.002 penis=0.320 penis_ownership=0.008 penis_gravity=0.007 penis_collision=0.023 penis_setup=0.012 penis_orientation=0.001 penis_translation=0.004 penis_solver=0.028 testicles=0.056 testicle_active=0.055 breasts=0.267 breasts_active=0.261 butt=0.084 butt_active=0.083 addons=0.251 addon_activation=0.116 addon_drive=0.084 addon_guard=0.001 addon_parent_pivot=0.000 addon_parent_translation=0.002 addon_parent_rotation=0.002 addon_gravity=0.002 addon_rotation_binding=0.000 addon_validation=0.077 addon_solver=0.048 addon_output=0.046 addon_cache=0.010 late=0.007 late_testicles=0.003 late_breasts=0.004 late_butt=0.000 traverse=0.000 addon_collision_body=0.000 addon_collision_self=0.000 addon_collision_addons=0.000 max_ms total=23.470 colliders=0.421 addons=2.132 calls late=74 traverse=0 body_collision=0 self_collision=0 addons_collision=0
2026-09-19 21:46:32.395 performance profile engine operation=symbols avg_ms=0.000000 max_call_ms=0.000000 calls_per_frame=0.00 window_ms=1000 frames=74 nested=1
2026-09-19 21:46:32.395 performance profile engine operation=find_object avg_ms=0.458943 max_call_ms=0.068800 calls_per_frame=1792.09 window_ms=1000 frames=74 nested=1
2026-09-19 21:46:32.395 performance profile engine operation=script_find avg_ms=0.000000 max_call_ms=0.000000 calls_per_frame=0.00 window_ms=1000 frames=74 nested=1
2026-09-19 21:46:32.396 performance profile engine operation=axis_lookup avg_ms=0.577224 max_call_ms=2.014600 calls_per_frame=42.70 window_ms=1000 frames=74 nested=1
2026-09-19 21:46:32.396 performance profile engine operation=pivot_query avg_ms=0.028481 max_call_ms=0.012400 calls_per_frame=93.00 window_ms=1000 frames=74 nested=1
2026-09-19 21:46:32.396 collision profile window_ms=1000 frames=74 avg_ms body_collection=0.024270 body_solve=0.002974 body_position=0.000073 body_refine=0.001681 body_velocity=0.000080 addon_prepare_query=0.000000 addon_coherent_solve=0.000000 addon_visible_solve=0.000000 room_sphere=0.000000 room_sweep=0.000000 room_single=0.000000
2026-09-19 21:46:32.396 collision profile window_ms=1000 frames=74 max_call_ms body_collection=0.045100 body_solve=0.004000 body_position=0.000200 body_refine=0.001600 body_velocity=0.000100 addon_prepare_query=0.000000 addon_coherent_solve=0.000000 addon_visible_solve=0.000000 room_sphere=0.000000 room_sweep=0.000000 room_single=0.000000
2026-09-19 21:46:32.396 collision profile window_ms=1000 frames=74 calls body_collection=168 body_solve=168 body_position=168 body_refine=168 body_velocity=168 addon_prepare_query=0 addon_coherent_solve=0 addon_visible_solve=0 room_sphere=0 room_sweep=0 room_single=0
2026-09-19 21:46:32.396 collision profile window_ms=1000 frames=74 counts body_contacts=0 body_passes=168 body_jacobians=0 body_predictions=504 addon_contacts=0 addon_passes=0 addon_gradients=0 room_nodes=0 room_triangles=0
2026-09-19 21:46:32.491 PoseEdit file handoff rotation-trace phase=off-before-evaluation person=2 joint=1 track=69255054 target=4a42d480 member=0x02fff04a keys=67f60720 count=1 keys_read=1 first_frame=0 first=(0.000000,0.000000,-47.500000) last_frame=0 last=(0.000000,0.000000,-47.500000) output_raw=4a3bc200 output_offset=0x6c output_read=1 output=(0.000000,0.000000,-47.500000)
2026-09-19 21:46:32.491 PoseEdit file handoff rotation-trace phase=off-before-evaluation person=2 joint=2 track=692558c4 target=4b976360 member=0x01fff04e keys=67f220a0 count=1 keys_read=1 first_frame=0 first=(0.000000,0.000000,0.000000) last_frame=0 last=(0.000000,0.000000,0.000000) output_raw=4a3bdcc0 output_offset=0x6c output_read=1 output=(0.000000,0.000000,-17.160000)
2026-09-19 21:46:32.491 PoseEdit file handoff rotation-trace phase=off-before-evaluation person=2 joint=3 track=69255914 target=4b976640 member=0x01fff04e keys=67f21b20 count=1 keys_read=1 first_frame=0 first=(0.000000,0.000000,0.000000) last_frame=0 last=(0.000000,0.000000,0.000000) output_raw=4a3beac0 output_offset=0x6c output_read=1 output=(0.000000,0.000000,-6.988000)
2026-09-19 21:46:32.492 PoseEdit file handoff rotation-trace phase=off-after-evaluation person=2 joint=1 track=69255054 target=4a42d480 member=0x02fff04a keys=67f60720 count=1 keys_read=1 first_frame=0 first=(0.000000,0.000000,-47.500000) last_frame=0 last=(0.000000,0.000000,-47.500000) output_raw=4a3bc200 output_offset=0x6c output_read=1 output=(0.000000,0.000000,-47.500000)
2026-09-19 21:46:32.492 PoseEdit file handoff rotation-trace phase=off-after-evaluation person=2 joint=2 track=692558c4 target=4b976360 member=0x01fff04e keys=67f220a0 count=1 keys_read=1 first_frame=0 first=(0.000000,0.000000,0.000000) last_frame=0 last=(0.000000,0.000000,0.000000) output_raw=4a3bdcc0 output_offset=0x6c output_read=1 output=(0.000000,0.000000,-17.160000)
2026-09-19 21:46:32.492 PoseEdit file handoff rotation-trace phase=off-after-evaluation person=2 joint=3 track=69255914 target=4b976640 member=0x01fff04e keys=67f21b20 count=1 keys_read=1 first_frame=0 first=(0.000000,0.000000,0.000000) last_frame=0 last=(0.000000,0.000000,0.000000) output_raw=4a3beac0 output_offset=0x6c output_read=1 output=(0.000000,0.000000,-6.988000)
2026-09-19 21:46:33.030 performance profile body-update person=Person02 system=testicles update_rate_hz=-1 published_hz=71.0 sample_ms=5000
2026-09-19 21:46:33.401 performance profile window_ms=1000 frames=73 avg_ms total=1.582 housekeeping=0.029 bindings=0.318 diagnostics=0.003 colliders=0.199 axes=0.082 penis=0.250 penis_ownership=0.001 penis_gravity=0.000 penis_collision=0.001 penis_setup=0.001 penis_orientation=0.000 penis_translation=0.000 penis_solver=0.002 testicles=0.073 testicle_active=0.073 breasts=0.261 breasts_active=0.257 butt=0.074 butt_active=0.074 addons=0.250 addon_activation=0.115 addon_drive=0.084 addon_guard=0.001 addon_parent_pivot=0.000 addon_parent_translation=0.002 addon_parent_rotation=0.002 addon_gravity=0.001 addon_rotation_binding=0.000 addon_validation=0.077 addon_solver=0.049 addon_output=0.047 addon_cache=0.010 late=0.007 late_testicles=0.003 late_breasts=0.003 late_butt=0.000 traverse=0.000 addon_collision_body=0.000 addon_collision_self=0.000 addon_collision_addons=0.000 max_ms total=22.699 colliders=0.431 addons=2.097 calls late=73 traverse=0 body_collision=0 self_collision=0 addons_collision=0
2026-09-19 21:46:33.402 performance profile engine operation=symbols avg_ms=0.000000 max_call_ms=0.000000 calls_per_frame=0.00 window_ms=1000 frames=73 nested=1
2026-09-19 21:46:33.402 performance profile engine operation=find_object avg_ms=0.516570 max_call_ms=0.038500 calls_per_frame=2095.11 window_ms=1000 frames=73 nested=1
2026-09-19 21:46:33.402 performance profile engine operation=script_find avg_ms=0.000000 max_call_ms=0.000000 calls_per_frame=0.00 window_ms=1000 frames=73 nested=1
2026-09-19 21:46:33.402 performance profile engine operation=axis_lookup avg_ms=0.643174 max_call_ms=2.064300 calls_per_frame=41.01 window_ms=1000 frames=73 nested=1
2026-09-19 21:46:33.402 performance profile engine operation=pivot_query avg_ms=0.023438 max_call_ms=0.005300 calls_per_frame=91.11 window_ms=1000 frames=73 nested=1
2026-09-19 21:46:33.403 collision profile window_ms=1000 frames=73 avg_ms body_collection=0.008405 body_solve=0.001597 body_position=0.000029 body_refine=0.000804 body_velocity=0.000052 addon_prepare_query=0.000000 addon_coherent_solve=0.000000 addon_visible_solve=0.000000 room_sphere=0.000000 room_sweep=0.000000 room_single=0.000000
2026-09-19 21:46:33.403 collision profile window_ms=1000 frames=73 max_call_ms body_collection=0.015700 body_solve=0.002200 body_position=0.000100 body_refine=0.001200 body_velocity=0.000100 addon_prepare_query=0.000000 addon_coherent_solve=0.000000 addon_visible_solve=0.000000 room_sphere=0.000000 room_sweep=0.000000 room_single=0.000000
2026-09-19 21:46:33.403 collision profile window_ms=1000 frames=73 calls body_collection=89 body_solve=89 body_position=89 body_refine=89 body_velocity=89 addon_prepare_query=0 addon_coherent_solve=0 addon_visible_solve=0 room_sphere=0 room_sweep=0 room_single=0
2026-09-19 21:46:33.403 collision profile window_ms=1000 frames=73 counts body_contacts=0 body_passes=89 body_jacobians=0 body_predictions=190 addon_contacts=0 addon_passes=0 addon_gradients=0 room_nodes=0 room_triangles=0
2026-09-19 21:46:34.271 incoming collision-strength breasts=1.000 butt=1.000 penis=1.000 testicle=1.000
2026-09-19 21:46:34.296 performance profile body-update person=Person02 system=breasts update_rate_hz=-1 published_hz=71.8 sample_ms=5000
2026-09-19 21:46:34.299 performance profile body-update person=Person02 system=butt update_rate_hz=-1 published_hz=71.8 sample_ms=5000
2026-09-19 21:46:34.394 performance profile window_ms=1000 frames=70 avg_ms total=2.813 housekeeping=1.258 bindings=0.329 diagnostics=0.003 colliders=0.195 axes=0.111 penis=0.229 penis_ownership=0.000 penis_gravity=0.000 penis_collision=0.000 penis_setup=0.000 penis_orientation=0.000 penis_translation=0.000 penis_solver=0.000 testicles=0.068 testicle_active=0.067 breasts=0.279 breasts_active=0.275 butt=0.079 butt_active=0.078 addons=0.252 addon_activation=0.112 addon_drive=0.093 addon_guard=0.000 addon_parent_pivot=0.000 addon_parent_translation=0.002 addon_parent_rotation=0.002 addon_gravity=0.001 addon_rotation_binding=0.000 addon_validation=0.087 addon_solver=0.045 addon_output=0.043 addon_cache=0.010 late=0.007 late_testicles=0.003 late_breasts=0.004 late_butt=0.000 traverse=0.000 addon_collision_body=0.000 addon_collision_self=0.000 addon_collision_addons=0.000 max_ms total=93.445 colliders=0.455 addons=2.200 calls late=70 traverse=0 body_collision=0 self_collision=0 addons_collision=0
2026-09-19 21:46:34.394 performance profile engine operation=symbols avg_ms=0.000000 max_call_ms=0.000000 calls_per_frame=0.00 window_ms=1000 frames=70 nested=1
2026-09-19 21:46:34.394 performance profile engine operation=find_object avg_ms=0.533163 max_call_ms=0.086500 calls_per_frame=2182.64 window_ms=1000 frames=70 nested=1
2026-09-19 21:46:34.394 performance profile engine operation=script_find avg_ms=0.000000 max_call_ms=0.000000 calls_per_frame=0.00 window_ms=1000 frames=70 nested=1
2026-09-19 21:46:34.395 performance profile engine operation=axis_lookup avg_ms=0.668264 max_call_ms=2.105500 calls_per_frame=40.71 window_ms=1000 frames=70 nested=1
2026-09-19 21:46:34.395 performance profile engine operation=pivot_query avg_ms=0.023174 max_call_ms=0.006500 calls_per_frame=91.00 window_ms=1000 frames=70 nested=1
2026-09-19 21:46:34.395 collision profile window_ms=1000 frames=70 avg_ms body_collection=0.007487 body_solve=0.001520 body_position=0.000030 body_refine=0.000734 body_velocity=0.000047 addon_prepare_query=0.000000 addon_coherent_solve=0.000000 addon_visible_solve=0.000000 room_sphere=0.000000 room_sweep=0.000000 room_single=0.000000
2026-09-19 21:46:34.395 collision profile window_ms=1000 frames=70 max_call_ms body_collection=0.021300 body_solve=0.002200 body_position=0.000100 body_refine=0.001200 body_velocity=0.000100 addon_prepare_query=0.000000 addon_coherent_solve=0.000000 addon_visible_solve=0.000000 room_sphere=0.000000 room_sweep=0.000000 room_single=0.000000
2026-09-19 21:46:34.395 collision profile window_ms=1000 frames=70 calls body_collection=82 body_solve=82 body_position=82 body_refine=82 body_velocity=82 addon_prepare_query=0 addon_coherent_solve=0 addon_visible_solve=0 room_sphere=0 room_sweep=0 room_single=0
2026-09-19 21:46:34.395 collision profile window_ms=1000 frames=70 counts body_contacts=0 body_passes=82 body_jacobians=0 body_predictions=164 addon_contacts=0 addon_passes=0 addon_gradients=0 room_nodes=0 room_triangles=0
2026-09-19 21:46:35.395 performance profile window_ms=1000 frames=76 avg_ms total=1.423 housekeeping=0.030 bindings=0.304 diagnostics=0.003 colliders=0.199 axes=0.001 penis=0.238 penis_ownership=0.000 penis_gravity=0.000 penis_collision=0.000 penis_setup=0.000 penis_orientation=0.000 penis_translation=0.000 penis_solver=0.000 testicles=0.067 testicle_active=0.066 breasts=0.254 breasts_active=0.249 butt=0.076 butt_active=0.076 addons=0.241 addon_activation=0.110 addon_drive=0.083 addon_guard=0.001 addon_parent_pivot=0.000 addon_parent_translation=0.002 addon_parent_rotation=0.002 addon_gravity=0.001 addon_rotation_binding=0.000 addon_validation=0.077 addon_solver=0.044 addon_output=0.042 addon_cache=0.010 late=0.007 late_testicles=0.003 late_breasts=0.003 late_butt=0.000 traverse=0.000 addon_collision_body=0.000 addon_collision_self=0.000 addon_collision_addons=0.000 max_ms total=22.579 colliders=0.458 addons=2.033 calls late=76 traverse=0 body_collision=0 self_collision=0 addons_collision=0
2026-09-19 21:46:35.395 performance profile engine operation=symbols avg_ms=0.000000 max_call_ms=0.000000 calls_per_frame=0.00 window_ms=1000 frames=76 nested=1
2026-09-19 21:46:35.395 performance profile engine operation=find_object avg_ms=0.444129 max_call_ms=0.038800 calls_per_frame=1746.24 window_ms=1000 frames=76 nested=1
2026-09-19 21:46:35.395 performance profile engine operation=script_find avg_ms=0.000000 max_call_ms=0.000000 calls_per_frame=0.00 window_ms=1000 frames=76 nested=1
2026-09-19 21:46:35.395 performance profile engine operation=axis_lookup avg_ms=0.545954 max_call_ms=2.031800 calls_per_frame=40.63 window_ms=1000 frames=76 nested=1
2026-09-19 21:46:35.396 performance profile engine operation=pivot_query avg_ms=0.023917 max_call_ms=0.004700 calls_per_frame=91.00 window_ms=1000 frames=76 nested=1
2026-09-19 21:46:35.396 collision profile window_ms=1000 frames=76 avg_ms body_collection=0.007443 body_solve=0.001446 body_position=0.000029 body_refine=0.000700 body_velocity=0.000037 addon_prepare_query=0.000000 addon_coherent_solve=0.000000 addon_visible_solve=0.000000 room_sphere=0.000000 room_sweep=0.000000 room_single=0.000000
2026-09-19 21:46:35.396 collision profile window_ms=1000 frames=76 max_call_ms body_collection=0.019900 body_solve=0.002300 body_position=0.000100 body_refine=0.000800 body_velocity=0.000100 addon_prepare_query=0.000000 addon_coherent_solve=0.000000 addon_visible_solve=0.000000 room_sphere=0.000000 room_sweep=0.000000 room_single=0.000000
2026-09-19 21:46:35.396 collision profile window_ms=1000 frames=76 calls body_collection=83 body_solve=83 body_position=83 body_refine=83 body_velocity=83 addon_prepare_query=0 addon_coherent_solve=0 addon_visible_solve=0 room_sphere=0 room_sweep=0 room_single=0
2026-09-19 21:46:35.396 collision profile window_ms=1000 frames=76 counts body_contacts=0 body_passes=83 body_jacobians=0 body_predictions=166 addon_contacts=0 addon_passes=0 addon_gradients=0 room_nodes=0 room_triangles=0
2026-09-19 21:46:36.400 performance profile window_ms=1000 frames=80 avg_ms total=1.449 housekeeping=0.026 bindings=0.283 diagnostics=0.003 colliders=0.194 axes=0.096 penis=0.221 penis_ownership=0.000 penis_gravity=0.000 penis_collision=0.000 penis_setup=0.000 penis_orientation=0.000 penis_translation=0.000 penis_solver=0.000 testicles=0.068 testicle_active=0.068 breasts=0.239 breasts_active=0.234 butt=0.076 butt_active=0.076 addons=0.232 addon_activation=0.103 addon_drive=0.083 addon_guard=0.000 addon_parent_pivot=0.000 addon_parent_translation=0.002 addon_parent_rotation=0.002 addon_gravity=0.001 addon_rotation_binding=0.000 addon_validation=0.077 addon_solver=0.043 addon_output=0.041 addon_cache=0.010 late=0.007 late_testicles=0.003 late_breasts=0.003 late_butt=0.000 traverse=0.000 addon_collision_body=0.000 addon_collision_self=0.000 addon_collision_addons=0.000 max_ms total=22.220 colliders=0.388 addons=2.009 calls late=80 traverse=0 body_collision=0 self_collision=0 addons_collision=0
2026-09-19 21:46:36.400 performance profile engine operation=symbols avg_ms=0.000000 max_call_ms=0.000000 calls_per_frame=0.00 window_ms=1000 frames=80 nested=1
2026-09-19 21:46:36.400 performance profile engine operation=find_object avg_ms=0.489438 max_call_ms=0.040800 calls_per_frame=2000.59 window_ms=1000 frames=80 nested=1
2026-09-19 21:46:36.400 performance profile engine operation=script_find avg_ms=0.000000 max_call_ms=0.000000 calls_per_frame=0.00 window_ms=1000 frames=80 nested=1
2026-09-19 21:46:36.400 performance profile engine operation=axis_lookup avg_ms=0.606958 max_call_ms=1.976300 calls_per_frame=40.55 window_ms=1000 frames=80 nested=1
2026-09-19 21:46:36.401 performance profile engine operation=pivot_query avg_ms=0.022203 max_call_ms=0.005000 calls_per_frame=91.00 window_ms=1000 frames=80 nested=1
2026-09-19 21:46:36.401 collision profile window_ms=1000 frames=80 avg_ms body_collection=0.007758 body_solve=0.001509 body_position=0.000030 body_refine=0.000710 body_velocity=0.000056 addon_prepare_query=0.000000 addon_coherent_solve=0.000000 addon_visible_solve=0.000000 room_sphere=0.000000 room_sweep=0.000000 room_single=0.000000
2026-09-19 21:46:36.401 collision profile window_ms=1000 frames=80 max_call_ms body_collection=0.019400 body_solve=0.002800 body_position=0.000100 body_refine=0.001100 body_velocity=0.000100 addon_prepare_query=0.000000 addon_coherent_solve=0.000000 addon_visible_solve=0.000000 room_sphere=0.000000 room_sweep=0.000000 room_single=0.000000
2026-09-19 21:46:36.401 collision profile window_ms=1000 frames=80 calls body_collection=90 body_solve=90 body_position=90 body_refine=90 body_velocity=90 addon_prepare_query=0 addon_coherent_solve=0 addon_visible_solve=0 room_sphere=0 room_sweep=0 room_single=0
2026-09-19 21:46:36.401 collision profile window_ms=1000 frames=80 counts body_contacts=0 body_passes=90 body_jacobians=0 body_predictions=180 addon_contacts=0 addon_passes=0 addon_gradients=0 room_nodes=0 room_triangles=0
2026-09-19 21:46:37.391 performance profile window_ms=1000 frames=79 avg_ms total=1.354 housekeeping=0.027 bindings=0.304 diagnostics=0.003 colliders=0.201 axes=0.001 penis=0.224 penis_ownership=0.000 penis_gravity=0.000 penis_collision=0.000 penis_setup=0.000 penis_orientation=0.000 penis_translation=0.000 penis_solver=0.000 testicles=0.066 testicle_active=0.065 breasts=0.244 breasts_active=0.240 butt=0.074 butt_active=0.073 addons=0.200 addon_activation=0.082 addon_drive=0.076 addon_guard=0.000 addon_parent_pivot=0.000 addon_parent_translation=0.002 addon_parent_rotation=0.002 addon_gravity=0.001 addon_rotation_binding=0.000 addon_validation=0.070 addon_solver=0.040 addon_output=0.038 addon_cache=0.010 late=0.007 late_testicles=0.003 late_breasts=0.003 late_butt=0.000 traverse=0.000 addon_collision_body=0.000 addon_collision_self=0.000 addon_collision_addons=0.000 max_ms total=23.626 colliders=0.511 addons=0.824 calls late=79 traverse=0 body_collision=0 self_collision=0 addons_collision=0
2026-09-19 21:46:37.391 performance profile engine operation=symbols avg_ms=0.000000 max_call_ms=0.000000 calls_per_frame=0.00 window_ms=1000 frames=79 nested=1
2026-09-19 21:46:37.391 performance profile engine operation=find_object avg_ms=0.410830 max_call_ms=0.122500 calls_per_frame=1595.63 window_ms=1000 frames=79 nested=1
2026-09-19 21:46:37.391 performance profile engine operation=script_find avg_ms=0.000000 max_call_ms=0.000000 calls_per_frame=0.00 window_ms=1000 frames=79 nested=1
2026-09-19 21:46:37.391 performance profile engine operation=axis_lookup avg_ms=0.500209 max_call_ms=2.013200 calls_per_frame=40.51 window_ms=1000 frames=79 nested=1
2026-09-19 21:46:37.392 performance profile engine operation=pivot_query avg_ms=0.022786 max_call_ms=0.004400 calls_per_frame=91.00 window_ms=1000 frames=79 nested=1
2026-09-19 21:46:37.392 collision profile window_ms=1000 frames=79 avg_ms body_collection=0.006981 body_solve=0.001437 body_position=0.000039 body_refine=0.000681 body_velocity=0.000048 addon_prepare_query=0.000000 addon_coherent_solve=0.000000 addon_visible_solve=0.000000 room_sphere=0.000000 room_sweep=0.000000 room_single=0.000000
2026-09-19 21:46:37.392 collision profile window_ms=1000 frames=79 max_call_ms body_collection=0.021400 body_solve=0.002500 body_position=0.000100 body_refine=0.000900 body_velocity=0.000100 addon_prepare_query=0.000000 addon_coherent_solve=0.000000 addon_visible_solve=0.000000 room_sphere=0.000000 room_sweep=0.000000 room_single=0.000000
2026-09-19 21:46:37.392 collision profile window_ms=1000 frames=79 calls body_collection=85 body_solve=85 body_position=85 body_refine=85 body_velocity=85 addon_prepare_query=0 addon_coherent_solve=0 addon_visible_solve=0 room_sphere=0 room_sweep=0 room_single=0
2026-09-19 21:46:37.392 collision profile window_ms=1000 frames=79 counts body_contacts=0 body_passes=85 body_jacobians=0 body_predictions=170 addon_contacts=0 addon_passes=0 addon_gradients=0 room_nodes=0 room_triangles=0
2026-09-19 21:46:37.777 incoming collision-strength breasts=1.000 butt=1.000 penis=1.000 testicle=1.000
2026-09-19 21:46:37.793 performance profile body-update person=Person02 system=penis update_rate_hz=-1 published_hz=32.3 sample_ms=9765
2026-09-19 21:46:38.025 performance profile body-update person=Person02 system=testicles update_rate_hz=-1 published_hz=75.2 sample_ms=5000
2026-09-19 21:46:38.396 performance profile window_ms=1000 frames=71 avg_ms total=2.987 housekeeping=1.238 bindings=0.326 diagnostics=0.003 colliders=0.191 axes=0.110 penis=0.406 penis_ownership=0.118 penis_gravity=0.004 penis_collision=0.000 penis_setup=0.108 penis_orientation=0.001 penis_translation=0.003 penis_solver=0.018 testicles=0.121 testicle_active=0.121 breasts=0.269 breasts_active=0.264 butt=0.075 butt_active=0.075 addons=0.237 addon_activation=0.108 addon_drive=0.084 addon_guard=0.000 addon_parent_pivot=0.000 addon_parent_translation=0.002 addon_parent_rotation=0.002 addon_gravity=0.001 addon_rotation_binding=0.000 addon_validation=0.078 addon_solver=0.042 addon_output=0.040 addon_cache=0.009 late=0.007 late_testicles=0.003 late_breasts=0.003 late_butt=0.000 traverse=0.000 addon_collision_body=0.000 addon_collision_self=0.000 addon_collision_addons=0.000 max_ms total=90.965 colliders=0.422 addons=2.029 calls late=71 traverse=0 body_collision=0 self_collision=0 addons_collision=0
2026-09-19 21:46:38.396 performance profile engine operation=symbols avg_ms=0.000000 max_call_ms=0.000000 calls_per_frame=0.00 window_ms=1000 frames=71 nested=1
2026-09-19 21:46:38.396 performance profile engine operation=find_object avg_ms=0.543356 max_call_ms=0.035200 calls_per_frame=2251.20 window_ms=1000 frames=71 nested=1
2026-09-19 21:46:38.398 performance profile engine operation=script_find avg_ms=0.000000 max_call_ms=0.000000 calls_per_frame=0.00 window_ms=1000 frames=71 nested=1
2026-09-19 21:46:38.398 performance profile engine operation=axis_lookup avg_ms=0.686232 max_call_ms=2.043800 calls_per_frame=42.27 window_ms=1000 frames=71 nested=1
2026-09-19 21:46:38.398 performance profile engine operation=pivot_query avg_ms=0.022608 max_call_ms=0.007300 calls_per_frame=92.34 window_ms=1000 frames=71 nested=1
2026-09-19 21:46:38.398 collision profile window_ms=1000 frames=71 avg_ms body_collection=0.009527 body_solve=0.054206 body_position=0.035776 body_refine=0.015363 body_velocity=0.002342 addon_prepare_query=0.000000 addon_coherent_solve=0.000000 addon_visible_solve=0.000000 room_sphere=0.000000 room_sweep=0.000000 room_single=0.000000
2026-09-19 21:46:38.399 collision profile window_ms=1000 frames=71 max_call_ms body_collection=0.027400 body_solve=0.440600 body_position=0.289200 body_refine=0.134500 body_velocity=0.016000 addon_prepare_query=0.000000 addon_coherent_solve=0.000000 addon_visible_solve=0.000000 room_sphere=0.000000 room_sweep=0.000000 room_single=0.000000
2026-09-19 21:46:38.399 collision profile window_ms=1000 frames=71 calls body_collection=84 body_solve=84 body_position=84 body_refine=84 body_velocity=84 addon_prepare_query=0 addon_coherent_solve=0 addon_visible_solve=0 room_sphere=0 room_sweep=0 room_single=0
2026-09-19 21:46:38.399 collision profile window_ms=1000 frames=71 counts body_contacts=52 body_passes=285 body_jacobians=1083 body_predictions=7713 addon_contacts=0 addon_passes=0 addon_gradients=0 room_nodes=0 room_triangles=0
2026-09-19 21:46:39.291 performance profile body-update person=Person02 system=breasts update_rate_hz=-1 published_hz=76.6 sample_ms=5000
2026-09-19 21:46:39.291 performance profile body-update person=Person02 system=butt update_rate_hz=-1 published_hz=76.6 sample_ms=5000
2026-09-19 21:46:39.395 performance profile window_ms=1000 frames=78 avg_ms total=1.443 housekeeping=0.027 bindings=0.289 diagnostics=0.003 colliders=0.199 axes=0.001 penis=0.299 penis_ownership=0.022 penis_gravity=0.006 penis_collision=0.004 penis_setup=0.025 penis_orientation=0.001 penis_translation=0.003 penis_solver=0.026 testicles=0.055 testicle_active=0.055 breasts=0.252 breasts_active=0.248 butt=0.076 butt_active=0.076 addons=0.232 addon_activation=0.108 addon_drive=0.077 addon_guard=0.000 addon_parent_pivot=0.000 addon_parent_translation=0.002 addon_parent_rotation=0.002 addon_gravity=0.001 addon_rotation_binding=0.000 addon_validation=0.071 addon_solver=0.044 addon_output=0.043 addon_cache=0.009 late=0.007 late_testicles=0.003 late_breasts=0.003 late_butt=0.000 traverse=0.000 addon_collision_body=0.000 addon_collision_self=0.000 addon_collision_addons=0.000 max_ms total=22.291 colliders=0.422 addons=2.032 calls late=78 traverse=0 body_collision=0 self_collision=0 addons_collision=0
2026-09-19 21:46:39.395 performance profile engine operation=symbols avg_ms=0.000000 max_call_ms=0.000000 calls_per_frame=0.00 window_ms=1000 frames=78 nested=1
2026-09-19 21:46:39.396 performance profile engine operation=find_object avg_ms=0.424473 max_call_ms=0.057700 calls_per_frame=1702.86 window_ms=1000 frames=78 nested=1
2026-09-19 21:46:39.396 performance profile engine operation=script_find avg_ms=0.000000 max_call_ms=0.000000 calls_per_frame=0.00 window_ms=1000 frames=78 nested=1
2026-09-19 21:46:39.396 performance profile engine operation=axis_lookup avg_ms=0.534627 max_call_ms=2.052400 calls_per_frame=42.59 window_ms=1000 frames=78 nested=1
2026-09-19 21:46:39.396 performance profile engine operation=pivot_query avg_ms=0.025912 max_call_ms=0.066200 calls_per_frame=93.00 window_ms=1000 frames=78 nested=1
2026-09-19 21:46:39.396 collision profile window_ms=1000 frames=78 avg_ms body_collection=0.011272 body_solve=0.001712 body_position=0.000041 body_refine=0.000885 body_velocity=0.000045 addon_prepare_query=0.000000 addon_coherent_solve=0.000000 addon_visible_solve=0.000000 room_sphere=0.000000 room_sweep=0.000000 room_single=0.000000
2026-09-19 21:46:39.397 collision profile window_ms=1000 frames=78 max_call_ms body_collection=0.023800 body_solve=0.002100 body_position=0.000100 body_refine=0.001100 body_velocity=0.000100 addon_prepare_query=0.000000 addon_coherent_solve=0.000000 addon_visible_solve=0.000000 room_sphere=0.000000 room_sweep=0.000000 room_single=0.000000
2026-09-19 21:46:39.397 collision profile window_ms=1000 frames=78 calls body_collection=103 body_solve=103 body_position=103 body_refine=103 body_velocity=103 addon_prepare_query=0 addon_coherent_solve=0 addon_visible_solve=0 room_sphere=0 room_sweep=0 room_single=0
2026-09-19 21:46:39.397 collision profile window_ms=1000 frames=78 counts body_contacts=0 body_passes=103 body_jacobians=0 body_predictions=309 addon_contacts=0 addon_passes=0 addon_gradients=0 room_nodes=0 room_triangles=0
2026-09-19 21:46:40.391 performance profile window_ms=1000 frames=74 avg_ms total=1.547 housekeeping=0.028 bindings=0.320 diagnostics=0.003 colliders=0.195 axes=0.102 penis=0.285 penis_ownership=0.008 penis_gravity=0.006 penis_collision=0.020 penis_setup=0.012 penis_orientation=0.001 penis_translation=0.003 penis_solver=0.027 testicles=0.050 testicle_active=0.050 breasts=0.258 breasts_active=0.253 butt=0.075 butt_active=0.075 addons=0.221 addon_activation=0.088 addon_drive=0.082 addon_guard=0.001 addon_parent_pivot=0.000 addon_parent_translation=0.002 addon_parent_rotation=0.002 addon_gravity=0.002 addon_rotation_binding=0.000 addon_validation=0.075 addon_solver=0.048 addon_output=0.046 addon_cache=0.010 late=0.007 late_testicles=0.003 late_breasts=0.003 late_butt=0.000 traverse=0.000 addon_collision_body=0.000 addon_collision_self=0.000 addon_collision_addons=0.000 max_ms total=23.520 colliders=0.408 addons=0.799 calls late=74 traverse=0 body_collision=0 self_collision=0 addons_collision=0
2026-09-19 21:46:40.391 performance profile engine operation=symbols avg_ms=0.000000 max_call_ms=0.000000 calls_per_frame=0.00 window_ms=1000 frames=74 nested=1
2026-09-19 21:46:40.392 performance profile engine operation=find_object avg_ms=0.481268 max_call_ms=0.066800 calls_per_frame=1975.61 window_ms=1000 frames=74 nested=1
2026-09-19 21:46:40.392 performance profile engine operation=script_find avg_ms=0.000000 max_call_ms=0.000000 calls_per_frame=0.00 window_ms=1000 frames=74 nested=1
2026-09-19 21:46:40.392 performance profile engine operation=axis_lookup avg_ms=0.608609 max_call_ms=1.975800 calls_per_frame=42.76 window_ms=1000 frames=74 nested=1
2026-09-19 21:46:40.392 performance profile engine operation=pivot_query avg_ms=0.023346 max_call_ms=0.005500 calls_per_frame=93.00 window_ms=1000 frames=74 nested=1
2026-09-19 21:46:40.392 collision profile window_ms=1000 frames=74 avg_ms body_collection=0.021164 body_solve=0.002872 body_position=0.000077 body_refine=0.001685 body_velocity=0.000084 addon_prepare_query=0.000000 addon_coherent_solve=0.000000 addon_visible_solve=0.000000 room_sphere=0.000000 room_sweep=0.000000 room_single=0.000000
2026-09-19 21:46:40.392 collision profile window_ms=1000 frames=74 max_call_ms body_collection=0.029500 body_solve=0.002600 body_position=0.000100 body_refine=0.001200 body_velocity=0.000100 addon_prepare_query=0.000000 addon_coherent_solve=0.000000 addon_visible_solve=0.000000 room_sphere=0.000000 room_sweep=0.000000 room_single=0.000000
2026-09-19 21:46:40.393 collision profile window_ms=1000 frames=74 calls body_collection=172 body_solve=172 body_position=172 body_refine=172 body_velocity=172 addon_prepare_query=0 addon_coherent_solve=0 addon_visible_solve=0 room_sphere=0 room_sweep=0 room_single=0
2026-09-19 21:46:40.393 collision profile window_ms=1000 frames=74 counts body_contacts=0 body_passes=172 body_jacobians=0 body_predictions=516 addon_contacts=0 addon_passes=0 addon_gradients=0 room_nodes=0 room_triangles=0
2026-09-19 21:46:41.393 performance profile window_ms=1000 frames=76 avg_ms total=1.512 housekeeping=0.031 bindings=0.312 diagnostics=0.003 colliders=0.203 axes=0.051 penis=0.281 penis_ownership=0.008 penis_gravity=0.006 penis_collision=0.020 penis_setup=0.011 penis_orientation=0.001 penis_translation=0.003 penis_solver=0.026 testicles=0.051 testicle_active=0.050 breasts=0.254 breasts_active=0.250 butt=0.075 butt_active=0.075 addons=0.241 addon_activation=0.110 addon_drive=0.081 addon_guard=0.001 addon_parent_pivot=0.000 addon_parent_translation=0.002 addon_parent_rotation=0.002 addon_gravity=0.001 addon_rotation_binding=0.000 addon_validation=0.074 addon_solver=0.047 addon_output=0.045 addon_cache=0.010 late=0.007 late_testicles=0.003 late_breasts=0.003 late_butt=0.000 traverse=0.000 addon_collision_body=0.000 addon_collision_self=0.000 addon_collision_addons=0.000 max_ms total=23.464 colliders=0.491 addons=2.067 calls late=76 traverse=0 body_collision=0 self_collision=0 addons_collision=0
2026-09-19 21:46:41.393 performance profile engine operation=symbols avg_ms=0.000000 max_call_ms=0.000000 calls_per_frame=0.00 window_ms=1000 frames=76 nested=1
2026-09-19 21:46:41.393 performance profile engine operation=find_object avg_ms=0.456837 max_call_ms=0.092200 calls_per_frame=1835.49 window_ms=1000 frames=76 nested=1
2026-09-19 21:46:41.393 performance profile engine operation=script_find avg_ms=0.000000 max_call_ms=0.000000 calls_per_frame=0.00 window_ms=1000 frames=76 nested=1
2026-09-19 21:46:41.393 performance profile engine operation=axis_lookup avg_ms=0.575622 max_call_ms=2.039300 calls_per_frame=42.66 window_ms=1000 frames=76 nested=1
2026-09-19 21:46:41.394 performance profile engine operation=pivot_query avg_ms=0.024530 max_call_ms=0.005400 calls_per_frame=93.00 window_ms=1000 frames=76 nested=1
2026-09-19 21:46:41.394 collision profile window_ms=1000 frames=76 avg_ms body_collection=0.021580 body_solve=0.002946 body_position=0.000079 body_refine=0.001643 body_velocity=0.000078 addon_prepare_query=0.000000 addon_coherent_solve=0.000000 addon_visible_solve=0.000000 room_sphere=0.000000 room_sweep=0.000000 room_single=0.000000
2026-09-19 21:46:41.394 collision profile window_ms=1000 frames=76 max_call_ms body_collection=0.033400 body_solve=0.007200 body_position=0.000100 body_refine=0.001600 body_velocity=0.000100 addon_prepare_query=0.000000 addon_coherent_solve=0.000000 addon_visible_solve=0.000000 room_sphere=0.000000 room_sweep=0.000000 room_single=0.000000
2026-09-19 21:46:41.394 collision profile window_ms=1000 frames=76 calls body_collection=174 body_solve=174 body_position=174 body_refine=174 body_velocity=174 addon_prepare_query=0 addon_coherent_solve=0 addon_visible_solve=0 room_sphere=0 room_sweep=0 room_single=0
2026-09-19 21:46:41.394 collision profile window_ms=1000 frames=76 counts body_contacts=0 body_passes=174 body_jacobians=0 body_predictions=522 addon_contacts=0 addon_passes=0 addon_gradients=0 room_nodes=0 room_triangles=0
2026-09-19 21:46:42.391 performance profile window_ms=1000 frames=76 avg_ms total=1.513 housekeeping=0.027 bindings=0.312 diagnostics=0.003 colliders=0.193 axes=0.051 penis=0.306 penis_ownership=0.008 penis_gravity=0.006 penis_collision=0.019 penis_setup=0.011 penis_orientation=0.001 penis_translation=0.003 penis_solver=0.026 testicles=0.051 testicle_active=0.050 breasts=0.251 breasts_active=0.246 butt=0.073 butt_active=0.073 addons=0.235 addon_activation=0.108 addon_drive=0.081 addon_guard=0.000 addon_parent_pivot=0.000 addon_parent_translation=0.002 addon_parent_rotation=0.002 addon_gravity=0.001 addon_rotation_binding=0.000 addon_validation=0.075 addon_solver=0.043 addon_output=0.041 addon_cache=0.009 late=0.006 late_testicles=0.003 late_breasts=0.003 late_butt=0.000 traverse=0.000 addon_collision_body=0.000 addon_collision_self=0.000 addon_collision_addons=0.000 max_ms total=23.446 colliders=0.421 addons=2.030 calls late=76 traverse=0 body_collision=0 self_collision=0 addons_collision=0
2026-09-19 21:46:42.391 performance profile engine operation=symbols avg_ms=0.000000 max_call_ms=0.000000 calls_per_frame=0.00 window_ms=1000 frames=76 nested=1
2026-09-19 21:46:42.392 performance profile engine operation=find_object avg_ms=0.469659 max_call_ms=0.037400 calls_per_frame=1924.89 window_ms=1000 frames=76 nested=1
2026-09-19 21:46:42.392 performance profile engine operation=script_find avg_ms=0.000000 max_call_ms=0.000000 calls_per_frame=0.00 window_ms=1000 frames=76 nested=1
2026-09-19 21:46:42.392 performance profile engine operation=axis_lookup avg_ms=0.597239 max_call_ms=2.067900 calls_per_frame=42.66 window_ms=1000 frames=76 nested=1
2026-09-19 21:46:42.392 performance profile engine operation=pivot_query avg_ms=0.023538 max_call_ms=0.005700 calls_per_frame=93.00 window_ms=1000 frames=76 nested=1
2026-09-19 21:46:42.392 collision profile window_ms=1000 frames=76 avg_ms body_collection=0.020820 body_solve=0.002792 body_position=0.000072 body_refine=0.001632 body_velocity=0.000086 addon_prepare_query=0.000000 addon_coherent_solve=0.000000 addon_visible_solve=0.000000 room_sphere=0.000000 room_sweep=0.000000 room_single=0.000000
2026-09-19 21:46:42.392 collision profile window_ms=1000 frames=76 max_call_ms body_collection=0.028900 body_solve=0.002800 body_position=0.000100 body_refine=0.001600 body_velocity=0.000100 addon_prepare_query=0.000000 addon_coherent_solve=0.000000 addon_visible_solve=0.000000 room_sphere=0.000000 room_sweep=0.000000 room_single=0.000000
2026-09-19 21:46:42.393 collision profile window_ms=1000 frames=76 calls body_collection=170 body_solve=170 body_position=170 body_refine=170 body_velocity=170 addon_prepare_query=0 addon_coherent_solve=0 addon_visible_solve=0 room_sphere=0 room_sweep=0 room_single=0
2026-09-19 21:46:42.393 collision profile window_ms=1000 frames=76 counts body_contacts=0 body_passes=170 body_jacobians=0 body_predictions=510 addon_contacts=0 addon_passes=0 addon_gradients=0 room_nodes=0 room_triangles=0
2026-09-19 21:46:42.794 performance profile body-update person=Person02 system=penis update_rate_hz=-1 published_hz=76.2 sample_ms=5000
2026-09-19 21:46:43.029 performance profile body-update person=Person02 system=testicles update_rate_hz=-1 published_hz=76.4 sample_ms=5000
2026-09-19 21:46:43.073 PoseEdit file handoff rotation-trace phase=off-before-evaluation person=2 joint=1 track=69255054 target=4a42d480 member=0x02fff04a keys=67f60720 count=1 keys_read=1 first_frame=0 first=(0.000000,-0.000000,-105.016060) last_frame=0 last=(0.000000,-0.000000,-105.016060) output_raw=4a3bc200 output_offset=0x6c output_read=1 output=(0.000000,-0.000000,-105.016060)
2026-09-19 21:46:43.073 PoseEdit file handoff rotation-trace phase=off-before-evaluation person=2 joint=2 track=692558c4 target=4b976360 member=0x01fff04e keys=67f220a0 count=1 keys_read=1 first_frame=0 first=(0.000000,0.000000,0.000000) last_frame=0 last=(0.000000,0.000000,0.000000) output_raw=4a3bdcc0 output_offset=0x6c output_read=1 output=(0.000000,0.000000,-17.160000)
2026-09-19 21:46:43.073 PoseEdit file handoff rotation-trace phase=off-before-evaluation person=2 joint=3 track=69255914 target=4b976640 member=0x01fff04e keys=67f21b20 count=1 keys_read=1 first_frame=0 first=(0.000000,0.000000,0.000000) last_frame=0 last=(0.000000,0.000000,0.000000) output_raw=4a3beac0 output_offset=0x6c output_read=1 output=(0.000000,0.000000,-6.988000)
2026-09-19 21:46:43.074 PoseEdit file handoff rotation-trace phase=off-after-evaluation person=2 joint=1 track=69255054 target=4a42d480 member=0x02fff04a keys=67f60720 count=1 keys_read=1 first_frame=0 first=(0.000000,-0.000000,-105.016060) last_frame=0 last=(0.000000,-0.000000,-105.016060) output_raw=4a3bc200 output_offset=0x6c output_read=1 output=(0.000000,-0.000000,-105.016060)
2026-09-19 21:46:43.074 PoseEdit file handoff rotation-trace phase=off-after-evaluation person=2 joint=2 track=692558c4 target=4b976360 member=0x01fff04e keys=67f220a0 count=1 keys_read=1 first_frame=0 first=(0.000000,0.000000,0.000000) last_frame=0 last=(0.000000,0.000000,0.000000) output_raw=4a3bdcc0 output_offset=0x6c output_read=1 output=(0.000000,0.000000,-17.160000)
2026-09-19 21:46:43.074 PoseEdit file handoff rotation-trace phase=off-after-evaluation person=2 joint=3 track=69255914 target=4b976640 member=0x01fff04e keys=67f21b20 count=1 keys_read=1 first_frame=0 first=(0.000000,0.000000,0.000000) last_frame=0 last=(0.000000,0.000000,0.000000) output_raw=4a3beac0 output_offset=0x6c output_read=1 output=(0.000000,0.000000,-6.988000)
2026-09-19 21:46:43.389 performance profile window_ms=1000 frames=76 avg_ms total=1.540 housekeeping=0.030 bindings=0.313 diagnostics=0.003 colliders=0.194 axes=0.050 penis=0.286 penis_ownership=0.005 penis_gravity=0.004 penis_collision=0.013 penis_setup=0.008 penis_orientation=0.001 penis_translation=0.002 penis_solver=0.018 testicles=0.061 testicle_active=0.061 breasts=0.251 breasts_active=0.246 butt=0.074 butt_active=0.073 addons=0.239 addon_activation=0.111 addon_drive=0.079 addon_guard=0.001 addon_parent_pivot=0.000 addon_parent_translation=0.002 addon_parent_rotation=0.002 addon_gravity=0.001 addon_rotation_binding=0.000 addon_validation=0.072 addon_solver=0.046 addon_output=0.045 addon_cache=0.009 late=0.007 late_testicles=0.003 late_breasts=0.003 late_butt=0.000 traverse=0.000 addon_collision_body=0.000 addon_collision_self=0.000 addon_collision_addons=0.000 max_ms total=23.380 colliders=0.417 addons=2.106 calls late=76 traverse=0 body_collision=0 self_collision=0 addons_collision=0
2026-09-19 21:46:43.389 performance profile engine operation=symbols avg_ms=0.000000 max_call_ms=0.000000 calls_per_frame=0.00 window_ms=1000 frames=76 nested=1
2026-09-19 21:46:43.390 performance profile engine operation=find_object avg_ms=0.469471 max_call_ms=0.031200 calls_per_frame=1924.93 window_ms=1000 frames=76 nested=1
2026-09-19 21:46:43.390 performance profile engine operation=script_find avg_ms=0.000000 max_call_ms=0.000000 calls_per_frame=0.00 window_ms=1000 frames=76 nested=1
2026-09-19 21:46:43.391 performance profile engine operation=axis_lookup avg_ms=0.589967 max_call_ms=2.026700 calls_per_frame=42.16 window_ms=1000 frames=76 nested=1
2026-09-19 21:46:43.391 performance profile engine operation=pivot_query avg_ms=0.023313 max_call_ms=0.007900 calls_per_frame=92.34 window_ms=1000 frames=76 nested=1
2026-09-19 21:46:43.391 collision profile window_ms=1000 frames=76 avg_ms body_collection=0.016784 body_solve=0.002391 body_position=0.000047 body_refine=0.001359 body_velocity=0.000067 addon_prepare_query=0.000000 addon_coherent_solve=0.000000 addon_visible_solve=0.000000 room_sphere=0.000000 room_sweep=0.000000 room_single=0.000000
2026-09-19 21:46:43.391 collision profile window_ms=1000 frames=76 max_call_ms body_collection=0.037600 body_solve=0.003000 body_position=0.000100 body_refine=0.001800 body_velocity=0.000100 addon_prepare_query=0.000000 addon_coherent_solve=0.000000 addon_visible_solve=0.000000 room_sphere=0.000000 room_sweep=0.000000 room_single=0.000000
2026-09-19 21:46:43.392 collision profile window_ms=1000 frames=76 calls body_collection=143 body_solve=143 body_position=143 body_refine=143 body_velocity=143 addon_prepare_query=0 addon_coherent_solve=0 addon_visible_solve=0 room_sphere=0 room_sweep=0 room_single=0
2026-09-19 21:46:43.392 collision profile window_ms=1000 frames=76 counts body_contacts=0 body_passes=143 body_jacobians=0 body_predictions=400 addon_contacts=0 addon_passes=0 addon_gradients=0 room_nodes=0 room_triangles=0
2026-09-19 21:46:44.300 performance profile body-update person=Person02 system=breasts update_rate_hz=-1 published_hz=75.8 sample_ms=5000
2026-09-19 21:46:44.301 performance profile body-update person=Person02 system=butt update_rate_hz=-1 published_hz=75.8 sample_ms=5000
2026-09-19 21:46:44.397 performance profile window_ms=1000 frames=77 avg_ms total=1.482 housekeeping=0.029 bindings=0.300 diagnostics=0.003 colliders=0.201 axes=0.051 penis=0.233 penis_ownership=0.000 penis_gravity=0.000 penis_collision=0.000 penis_setup=0.000 penis_orientation=0.000 penis_translation=0.000 penis_solver=0.000 testicles=0.068 testicle_active=0.067 breasts=0.260 breasts_active=0.256 butt=0.079 butt_active=0.079 addons=0.248 addon_activation=0.111 addon_drive=0.089 addon_guard=0.001 addon_parent_pivot=0.000 addon_parent_translation=0.002 addon_parent_rotation=0.002 addon_gravity=0.001 addon_rotation_binding=0.000 addon_validation=0.083 addon_solver=0.045 addon_output=0.043 addon_cache=0.010 late=0.007 late_testicles=0.003 late_breasts=0.004 late_butt=0.000 traverse=0.000 addon_collision_body=0.000 addon_collision_self=0.000 addon_collision_addons=0.000 max_ms total=22.647 colliders=0.387 addons=2.089 calls late=77 traverse=0 body_collision=0 self_collision=0 addons_collision=0
2026-09-19 21:46:44.397 performance profile engine operation=symbols avg_ms=0.000000 max_call_ms=0.000000 calls_per_frame=0.00 window_ms=1000 frames=77 nested=1
2026-09-19 21:46:44.397 performance profile engine operation=find_object avg_ms=0.472726 max_call_ms=0.026100 calls_per_frame=1900.40 window_ms=1000 frames=77 nested=1
2026-09-19 21:46:44.397 performance profile engine operation=script_find avg_ms=0.000000 max_call_ms=0.000000 calls_per_frame=0.00 window_ms=1000 frames=77 nested=1
2026-09-19 21:46:44.398 performance profile engine operation=axis_lookup avg_ms=0.586668 max_call_ms=2.049400 calls_per_frame=40.62 window_ms=1000 frames=77 nested=1
2026-09-19 21:46:44.398 performance profile engine operation=pivot_query avg_ms=0.023927 max_call_ms=0.007500 calls_per_frame=91.00 window_ms=1000 frames=77 nested=1
2026-09-19 21:46:44.398 collision profile window_ms=1000 frames=77 avg_ms body_collection=0.007692 body_solve=0.001477 body_position=0.000034 body_refine=0.000714 body_velocity=0.000043 addon_prepare_query=0.000000 addon_coherent_solve=0.000000 addon_visible_solve=0.000000 room_sphere=0.000000 room_sweep=0.000000 room_single=0.000000
2026-09-19 21:46:44.398 collision profile window_ms=1000 frames=77 max_call_ms body_collection=0.018900 body_solve=0.001900 body_position=0.000100 body_refine=0.001000 body_velocity=0.000100 addon_prepare_query=0.000000 addon_coherent_solve=0.000000 addon_visible_solve=0.000000 room_sphere=0.000000 room_sweep=0.000000 room_single=0.000000
2026-09-19 21:46:44.399 collision profile window_ms=1000 frames=77 calls body_collection=86 body_solve=86 body_position=86 body_refine=86 body_velocity=86 addon_prepare_query=0 addon_coherent_solve=0 addon_visible_solve=0 room_sphere=0 room_sweep=0 room_single=0
2026-09-19 21:46:44.399 collision profile window_ms=1000 frames=77 counts body_contacts=0 body_passes=86 body_jacobians=0 body_predictions=172 addon_contacts=0 addon_passes=0 addon_gradients=0 room_nodes=0 room_triangles=0
2026-09-19 21:46:44.774 incoming collision-strength breasts=1.000 butt=1.000 penis=1.000 testicle=1.000
2026-09-19 21:46:45.393 performance profile window_ms=1000 frames=68 avg_ms total=2.833 housekeeping=1.269 bindings=0.339 diagnostics=0.003 colliders=0.191 axes=0.059 penis=0.271 penis_ownership=0.000 penis_gravity=0.000 penis_collision=0.000 penis_setup=0.000 penis_orientation=0.000 penis_translation=0.000 penis_solver=0.000 testicles=0.069 testicle_active=0.068 breasts=0.282 breasts_active=0.277 butt=0.075 butt_active=0.075 addons=0.265 addon_activation=0.112 addon_drive=0.101 addon_guard=0.001 addon_parent_pivot=0.000 addon_parent_translation=0.002 addon_parent_rotation=0.002 addon_gravity=0.002 addon_rotation_binding=0.000 addon_validation=0.095 addon_solver=0.049 addon_output=0.047 addon_cache=0.009 late=0.007 late_testicles=0.003 late_breasts=0.003 late_butt=0.000 traverse=0.000 addon_collision_body=0.000 addon_collision_self=0.000 addon_collision_addons=0.000 max_ms total=89.171 colliders=0.333 addons=2.020 calls late=68 traverse=0 body_collision=0 self_collision=0 addons_collision=0
2026-09-19 21:46:45.393 performance profile engine operation=symbols avg_ms=0.000000 max_call_ms=0.000000 calls_per_frame=0.00 window_ms=1000 frames=68 nested=1
2026-09-19 21:46:45.393 performance profile engine operation=find_object avg_ms=0.531697 max_call_ms=0.073200 calls_per_frame=2145.69 window_ms=1000 frames=68 nested=1
2026-09-19 21:46:45.394 performance profile engine operation=script_find avg_ms=0.000000 max_call_ms=0.000000 calls_per_frame=0.00 window_ms=1000 frames=68 nested=1
2026-09-19 21:46:45.394 performance profile engine operation=axis_lookup avg_ms=0.665440 max_call_ms=2.366200 calls_per_frame=40.82 window_ms=1000 frames=68 nested=1
2026-09-19 21:46:45.394 performance profile engine operation=pivot_query avg_ms=0.022253 max_call_ms=0.011400 calls_per_frame=91.00 window_ms=1000 frames=68 nested=1
2026-09-19 21:46:45.394 collision profile window_ms=1000 frames=68 avg_ms body_collection=0.007419 body_solve=0.001537 body_position=0.000040 body_refine=0.000766 body_velocity=0.000060 addon_prepare_query=0.000000 addon_coherent_solve=0.000000 addon_visible_solve=0.000000 room_sphere=0.000000 room_sweep=0.000000 room_single=0.000000
2026-09-19 21:46:45.394 collision profile window_ms=1000 frames=68 max_call_ms body_collection=0.016000 body_solve=0.001900 body_position=0.000100 body_refine=0.000900 body_velocity=0.000100 addon_prepare_query=0.000000 addon_coherent_solve=0.000000 addon_visible_solve=0.000000 room_sphere=0.000000 room_sweep=0.000000 room_single=0.000000
2026-09-19 21:46:45.394 collision profile window_ms=1000 frames=68 calls body_collection=85 body_solve=85 body_position=85 body_refine=85 body_velocity=85 addon_prepare_query=0 addon_coherent_solve=0 addon_visible_solve=0 room_sphere=0 room_sweep=0 room_single=0
2026-09-19 21:46:45.395 collision profile window_ms=1000 frames=68 counts body_contacts=0 body_passes=85 body_jacobians=0 body_predictions=170 addon_contacts=0 addon_passes=0 addon_gradients=0 room_nodes=0 room_triangles=0
2026-09-19 21:46:46.396 performance profile window_ms=1000 frames=76 avg_ms total=1.429 housekeeping=0.026 bindings=0.316 diagnostics=0.003 colliders=0.193 axes=0.051 penis=0.230 penis_ownership=0.000 penis_gravity=0.000 penis_collision=0.000 penis_setup=0.000 penis_orientation=0.000 penis_translation=0.000 penis_solver=0.000 testicles=0.067 testicle_active=0.066 breasts=0.224 breasts_active=0.220 butt=0.071 butt_active=0.071 addons=0.238 addon_activation=0.110 addon_drive=0.081 addon_guard=0.000 addon_parent_pivot=0.000 addon_parent_translation=0.002 addon_parent_rotation=0.002 addon_gravity=0.001 addon_rotation_binding=0.000 addon_validation=0.075 addon_solver=0.044 addon_output=0.042 addon_cache=0.009 late=0.007 late_testicles=0.003 late_breasts=0.003 late_butt=0.000 traverse=0.000 addon_collision_body=0.000 addon_collision_self=0.000 addon_collision_addons=0.000 max_ms total=23.736 colliders=0.372 addons=2.046 calls late=76 traverse=0 body_collision=0 self_collision=0 addons_collision=0
2026-09-19 21:46:46.396 performance profile engine operation=symbols avg_ms=0.000000 max_call_ms=0.000000 calls_per_frame=0.00 window_ms=1000 frames=76 nested=1
2026-09-19 21:46:46.396 performance profile engine operation=find_object avg_ms=0.450432 max_call_ms=0.019200 calls_per_frame=1835.49 window_ms=1000 frames=76 nested=1
2026-09-19 21:46:46.397 performance profile engine operation=script_find avg_ms=0.000000 max_call_ms=0.000000 calls_per_frame=0.00 window_ms=1000 frames=76 nested=1
2026-09-19 21:46:46.397 performance profile engine operation=axis_lookup avg_ms=0.556316 max_call_ms=1.972600 calls_per_frame=40.66 window_ms=1000 frames=76 nested=1
2026-09-19 21:46:46.397 performance profile engine operation=pivot_query avg_ms=0.022954 max_call_ms=0.015800 calls_per_frame=91.00 window_ms=1000 frames=76 nested=1
2026-09-19 21:46:46.397 collision profile window_ms=1000 frames=76 avg_ms body_collection=0.007432 body_solve=0.001454 body_position=0.000038 body_refine=0.000693 body_velocity=0.000038 addon_prepare_query=0.000000 addon_coherent_solve=0.000000 addon_visible_solve=0.000000 room_sphere=0.000000 room_sweep=0.000000 room_single=0.000000
2026-09-19 21:46:46.397 collision profile window_ms=1000 frames=76 max_call_ms body_collection=0.021800 body_solve=0.002500 body_position=0.000300 body_refine=0.000900 body_velocity=0.000100 addon_prepare_query=0.000000 addon_coherent_solve=0.000000 addon_visible_solve=0.000000 room_sphere=0.000000 room_sweep=0.000000 room_single=0.000000
2026-09-19 21:46:46.397 collision profile window_ms=1000 frames=76 calls body_collection=84 body_solve=84 body_position=84 body_refine=84 body_velocity=84 addon_prepare_query=0 addon_coherent_solve=0 addon_visible_solve=0 room_sphere=0 room_sweep=0 room_single=0
2026-09-19 21:46:46.397 collision profile window_ms=1000 frames=76 counts body_contacts=0 body_passes=84 body_jacobians=0 body_predictions=168 addon_contacts=0 addon_passes=0 addon_gradients=0 room_nodes=0 room_triangles=0
2026-09-19 21:46:47.391 performance profile window_ms=1000 frames=75 avg_ms total=1.495 housekeeping=0.110 bindings=0.315 diagnostics=0.003 colliders=0.193 axes=0.051 penis=0.211 penis_ownership=0.000 penis_gravity=0.000 penis_collision=0.000 penis_setup=0.000 penis_orientation=0.000 penis_translation=0.000 penis_solver=0.000 testicles=0.066 testicle_active=0.065 breasts=0.252 breasts_active=0.247 butt=0.074 butt_active=0.074 addons=0.211 addon_activation=0.084 addon_drive=0.081 addon_guard=0.000 addon_parent_pivot=0.000 addon_parent_translation=0.003 addon_parent_rotation=0.002 addon_gravity=0.001 addon_rotation_binding=0.000 addon_validation=0.074 addon_solver=0.044 addon_output=0.042 addon_cache=0.009 late=0.007 late_testicles=0.003 late_breasts=0.003 late_butt=0.000 traverse=0.000 addon_collision_body=0.000 addon_collision_self=0.000 addon_collision_addons=0.000 max_ms total=23.474 colliders=0.345 addons=0.835 calls late=75 traverse=0 body_collision=0 self_collision=0 addons_collision=0
2026-09-19 21:46:47.391 performance profile engine operation=symbols avg_ms=0.000000 max_call_ms=0.000000 calls_per_frame=0.00 window_ms=1000 frames=75 nested=1
2026-09-19 21:46:47.391 performance profile engine operation=find_object avg_ms=0.438639 max_call_ms=0.021600 calls_per_frame=1768.81 window_ms=1000 frames=75 nested=1
2026-09-19 21:46:47.391 performance profile engine operation=script_find avg_ms=0.000000 max_call_ms=0.000000 calls_per_frame=0.00 window_ms=1000 frames=75 nested=1
2026-09-19 21:46:47.391 performance profile engine operation=axis_lookup avg_ms=0.540508 max_call_ms=2.055400 calls_per_frame=40.67 window_ms=1000 frames=75 nested=1
2026-09-19 21:46:47.392 performance profile engine operation=pivot_query avg_ms=0.023249 max_call_ms=0.005300 calls_per_frame=91.00 window_ms=1000 frames=75 nested=1
2026-09-19 21:46:47.392 collision profile window_ms=1000 frames=75 avg_ms body_collection=0.007512 body_solve=0.001443 body_position=0.000024 body_refine=0.000677 body_velocity=0.000037 addon_prepare_query=0.000000 addon_coherent_solve=0.000000 addon_visible_solve=0.000000 room_sphere=0.000000 room_sweep=0.000000 room_single=0.000000
2026-09-19 21:46:47.392 collision profile window_ms=1000 frames=75 max_call_ms body_collection=0.041500 body_solve=0.002300 body_position=0.000100 body_refine=0.000900 body_velocity=0.000100 addon_prepare_query=0.000000 addon_coherent_solve=0.000000 addon_visible_solve=0.000000 room_sphere=0.000000 room_sweep=0.000000 room_single=0.000000
2026-09-19 21:46:47.392 collision profile window_ms=1000 frames=75 calls body_collection=81 body_solve=81 body_position=81 body_refine=81 body_velocity=81 addon_prepare_query=0 addon_coherent_solve=0 addon_visible_solve=0 room_sphere=0 room_sweep=0 room_single=0
2026-09-19 21:46:47.392 collision profile window_ms=1000 frames=75 counts body_contacts=0 body_passes=81 body_jacobians=0 body_predictions=162 addon_contacts=0 addon_passes=0 addon_gradients=0 room_nodes=0 room_triangles=0
2026-09-19 21:46:48.024 performance profile body-update person=Person02 system=testicles update_rate_hz=-1 published_hz=74.4 sample_ms=5000
2026-09-19 21:46:48.392 performance profile window_ms=1000 frames=76 avg_ms total=1.492 housekeeping=0.028 bindings=0.301 diagnostics=0.003 colliders=0.208 axes=0.100 penis=0.208 penis_ownership=0.000 penis_gravity=0.000 penis_collision=0.000 penis_setup=0.000 penis_orientation=0.000 penis_translation=0.000 penis_solver=0.000 testicles=0.074 testicle_active=0.074 breasts=0.251 breasts_active=0.246 butt=0.073 butt_active=0.073 addons=0.236 addon_activation=0.110 addon_drive=0.079 addon_guard=0.001 addon_parent_pivot=0.000 addon_parent_translation=0.002 addon_parent_rotation=0.002 addon_gravity=0.001 addon_rotation_binding=0.000 addon_validation=0.073 addon_solver=0.044 addon_output=0.042 addon_cache=0.009 late=0.007 late_testicles=0.003 late_breasts=0.003 late_butt=0.000 traverse=0.000 addon_collision_body=0.000 addon_collision_self=0.000 addon_collision_addons=0.000 max_ms total=22.685 colliders=0.614 addons=2.055 calls late=76 traverse=0 body_collision=0 self_collision=0 addons_collision=0
2026-09-19 21:46:48.392 performance profile engine operation=symbols avg_ms=0.000000 max_call_ms=0.000000 calls_per_frame=0.00 window_ms=1000 frames=76 nested=1
2026-09-19 21:46:48.392 performance profile engine operation=find_object avg_ms=0.494891 max_call_ms=0.145300 calls_per_frame=2014.14 window_ms=1000 frames=76 nested=1
2026-09-19 21:46:48.392 performance profile engine operation=script_find avg_ms=0.000000 max_call_ms=0.000000 calls_per_frame=0.00 window_ms=1000 frames=76 nested=1
2026-09-19 21:46:48.392 performance profile engine operation=axis_lookup avg_ms=0.614141 max_call_ms=2.048900 calls_per_frame=40.68 window_ms=1000 frames=76 nested=1
2026-09-19 21:46:48.393 performance profile engine operation=pivot_query avg_ms=0.026097 max_call_ms=0.205700 calls_per_frame=91.00 window_ms=1000 frames=76 nested=1
2026-09-19 21:46:48.393 collision profile window_ms=1000 frames=76 avg_ms body_collection=0.007433 body_solve=0.001434 body_position=0.000041 body_refine=0.000696 body_velocity=0.000045 addon_prepare_query=0.000000 addon_coherent_solve=0.000000 addon_visible_solve=0.000000 room_sphere=0.000000 room_sweep=0.000000 room_single=0.000000
2026-09-19 21:46:48.393 collision profile window_ms=1000 frames=76 max_call_ms body_collection=0.015300 body_solve=0.001900 body_position=0.000200 body_refine=0.000900 body_velocity=0.000100 addon_prepare_query=0.000000 addon_coherent_solve=0.000000 addon_visible_solve=0.000000 room_sphere=0.000000 room_sweep=0.000000 room_single=0.000000
2026-09-19 21:46:48.393 collision profile window_ms=1000 frames=76 calls body_collection=83 body_solve=83 body_position=83 body_refine=83 body_velocity=83 addon_prepare_query=0 addon_coherent_solve=0 addon_visible_solve=0 room_sphere=0 room_sweep=0 room_single=0
2026-09-19 21:46:48.393 collision profile window_ms=1000 frames=76 counts body_contacts=0 body_passes=83 body_jacobians=0 body_predictions=166 addon_contacts=0 addon_passes=0 addon_gradients=0 room_nodes=0 room_triangles=0
2026-09-19 21:46:49.291 performance profile body-update person=Person02 system=breasts update_rate_hz=-1 published_hz=73.8 sample_ms=5000
2026-09-19 21:46:49.291 performance profile body-update person=Person02 system=butt update_rate_hz=-1 published_hz=73.8 sample_ms=5000
2026-09-19 21:46:49.390 performance profile window_ms=1000 frames=74 avg_ms total=1.493 housekeeping=0.029 bindings=0.310 diagnostics=0.003 colliders=0.190 axes=0.051 penis=0.237 penis_ownership=0.000 penis_gravity=0.000 penis_collision=0.000 penis_setup=0.000 penis_orientation=0.000 penis_translation=0.000 penis_solver=0.000 testicles=0.066 testicle_active=0.065 breasts=0.263 breasts_active=0.259 butt=0.078 butt_active=0.078 addons=0.254 addon_activation=0.116 addon_drive=0.087 addon_guard=0.001 addon_parent_pivot=0.000 addon_parent_translation=0.002 addon_parent_rotation=0.002 addon_gravity=0.001 addon_rotation_binding=0.000 addon_validation=0.081 addon_solver=0.048 addon_output=0.046 addon_cache=0.011 late=0.007 late_testicles=0.003 late_breasts=0.003 late_butt=0.000 traverse=0.000 addon_collision_body=0.000 addon_collision_self=0.000 addon_collision_addons=0.000 max_ms total=22.787 colliders=0.399 addons=2.107 calls late=74 traverse=0 body_collision=0 self_collision=0 addons_collision=0
2026-09-19 21:46:49.390 performance profile engine operation=symbols avg_ms=0.000000 max_call_ms=0.000000 calls_per_frame=0.00 window_ms=1000 frames=74 nested=1
2026-09-19 21:46:49.390 performance profile engine operation=find_object avg_ms=0.484689 max_call_ms=0.126100 calls_per_frame=1975.61 window_ms=1000 frames=74 nested=1
2026-09-19 21:46:49.390 performance profile engine operation=script_find avg_ms=0.000000 max_call_ms=0.000000 calls_per_frame=0.00 window_ms=1000 frames=74 nested=1
2026-09-19 21:46:49.390 performance profile engine operation=axis_lookup avg_ms=0.598834 max_call_ms=1.988100 calls_per_frame=40.76 window_ms=1000 frames=74 nested=1
2026-09-19 21:46:49.391 performance profile engine operation=pivot_query avg_ms=0.022207 max_call_ms=0.017900 calls_per_frame=91.00 window_ms=1000 frames=74 nested=1
2026-09-19 21:46:49.391 collision profile window_ms=1000 frames=74 avg_ms body_collection=0.007165 body_solve=0.001491 body_position=0.000041 body_refine=0.000719 body_velocity=0.000049 addon_prepare_query=0.000000 addon_coherent_solve=0.000000 addon_visible_solve=0.000000 room_sphere=0.000000 room_sweep=0.000000 room_single=0.000000
2026-09-19 21:46:49.391 collision profile window_ms=1000 frames=74 max_call_ms body_collection=0.017700 body_solve=0.002100 body_position=0.000100 body_refine=0.000900 body_velocity=0.000400 addon_prepare_query=0.000000 addon_coherent_solve=0.000000 addon_visible_solve=0.000000 room_sphere=0.000000 room_sweep=0.000000 room_single=0.000000
2026-09-19 21:46:49.391 collision profile window_ms=1000 frames=74 calls body_collection=84 body_solve=84 body_position=84 body_refine=84 body_velocity=84 addon_prepare_query=0 addon_coherent_solve=0 addon_visible_solve=0 room_sphere=0 room_sweep=0 room_single=0
2026-09-19 21:46:49.391 collision profile window_ms=1000 frames=74 counts body_contacts=0 body_passes=84 body_jacobians=0 body_predictions=168 addon_contacts=0 addon_passes=0 addon_gradients=0 room_nodes=0 room_triangles=0
2026-09-19 21:46:50.395 performance profile window_ms=1000 frames=78 avg_ms total=1.449 housekeeping=0.029 bindings=0.301 diagnostics=0.003 colliders=0.201 axes=0.050 penis=0.230 penis_ownership=0.000 penis_gravity=0.000 penis_collision=0.000 penis_setup=0.000 penis_orientation=0.000 penis_translation=0.000 penis_solver=0.000 testicles=0.068 testicle_active=0.068 breasts=0.245 breasts_active=0.241 butt=0.073 butt_active=0.073 addons=0.239 addon_activation=0.109 addon_drive=0.082 addon_guard=0.000 addon_parent_pivot=0.000 addon_parent_translation=0.002 addon_parent_rotation=0.002 addon_gravity=0.001 addon_rotation_binding=0.000 addon_validation=0.076 addon_solver=0.046 addon_output=0.044 addon_cache=0.009 late=0.007 late_testicles=0.003 late_breasts=0.004 late_butt=0.000 traverse=0.000 addon_collision_body=0.000 addon_collision_self=0.000 addon_collision_addons=0.000 max_ms total=23.011 colliders=0.408 addons=2.053 calls late=78 traverse=0 body_collision=0 self_collision=0 addons_collision=0
2026-09-19 21:46:50.395 performance profile engine operation=symbols avg_ms=0.000000 max_call_ms=0.000000 calls_per_frame=0.00 window_ms=1000 frames=78 nested=1
2026-09-19 21:46:50.395 performance profile engine operation=find_object avg_ms=0.466095 max_call_ms=0.075600 calls_per_frame=1876.68 window_ms=1000 frames=78 nested=1
2026-09-19 21:46:50.396 performance profile engine operation=script_find avg_ms=0.000000 max_call_ms=0.000000 calls_per_frame=0.00 window_ms=1000 frames=78 nested=1
2026-09-19 21:46:50.396 performance profile engine operation=axis_lookup avg_ms=0.576215 max_call_ms=2.070200 calls_per_frame=40.64 window_ms=1000 frames=78 nested=1
2026-09-19 21:46:50.396 performance profile engine operation=pivot_query avg_ms=0.023982 max_call_ms=0.016500 calls_per_frame=91.00 window_ms=1000 frames=78 nested=1
2026-09-19 21:46:50.396 collision profile window_ms=1000 frames=78 avg_ms body_collection=0.007554 body_solve=0.001481 body_position=0.000032 body_refine=0.000705 body_velocity=0.000051 addon_prepare_query=0.000000 addon_coherent_solve=0.000000 addon_visible_solve=0.000000 room_sphere=0.000000 room_sweep=0.000000 room_single=0.000000
2026-09-19 21:46:50.396 collision profile window_ms=1000 frames=78 max_call_ms body_collection=0.023300 body_solve=0.002600 body_position=0.000100 body_refine=0.000900 body_velocity=0.000100 addon_prepare_query=0.000000 addon_coherent_solve=0.000000 addon_visible_solve=0.000000 room_sphere=0.000000 room_sweep=0.000000 room_single=0.000000
2026-09-19 21:46:50.397 collision profile window_ms=1000 frames=78 calls body_collection=86 body_solve=86 body_position=86 body_refine=86 body_velocity=86 addon_prepare_query=0 addon_coherent_solve=0 addon_visible_solve=0 room_sphere=0 room_sweep=0 room_single=0
2026-09-19 21:46:50.397 collision profile window_ms=1000 frames=78 counts body_contacts=0 body_passes=86 body_jacobians=0 body_predictions=172 addon_contacts=0 addon_passes=0 addon_gradients=0 room_nodes=0 room_triangles=0
2026-09-19 21:46:51.395 performance profile window_ms=1000 frames=79 avg_ms total=1.414 housekeeping=0.028 bindings=0.303 diagnostics=0.003 colliders=0.190 axes=0.049 penis=0.226 penis_ownership=0.000 penis_gravity=0.000 penis_collision=0.000 penis_setup=0.000 penis_orientation=0.000 penis_translation=0.000 penis_solver=0.000 testicles=0.065 testicle_active=0.064 breasts=0.242 breasts_active=0.237 butt=0.071 butt_active=0.071 addons=0.228 addon_activation=0.107 addon_drive=0.076 addon_guard=0.000 addon_parent_pivot=0.000 addon_parent_translation=0.002 addon_parent_rotation=0.002 addon_gravity=0.001 addon_rotation_binding=0.000 addon_validation=0.071 addon_solver=0.042 addon_output=0.041 addon_cache=0.010 late=0.007 late_testicles=0.003 late_breasts=0.003 late_butt=0.000 traverse=0.000 addon_collision_body=0.000 addon_collision_self=0.000 addon_collision_addons=0.000 max_ms total=23.507 colliders=0.386 addons=2.048 calls late=79 traverse=0 body_collision=0 self_collision=0 addons_collision=0
2026-09-19 21:46:51.396 performance profile engine operation=symbols avg_ms=0.000000 max_call_ms=0.000000 calls_per_frame=0.00 window_ms=1000 frames=79 nested=1
2026-09-19 21:46:51.396 performance profile engine operation=find_object avg_ms=0.457277 max_call_ms=0.036200 calls_per_frame=1853.46 window_ms=1000 frames=79 nested=1
2026-09-19 21:46:51.396 performance profile engine operation=script_find avg_ms=0.000000 max_call_ms=0.000000 calls_per_frame=0.00 window_ms=1000 frames=79 nested=1
2026-09-19 21:46:51.396 performance profile engine operation=axis_lookup avg_ms=0.566627 max_call_ms=2.075200 calls_per_frame=40.56 window_ms=1000 frames=79 nested=1
2026-09-19 21:46:51.397 performance profile engine operation=pivot_query avg_ms=0.022261 max_call_ms=0.007200 calls_per_frame=91.00 window_ms=1000 frames=79 nested=1
2026-09-19 21:46:51.397 collision profile window_ms=1000 frames=79 avg_ms body_collection=0.007103 body_solve=0.001449 body_position=0.000037 body_refine=0.000699 body_velocity=0.000042 addon_prepare_query=0.000000 addon_coherent_solve=0.000000 addon_visible_solve=0.000000 room_sphere=0.000000 room_sweep=0.000000 room_single=0.000000
2026-09-19 21:46:51.397 collision profile window_ms=1000 frames=79 max_call_ms body_collection=0.013900 body_solve=0.001800 body_position=0.000100 body_refine=0.000900 body_velocity=0.000100 addon_prepare_query=0.000000 addon_coherent_solve=0.000000 addon_visible_solve=0.000000 room_sphere=0.000000 room_sweep=0.000000 room_single=0.000000
2026-09-19 21:46:51.397 collision profile window_ms=1000 frames=79 calls body_collection=88 body_solve=88 body_position=88 body_refine=88 body_velocity=88 addon_prepare_query=0 addon_coherent_solve=0 addon_visible_solve=0 room_sphere=0 room_sweep=0 room_single=0
2026-09-19 21:46:51.397 collision profile window_ms=1000 frames=79 counts body_contacts=0 body_passes=88 body_jacobians=0 body_predictions=176 addon_contacts=0 addon_passes=0 addon_gradients=0 room_nodes=0 room_triangles=0
2026-09-19 21:46:52.401 performance profile window_ms=1000 frames=77 avg_ms total=1.433 housekeeping=0.027 bindings=0.296 diagnostics=0.003 colliders=0.190 axes=0.049 penis=0.231 penis_ownership=0.000 penis_gravity=0.000 penis_collision=0.000 penis_setup=0.000 penis_orientation=0.000 penis_translation=0.000 penis_solver=0.000 testicles=0.067 testicle_active=0.066 breasts=0.247 breasts_active=0.242 butt=0.073 butt_active=0.072 addons=0.239 addon_activation=0.109 addon_drive=0.083 addon_guard=0.000 addon_parent_pivot=0.000 addon_parent_translation=0.002 addon_parent_rotation=0.002 addon_gravity=0.001 addon_rotation_binding=0.000 addon_validation=0.076 addon_solver=0.044 addon_output=0.043 addon_cache=0.010 late=0.007 late_testicles=0.003 late_breasts=0.003 late_butt=0.000 traverse=0.000 addon_collision_body=0.000 addon_collision_self=0.000 addon_collision_addons=0.000 max_ms total=22.509 colliders=0.349 addons=2.022 calls late=77 traverse=0 body_collision=0 self_collision=0 addons_collision=0
2026-09-19 21:46:52.402 performance profile engine operation=symbols avg_ms=0.000000 max_call_ms=0.000000 calls_per_frame=0.00 window_ms=1000 frames=77 nested=1
2026-09-19 21:46:52.402 performance profile engine operation=find_object avg_ms=0.466610 max_call_ms=0.045400 calls_per_frame=1900.40 window_ms=1000 frames=77 nested=1
2026-09-19 21:46:52.402 performance profile engine operation=script_find avg_ms=0.000000 max_call_ms=0.000000 calls_per_frame=0.00 window_ms=1000 frames=77 nested=1
2026-09-19 21:46:52.402 performance profile engine operation=axis_lookup avg_ms=0.578530 max_call_ms=2.072900 calls_per_frame=40.62 window_ms=1000 frames=77 nested=1
2026-09-19 21:46:52.403 performance profile engine operation=pivot_query avg_ms=0.021856 max_call_ms=0.005900 calls_per_frame=91.00 window_ms=1000 frames=77 nested=1
2026-09-19 21:46:52.403 collision profile window_ms=1000 frames=77 avg_ms body_collection=0.007391 body_solve=0.001473 body_position=0.000031 body_refine=0.000694 body_velocity=0.000043 addon_prepare_query=0.000000 addon_coherent_solve=0.000000 addon_visible_solve=0.000000 room_sphere=0.000000 room_sweep=0.000000 room_single=0.000000
2026-09-19 21:46:52.403 collision profile window_ms=1000 frames=77 max_call_ms body_collection=0.020000 body_solve=0.002400 body_position=0.000200 body_refine=0.001000 body_velocity=0.000100 addon_prepare_query=0.000000 addon_coherent_solve=0.000000 addon_visible_solve=0.000000 room_sphere=0.000000 room_sweep=0.000000 room_single=0.000000
2026-09-19 21:46:52.403 collision profile window_ms=1000 frames=77 calls body_collection=85 body_solve=85 body_position=85 body_refine=85 body_velocity=85 addon_prepare_query=0 addon_coherent_solve=0 addon_visible_solve=0 room_sphere=0 room_sweep=0 room_single=0
2026-09-19 21:46:52.403 collision profile window_ms=1000 frames=77 counts body_contacts=0 body_passes=85 body_jacobians=0 body_predictions=170 addon_contacts=0 addon_passes=0 addon_gradients=0 room_nodes=0 room_triangles=0
2026-09-19 21:46:53.021 performance profile body-update person=Person02 system=testicles update_rate_hz=-1 published_hz=76.2 sample_ms=5000
2026-09-19 21:46:53.391 performance profile window_ms=1000 frames=75 avg_ms total=1.475 housekeeping=0.029 bindings=0.307 diagnostics=0.003 colliders=0.195 axes=0.051 penis=0.237 penis_ownership=0.000 penis_gravity=0.000 penis_collision=0.000 penis_setup=0.000 penis_orientation=0.000 penis_translation=0.000 penis_solver=0.000 testicles=0.074 testicle_active=0.074 breasts=0.255 breasts_active=0.250 butt=0.075 butt_active=0.075 addons=0.240 addon_activation=0.110 addon_drive=0.082 addon_guard=0.001 addon_parent_pivot=0.000 addon_parent_translation=0.002 addon_parent_rotation=0.002 addon_gravity=0.001 addon_rotation_binding=0.000 addon_validation=0.076 addon_solver=0.045 addon_output=0.043 addon_cache=0.010 late=0.007 late_testicles=0.003 late_breasts=0.003 late_butt=0.000 traverse=0.000 addon_collision_body=0.000 addon_collision_self=0.000 addon_collision_addons=0.000 max_ms total=22.564 colliders=0.349 addons=2.042 calls late=75 traverse=0 body_collision=0 self_collision=0 addons_collision=0
2026-09-19 21:46:53.392 performance profile engine operation=symbols avg_ms=0.000000 max_call_ms=0.000000 calls_per_frame=0.00 window_ms=1000 frames=75 nested=1
2026-09-19 21:46:53.392 performance profile engine operation=find_object avg_ms=0.481129 max_call_ms=0.022200 calls_per_frame=1949.83 window_ms=1000 frames=75 nested=1
2026-09-19 21:46:53.392 performance profile engine operation=script_find avg_ms=0.000000 max_call_ms=0.000000 calls_per_frame=0.00 window_ms=1000 frames=75 nested=1
2026-09-19 21:46:53.392 performance profile engine operation=axis_lookup avg_ms=0.595120 max_call_ms=1.963000 calls_per_frame=40.67 window_ms=1000 frames=75 nested=1
2026-09-19 21:46:53.392 performance profile engine operation=pivot_query avg_ms=0.023085 max_call_ms=0.006700 calls_per_frame=91.00 window_ms=1000 frames=75 nested=1
2026-09-19 21:46:53.392 collision profile window_ms=1000 frames=75 avg_ms body_collection=0.007603 body_solve=0.001479 body_position=0.000029 body_refine=0.000705 body_velocity=0.000053 addon_prepare_query=0.000000 addon_coherent_solve=0.000000 addon_visible_solve=0.000000 room_sphere=0.000000 room_sweep=0.000000 room_single=0.000000
2026-09-19 21:46:53.393 collision profile window_ms=1000 frames=75 max_call_ms body_collection=0.021100 body_solve=0.002200 body_position=0.000100 body_refine=0.001000 body_velocity=0.000100 addon_prepare_query=0.000000 addon_coherent_solve=0.000000 addon_visible_solve=0.000000 room_sphere=0.000000 room_sweep=0.000000 room_single=0.000000
2026-09-19 21:46:53.393 collision profile window_ms=1000 frames=75 calls body_collection=82 body_solve=82 body_position=82 body_refine=82 body_velocity=82 addon_prepare_query=0 addon_coherent_solve=0 addon_visible_solve=0 room_sphere=0 room_sweep=0 room_single=0
2026-09-19 21:46:53.393 collision profile window_ms=1000 frames=75 counts body_contacts=0 body_passes=82 body_jacobians=0 body_predictions=164 addon_contacts=0 addon_passes=0 addon_gradients=0 room_nodes=0 room_triangles=0
2026-09-19 21:46:54.291 performance profile body-update person=Person02 system=breasts update_rate_hz=-1 published_hz=77.0 sample_ms=5000
2026-09-19 21:46:54.291 performance profile body-update person=Person02 system=butt update_rate_hz=-1 published_hz=77.0 sample_ms=5000
2026-09-19 21:46:54.396 performance profile window_ms=1000 frames=77 avg_ms total=1.460 housekeeping=0.029 bindings=0.292 diagnostics=0.003 colliders=0.201 axes=0.050 penis=0.236 penis_ownership=0.000 penis_gravity=0.000 penis_collision=0.000 penis_setup=0.000 penis_orientation=0.000 penis_translation=0.000 penis_solver=0.000 testicles=0.068 testicle_active=0.067 breasts=0.255 breasts_active=0.251 butt=0.077 butt_active=0.077 addons=0.239 addon_activation=0.110 addon_drive=0.079 addon_guard=0.001 addon_parent_pivot=0.000 addon_parent_translation=0.002 addon_parent_rotation=0.002 addon_gravity=0.001 addon_rotation_binding=0.000 addon_validation=0.073 addon_solver=0.047 addon_output=0.045 addon_cache=0.010 late=0.007 late_testicles=0.003 late_breasts=0.004 late_butt=0.000 traverse=0.000 addon_collision_body=0.000 addon_collision_self=0.000 addon_collision_addons=0.000 max_ms total=22.074 colliders=0.416 addons=2.163 calls late=77 traverse=0 body_collision=0 self_collision=0 addons_collision=0
2026-09-19 21:46:54.396 performance profile engine operation=symbols avg_ms=0.000000 max_call_ms=0.000000 calls_per_frame=0.00 window_ms=1000 frames=77 nested=1
2026-09-19 21:46:54.396 performance profile engine operation=find_object avg_ms=0.472871 max_call_ms=0.035100 calls_per_frame=1900.43 window_ms=1000 frames=77 nested=1
2026-09-19 21:46:54.398 performance profile engine operation=script_find avg_ms=0.000000 max_call_ms=0.000000 calls_per_frame=0.00 window_ms=1000 frames=77 nested=1
2026-09-19 21:46:54.398 performance profile engine operation=axis_lookup avg_ms=0.586858 max_call_ms=2.073400 calls_per_frame=40.65 window_ms=1000 frames=77 nested=1
2026-09-19 21:46:54.398 performance profile engine operation=pivot_query avg_ms=0.024660 max_call_ms=0.040300 calls_per_frame=91.00 window_ms=1000 frames=77 nested=1
2026-09-19 21:46:54.398 collision profile window_ms=1000 frames=77 avg_ms body_collection=0.007231 body_solve=0.001461 body_position=0.000022 body_refine=0.000694 body_velocity=0.000048 addon_prepare_query=0.000000 addon_coherent_solve=0.000000 addon_visible_solve=0.000000 room_sphere=0.000000 room_sweep=0.000000 room_single=0.000000
2026-09-19 21:46:54.399 collision profile window_ms=1000 frames=77 max_call_ms body_collection=0.019300 body_solve=0.002900 body_position=0.000100 body_refine=0.001000 body_velocity=0.000100 addon_prepare_query=0.000000 addon_coherent_solve=0.000000 addon_visible_solve=0.000000 room_sphere=0.000000 room_sweep=0.000000 room_single=0.000000
2026-09-19 21:46:54.399 collision profile window_ms=1000 frames=77 calls body_collection=84 body_solve=84 body_position=84 body_refine=84 body_velocity=84 addon_prepare_query=0 addon_coherent_solve=0 addon_visible_solve=0 room_sphere=0 room_sweep=0 room_single=0
2026-09-19 21:46:54.399 collision profile window_ms=1000 frames=77 counts body_contacts=0 body_passes=84 body_jacobians=0 body_predictions=168 addon_contacts=0 addon_passes=0 addon_gradients=0 room_nodes=0 room_triangles=0
2026-09-19 21:46:55.391 performance profile window_ms=1000 frames=75 avg_ms total=1.533 housekeeping=0.029 bindings=0.321 diagnostics=0.003 colliders=0.190 axes=0.102 penis=0.245 penis_ownership=0.000 penis_gravity=0.000 penis_collision=0.000 penis_setup=0.000 penis_orientation=0.000 penis_translation=0.000 penis_solver=0.000 testicles=0.068 testicle_active=0.068 breasts=0.255 breasts_active=0.251 butt=0.072 butt_active=0.072 addons=0.237 addon_activation=0.110 addon_drive=0.081 addon_guard=0.000 addon_parent_pivot=0.000 addon_parent_translation=0.002 addon_parent_rotation=0.002 addon_gravity=0.001 addon_rotation_binding=0.000 addon_validation=0.075 addon_solver=0.044 addon_output=0.042 addon_cache=0.009 late=0.007 late_testicles=0.003 late_breasts=0.003 late_butt=0.000 traverse=0.000 addon_collision_body=0.000 addon_collision_self=0.000 addon_collision_addons=0.000 max_ms total=23.752 colliders=0.369 addons=2.079 calls late=75 traverse=0 body_collision=0 self_collision=0 addons_collision=0
2026-09-19 21:46:55.391 performance profile engine operation=symbols avg_ms=0.000000 max_call_ms=0.000000 calls_per_frame=0.00 window_ms=1000 frames=75 nested=1
2026-09-19 21:46:55.392 performance profile engine operation=find_object avg_ms=0.524648 max_call_ms=0.076800 calls_per_frame=2130.87 window_ms=1000 frames=75 nested=1
2026-09-19 21:46:55.392 performance profile engine operation=script_find avg_ms=0.000000 max_call_ms=0.000000 calls_per_frame=0.00 window_ms=1000 frames=75 nested=1
2026-09-19 21:46:55.392 performance profile engine operation=axis_lookup avg_ms=0.654616 max_call_ms=2.283200 calls_per_frame=40.69 window_ms=1000 frames=75 nested=1
2026-09-19 21:46:55.392 performance profile engine operation=pivot_query avg_ms=0.022081 max_call_ms=0.012500 calls_per_frame=91.00 window_ms=1000 frames=75 nested=1
2026-09-19 21:46:55.392 collision profile window_ms=1000 frames=75 avg_ms body_collection=0.007407 body_solve=0.001477 body_position=0.000036 body_refine=0.000691 body_velocity=0.000045 addon_prepare_query=0.000000 addon_coherent_solve=0.000000 addon_visible_solve=0.000000 room_sphere=0.000000 room_sweep=0.000000 room_single=0.000000
2026-09-19 21:46:55.393 collision profile window_ms=1000 frames=75 max_call_ms body_collection=0.016600 body_solve=0.002100 body_position=0.000100 body_refine=0.000800 body_velocity=0.000100 addon_prepare_query=0.000000 addon_coherent_solve=0.000000 addon_visible_solve=0.000000 room_sphere=0.000000 room_sweep=0.000000 room_single=0.000000
2026-09-19 21:46:55.393 collision profile window_ms=1000 frames=75 calls body_collection=83 body_solve=83 body_position=83 body_refine=83 body_velocity=83 addon_prepare_query=0 addon_coherent_solve=0 addon_visible_solve=0 room_sphere=0 room_sweep=0 room_single=0
2026-09-19 21:46:55.393 collision profile window_ms=1000 frames=75 counts body_contacts=0 body_passes=83 body_jacobians=0 body_predictions=166 addon_contacts=0 addon_passes=0 addon_gradients=0 room_nodes=0 room_triangles=0
2026-09-19 21:46:56.392 performance profile window_ms=1000 frames=76 avg_ms total=1.411 housekeeping=0.029 bindings=0.302 diagnostics=0.003 colliders=0.197 axes=0.001 penis=0.239 penis_ownership=0.000 penis_gravity=0.000 penis_collision=0.000 penis_setup=0.000 penis_orientation=0.000 penis_translation=0.000 penis_solver=0.000 testicles=0.067 testicle_active=0.066 breasts=0.252 breasts_active=0.248 butt=0.070 butt_active=0.070 addons=0.242 addon_activation=0.110 addon_drive=0.084 addon_guard=0.000 addon_parent_pivot=0.000 addon_parent_translation=0.002 addon_parent_rotation=0.002 addon_gravity=0.001 addon_rotation_binding=0.000 addon_validation=0.078 addon_solver=0.045 addon_output=0.043 addon_cache=0.009 late=0.007 late_testicles=0.003 late_breasts=0.003 late_butt=0.000 traverse=0.000 addon_collision_body=0.000 addon_collision_self=0.000 addon_collision_addons=0.000 max_ms total=22.607 colliders=0.516 addons=2.093 calls late=76 traverse=0 body_collision=0 self_collision=0 addons_collision=0
2026-09-19 21:46:56.392 performance profile engine operation=symbols avg_ms=0.000000 max_call_ms=0.000000 calls_per_frame=0.00 window_ms=1000 frames=76 nested=1
2026-09-19 21:46:56.392 performance profile engine operation=find_object avg_ms=0.441617 max_call_ms=0.052700 calls_per_frame=1746.24 window_ms=1000 frames=76 nested=1
2026-09-19 21:46:56.393 performance profile engine operation=script_find avg_ms=0.000000 max_call_ms=0.000000 calls_per_frame=0.00 window_ms=1000 frames=76 nested=1
2026-09-19 21:46:56.393 performance profile engine operation=axis_lookup avg_ms=0.544266 max_call_ms=2.150000 calls_per_frame=40.63 window_ms=1000 frames=76 nested=1
2026-09-19 21:46:56.393 performance profile engine operation=pivot_query avg_ms=0.022507 max_call_ms=0.007200 calls_per_frame=91.00 window_ms=1000 frames=76 nested=1
2026-09-19 21:46:56.393 collision profile window_ms=1000 frames=76 avg_ms body_collection=0.007078 body_solve=0.001511 body_position=0.000034 body_refine=0.000724 body_velocity=0.000039 addon_prepare_query=0.000000 addon_coherent_solve=0.000000 addon_visible_solve=0.000000 room_sphere=0.000000 room_sweep=0.000000 room_single=0.000000
2026-09-19 21:46:56.393 collision profile window_ms=1000 frames=76 max_call_ms body_collection=0.013200 body_solve=0.001900 body_position=0.000100 body_refine=0.001000 body_velocity=0.000100 addon_prepare_query=0.000000 addon_coherent_solve=0.000000 addon_visible_solve=0.000000 room_sphere=0.000000 room_sweep=0.000000 room_single=0.000000
2026-09-19 21:46:56.393 collision profile window_ms=1000 frames=76 calls body_collection=86 body_solve=86 body_position=86 body_refine=86 body_velocity=86 addon_prepare_query=0 addon_coherent_solve=0 addon_visible_solve=0 room_sphere=0 room_sweep=0 room_single=0
2026-09-19 21:46:56.394 collision profile window_ms=1000 frames=76 counts body_contacts=0 body_passes=86 body_jacobians=0 body_predictions=172 addon_contacts=0 addon_passes=0 addon_gradients=0 room_nodes=0 room_triangles=0
2026-09-19 21:46:57.391 performance profile window_ms=1000 frames=76 avg_ms total=1.517 housekeeping=0.030 bindings=0.296 diagnostics=0.003 colliders=0.203 axes=0.100 penis=0.241 penis_ownership=0.000 penis_gravity=0.000 penis_collision=0.000 penis_setup=0.000 penis_orientation=0.000 penis_translation=0.000 penis_solver=0.000 testicles=0.068 testicle_active=0.067 breasts=0.253 breasts_active=0.249 butt=0.072 butt_active=0.072 addons=0.241 addon_activation=0.111 addon_drive=0.085 addon_guard=0.000 addon_parent_pivot=0.000 addon_parent_translation=0.002 addon_parent_rotation=0.002 addon_gravity=0.001 addon_rotation_binding=0.000 addon_validation=0.079 addon_solver=0.043 addon_output=0.041 addon_cache=0.009 late=0.007 late_testicles=0.003 late_breasts=0.003 late_butt=0.000 traverse=0.000 addon_collision_body=0.000 addon_collision_self=0.000 addon_collision_addons=0.000 max_ms total=22.323 colliders=0.437 addons=2.024 calls late=76 traverse=0 body_collision=0 self_collision=0 addons_collision=0
2026-09-19 21:46:57.391 performance profile engine operation=symbols avg_ms=0.000000 max_call_ms=0.000000 calls_per_frame=0.00 window_ms=1000 frames=76 nested=1
2026-09-19 21:46:57.391 performance profile engine operation=find_object avg_ms=0.517216 max_call_ms=0.094100 calls_per_frame=2103.49 window_ms=1000 frames=76 nested=1
2026-09-19 21:46:57.391 performance profile engine operation=script_find avg_ms=0.000000 max_call_ms=0.000000 calls_per_frame=0.00 window_ms=1000 frames=76 nested=1
2026-09-19 21:46:57.392 performance profile engine operation=axis_lookup avg_ms=0.646504 max_call_ms=2.066400 calls_per_frame=40.71 window_ms=1000 frames=76 nested=1
2026-09-19 21:46:57.392 performance profile engine operation=pivot_query avg_ms=0.022791 max_call_ms=0.010100 calls_per_frame=91.00 window_ms=1000 frames=76 nested=1
2026-09-19 21:46:57.392 collision profile window_ms=1000 frames=76 avg_ms body_collection=0.007324 body_solve=0.001441 body_position=0.000043 body_refine=0.000709 body_velocity=0.000062 addon_prepare_query=0.000000 addon_coherent_solve=0.000000 addon_visible_solve=0.000000 room_sphere=0.000000 room_sweep=0.000000 room_single=0.000000
2026-09-19 21:46:57.392 collision profile window_ms=1000 frames=76 max_call_ms body_collection=0.019500 body_solve=0.002000 body_position=0.000300 body_refine=0.000800 body_velocity=0.000100 addon_prepare_query=0.000000 addon_coherent_solve=0.000000 addon_visible_solve=0.000000 room_sphere=0.000000 room_sweep=0.000000 room_single=0.000000
2026-09-19 21:46:57.392 collision profile window_ms=1000 frames=76 calls body_collection=86 body_solve=86 body_position=86 body_refine=86 body_velocity=86 addon_prepare_query=0 addon_coherent_solve=0 addon_visible_solve=0 room_sphere=0 room_sweep=0 room_single=0
2026-09-19 21:46:57.393 collision profile window_ms=1000 frames=76 counts body_contacts=0 body_passes=86 body_jacobians=0 body_predictions=172 addon_contacts=0 addon_passes=0 addon_gradients=0 room_nodes=0 room_triangles=0
2026-09-19 21:46:58.024 performance profile body-update person=Person02 system=testicles update_rate_hz=-1 published_hz=76.4 sample_ms=5000
2026-09-19 21:46:58.399 performance profile window_ms=1000 frames=78 avg_ms total=1.394 housekeeping=0.028 bindings=0.294 diagnostics=0.003 colliders=0.199 axes=0.001 penis=0.231 penis_ownership=0.000 penis_gravity=0.000 penis_collision=0.000 penis_setup=0.000 penis_orientation=0.000 penis_translation=0.000 penis_solver=0.000 testicles=0.072 testicle_active=0.071 breasts=0.247 breasts_active=0.243 butt=0.072 butt_active=0.072 addons=0.238 addon_activation=0.109 addon_drive=0.082 addon_guard=0.000 addon_parent_pivot=0.000 addon_parent_translation=0.002 addon_parent_rotation=0.002 addon_gravity=0.001 addon_rotation_binding=0.000 addon_validation=0.076 addon_solver=0.044 addon_output=0.042 addon_cache=0.009 late=0.006 late_testicles=0.003 late_breasts=0.003 late_butt=0.000 traverse=0.000 addon_collision_body=0.000 addon_collision_self=0.000 addon_collision_addons=0.000 max_ms total=22.514 colliders=0.457 addons=2.049 calls late=78 traverse=0 body_collision=0 self_collision=0 addons_collision=0
2026-09-19 21:46:58.399 performance profile engine operation=symbols avg_ms=0.000000 max_call_ms=0.000000 calls_per_frame=0.00 window_ms=1000 frames=78 nested=1
2026-09-19 21:46:58.399 performance profile engine operation=find_object avg_ms=0.432438 max_call_ms=0.067600 calls_per_frame=1702.64 window_ms=1000 frames=78 nested=1
2026-09-19 21:46:58.399 performance profile engine operation=script_find avg_ms=0.000000 max_call_ms=0.000000 calls_per_frame=0.00 window_ms=1000 frames=78 nested=1
2026-09-19 21:46:58.400 performance profile engine operation=axis_lookup avg_ms=0.529778 max_call_ms=2.028200 calls_per_frame=40.56 window_ms=1000 frames=78 nested=1
2026-09-19 21:46:58.400 performance profile engine operation=pivot_query avg_ms=0.023682 max_call_ms=0.062300 calls_per_frame=91.00 window_ms=1000 frames=78 nested=1
2026-09-19 21:46:58.400 collision profile window_ms=1000 frames=78 avg_ms body_collection=0.007240 body_solve=0.001460 body_position=0.000026 body_refine=0.000714 body_velocity=0.000049 addon_prepare_query=0.000000 addon_coherent_solve=0.000000 addon_visible_solve=0.000000 room_sphere=0.000000 room_sweep=0.000000 room_single=0.000000
2026-09-19 21:46:58.400 collision profile window_ms=1000 frames=78 max_call_ms body_collection=0.021400 body_solve=0.002100 body_position=0.000100 body_refine=0.000900 body_velocity=0.000100 addon_prepare_query=0.000000 addon_coherent_solve=0.000000 addon_visible_solve=0.000000 room_sphere=0.000000 room_sweep=0.000000 room_single=0.000000
2026-09-19 21:46:58.400 collision profile window_ms=1000 frames=78 calls body_collection=88 body_solve=88 body_position=88 body_refine=88 body_velocity=88 addon_prepare_query=0 addon_coherent_solve=0 addon_visible_solve=0 room_sphere=0 room_sweep=0 room_single=0
2026-09-19 21:46:58.400 collision profile window_ms=1000 frames=78 counts body_contacts=0 body_passes=88 body_jacobians=0 body_predictions=176 addon_contacts=0 addon_passes=0 addon_gradients=0 room_nodes=0 room_triangles=0
2026-09-19 21:46:59.289 performance profile body-update person=Person02 system=breasts update_rate_hz=-1 published_hz=76.4 sample_ms=5000
2026-09-19 21:46:59.292 performance profile body-update person=Person02 system=butt update_rate_hz=-1 published_hz=76.4 sample_ms=5000
2026-09-19 21:46:59.397 performance profile window_ms=1000 frames=77 avg_ms total=1.498 housekeeping=0.031 bindings=0.310 diagnostics=0.003 colliders=0.199 axes=0.073 penis=0.233 penis_ownership=0.000 penis_gravity=0.000 penis_collision=0.000 penis_setup=0.000 penis_orientation=0.000 penis_translation=0.000 penis_solver=0.000 testicles=0.069 testicle_active=0.068 breasts=0.255 breasts_active=0.250 butt=0.077 butt_active=0.077 addons=0.237 addon_activation=0.108 addon_drive=0.083 addon_guard=0.000 addon_parent_pivot=0.000 addon_parent_translation=0.002 addon_parent_rotation=0.002 addon_gravity=0.001 addon_rotation_binding=0.000 addon_validation=0.077 addon_solver=0.044 addon_output=0.042 addon_cache=0.010 late=0.007 late_testicles=0.003 late_breasts=0.003 late_butt=0.000 traverse=0.000 addon_collision_body=0.000 addon_collision_self=0.000 addon_collision_addons=0.000 max_ms total=23.293 colliders=0.419 addons=2.062 calls late=77 traverse=0 body_collision=0 self_collision=0 addons_collision=0
2026-09-19 21:46:59.397 performance profile engine operation=symbols avg_ms=0.000000 max_call_ms=0.000000 calls_per_frame=0.00 window_ms=1000 frames=77 nested=1
2026-09-19 21:46:59.397 performance profile engine operation=find_object avg_ms=0.489987 max_call_ms=0.044500 calls_per_frame=1988.58 window_ms=1000 frames=77 nested=1
2026-09-19 21:46:59.397 performance profile engine operation=script_find avg_ms=0.000000 max_call_ms=0.000000 calls_per_frame=0.00 window_ms=1000 frames=77 nested=1
2026-09-19 21:46:59.397 performance profile engine operation=axis_lookup avg_ms=0.608397 max_call_ms=2.196400 calls_per_frame=40.65 window_ms=1000 frames=77 nested=1
2026-09-19 21:46:59.398 performance profile engine operation=pivot_query avg_ms=0.023564 max_call_ms=0.005300 calls_per_frame=91.00 window_ms=1000 frames=77 nested=1
2026-09-19 21:46:59.398 collision profile window_ms=1000 frames=77 avg_ms body_collection=0.007714 body_solve=0.001449 body_position=0.000036 body_refine=0.000690 body_velocity=0.000043 addon_prepare_query=0.000000 addon_coherent_solve=0.000000 addon_visible_solve=0.000000 room_sphere=0.000000 room_sweep=0.000000 room_single=0.000000
2026-09-19 21:46:59.399 collision profile window_ms=1000 frames=77 max_call_ms body_collection=0.023100 body_solve=0.002500 body_position=0.000100 body_refine=0.000900 body_velocity=0.000100 addon_prepare_query=0.000000 addon_coherent_solve=0.000000 addon_visible_solve=0.000000 room_sphere=0.000000 room_sweep=0.000000 room_single=0.000000
2026-09-19 21:46:59.399 collision profile window_ms=1000 frames=77 calls body_collection=85 body_solve=85 body_position=85 body_refine=85 body_velocity=85 addon_prepare_query=0 addon_coherent_solve=0 addon_visible_solve=0 room_sphere=0 room_sweep=0 room_single=0
2026-09-19 21:46:59.399 collision profile window_ms=1000 frames=77 counts body_contacts=0 body_passes=85 body_jacobians=0 body_predictions=170 addon_contacts=0 addon_passes=0 addon_gradients=0 room_nodes=0 room_triangles=0
2026-09-19 21:47:00.394 performance profile window_ms=1000 frames=83 avg_ms total=1.301 housekeeping=0.026 bindings=0.277 diagnostics=0.003 colliders=0.184 axes=0.001 penis=0.216 penis_ownership=0.000 penis_gravity=0.000 penis_collision=0.000 penis_setup=0.000 penis_orientation=0.000 penis_translation=0.000 penis_solver=0.000 testicles=0.067 testicle_active=0.066 breasts=0.232 breasts_active=0.228 butt=0.071 butt_active=0.071 addons=0.214 addon_activation=0.100 addon_drive=0.072 addon_guard=0.000 addon_parent_pivot=0.000 addon_parent_translation=0.002 addon_parent_rotation=0.002 addon_gravity=0.001 addon_rotation_binding=0.000 addon_validation=0.066 addon_solver=0.040 addon_output=0.038 addon_cache=0.009 late=0.006 late_testicles=0.003 late_breasts=0.003 late_butt=0.000 traverse=0.000 addon_collision_body=0.000 addon_collision_self=0.000 addon_collision_addons=0.000 max_ms total=22.642 colliders=0.362 addons=2.032 calls late=83 traverse=0 body_collision=0 self_collision=0 addons_collision=0
2026-09-19 21:47:00.394 performance profile engine operation=symbols avg_ms=0.000000 max_call_ms=0.000000 calls_per_frame=0.00 window_ms=1000 frames=83 nested=1
2026-09-19 21:47:00.394 performance profile engine operation=find_object avg_ms=0.404886 max_call_ms=0.122400 calls_per_frame=1602.81 window_ms=1000 frames=83 nested=1
2026-09-19 21:47:00.394 performance profile engine operation=script_find avg_ms=0.000000 max_call_ms=0.000000 calls_per_frame=0.00 window_ms=1000 frames=83 nested=1
2026-09-19 21:47:00.395 performance profile engine operation=axis_lookup avg_ms=0.499231 max_call_ms=2.153700 calls_per_frame=40.46 window_ms=1000 frames=83 nested=1
2026-09-19 21:47:00.395 performance profile engine operation=pivot_query avg_ms=0.020739 max_call_ms=0.005900 calls_per_frame=91.00 window_ms=1000 frames=83 nested=1
2026-09-19 21:47:00.395 collision profile window_ms=1000 frames=83 avg_ms body_collection=0.007100 body_solve=0.001405 body_position=0.000035 body_refine=0.000670 body_velocity=0.000045 addon_prepare_query=0.000000 addon_coherent_solve=0.000000 addon_visible_solve=0.000000 room_sphere=0.000000 room_sweep=0.000000 room_single=0.000000
2026-09-19 21:47:00.395 collision profile window_ms=1000 frames=83 max_call_ms body_collection=0.018900 body_solve=0.002300 body_position=0.000100 body_refine=0.000900 body_velocity=0.000100 addon_prepare_query=0.000000 addon_coherent_solve=0.000000 addon_visible_solve=0.000000 room_sphere=0.000000 room_sweep=0.000000 room_single=0.000000
2026-09-19 21:47:00.395 collision profile window_ms=1000 frames=83 calls body_collection=88 body_solve=88 body_position=88 body_refine=88 body_velocity=88 addon_prepare_query=0 addon_coherent_solve=0 addon_visible_solve=0 room_sphere=0 room_sweep=0 room_single=0
2026-09-19 21:47:00.396 collision profile window_ms=1000 frames=83 counts body_contacts=0 body_passes=88 body_jacobians=0 body_predictions=176 addon_contacts=0 addon_passes=0 addon_gradients=0 room_nodes=0 room_triangles=0
2026-09-19 21:47:00.521 incoming collision-strength breasts=1.000 butt=1.000 penis=1.000 testicle=1.000
2026-09-19 21:47:01.391 performance profile window_ms=1000 frames=73 avg_ms total=2.872 housekeeping=1.213 bindings=0.330 diagnostics=0.003 colliders=0.193 axes=0.104 penis=0.418 penis_ownership=0.136 penis_gravity=0.006 penis_collision=0.000 penis_setup=0.126 penis_orientation=0.001 penis_translation=0.003 penis_solver=0.016 testicles=0.058 testicle_active=0.058 breasts=0.264 breasts_active=0.260 butt=0.072 butt_active=0.072 addons=0.206 addon_activation=0.079 addon_drive=0.084 addon_guard=0.000 addon_parent_pivot=0.000 addon_parent_translation=0.002 addon_parent_rotation=0.002 addon_gravity=0.001 addon_rotation_binding=0.000 addon_validation=0.078 addon_solver=0.040 addon_output=0.039 addon_cache=0.011 late=0.008 late_testicles=0.003 late_breasts=0.004 late_butt=0.001 traverse=0.000 addon_collision_body=0.000 addon_collision_self=0.000 addon_collision_addons=0.000 max_ms total=91.039 colliders=0.450 addons=0.907 calls late=73 traverse=0 body_collision=0 self_collision=0 addons_collision=0
2026-09-19 21:47:01.391 performance profile engine operation=symbols avg_ms=0.000000 max_call_ms=0.000000 calls_per_frame=0.00 window_ms=1000 frames=73 nested=1
2026-09-19 21:47:01.392 performance profile engine operation=find_object avg_ms=0.511478 max_call_ms=0.084600 calls_per_frame=2098.29 window_ms=1000 frames=73 nested=1
2026-09-19 21:47:01.392 performance profile engine operation=script_find avg_ms=0.000000 max_call_ms=0.000000 calls_per_frame=0.00 window_ms=1000 frames=73 nested=1
2026-09-19 21:47:01.392 performance profile engine operation=axis_lookup avg_ms=0.649729 max_call_ms=2.049900 calls_per_frame=42.75 window_ms=1000 frames=73 nested=1
2026-09-19 21:47:01.392 performance profile engine operation=pivot_query avg_ms=0.022221 max_call_ms=0.002900 calls_per_frame=92.93 window_ms=1000 frames=73 nested=1
2026-09-19 21:47:01.392 collision profile window_ms=1000 frames=73 avg_ms body_collection=0.009184 body_solve=0.001510 body_position=0.000029 body_refine=0.000737 body_velocity=0.000051 addon_prepare_query=0.000000 addon_coherent_solve=0.000000 addon_visible_solve=0.000000 room_sphere=0.000000 room_sweep=0.000000 room_single=0.000000
2026-09-19 21:47:01.393 collision profile window_ms=1000 frames=73 max_call_ms body_collection=0.023600 body_solve=0.002800 body_position=0.000100 body_refine=0.000900 body_velocity=0.000100 addon_prepare_query=0.000000 addon_coherent_solve=0.000000 addon_visible_solve=0.000000 room_sphere=0.000000 room_sweep=0.000000 room_single=0.000000
2026-09-19 21:47:01.393 collision profile window_ms=1000 frames=73 calls body_collection=85 body_solve=85 body_position=85 body_refine=85 body_velocity=85 addon_prepare_query=0 addon_coherent_solve=0 addon_visible_solve=0 room_sphere=0 room_sweep=0 room_single=0
2026-09-19 21:47:01.393 collision profile window_ms=1000 frames=73 counts body_contacts=0 body_passes=85 body_jacobians=0 body_predictions=207 addon_contacts=0 addon_passes=0 addon_gradients=0 room_nodes=0 room_triangles=0
2026-09-19 21:47:02.396 performance profile window_ms=1000 frames=83 avg_ms total=1.379 housekeeping=0.025 bindings=0.277 diagnostics=0.003 colliders=0.189 axes=0.046 penis=0.250 penis_ownership=0.007 penis_gravity=0.006 penis_collision=0.009 penis_setup=0.011 penis_orientation=0.001 penis_translation=0.003 penis_solver=0.026 testicles=0.051 testicle_active=0.051 breasts=0.233 breasts_active=0.228 butt=0.073 butt_active=0.073 addons=0.222 addon_activation=0.102 addon_drive=0.076 addon_guard=0.000 addon_parent_pivot=0.000 addon_parent_translation=0.002 addon_parent_rotation=0.002 addon_gravity=0.001 addon_rotation_binding=0.000 addon_validation=0.070 addon_solver=0.041 addon_output=0.040 addon_cache=0.009 late=0.007 late_testicles=0.003 late_breasts=0.003 late_butt=0.000 traverse=0.000 addon_collision_body=0.000 addon_collision_self=0.000 addon_collision_addons=0.000 max_ms total=22.763 colliders=0.364 addons=2.016 calls late=83 traverse=0 body_collision=0 self_collision=0 addons_collision=0
2026-09-19 21:47:02.396 performance profile engine operation=symbols avg_ms=0.000000 max_call_ms=0.000000 calls_per_frame=0.00 window_ms=1000 frames=83 nested=1
2026-09-19 21:47:02.396 performance profile engine operation=find_object avg_ms=0.417553 max_call_ms=0.053700 calls_per_frame=1684.54 window_ms=1000 frames=83 nested=1
2026-09-19 21:47:02.396 performance profile engine operation=script_find avg_ms=0.000000 max_call_ms=0.000000 calls_per_frame=0.00 window_ms=1000 frames=83 nested=1
2026-09-19 21:47:02.396 performance profile engine operation=axis_lookup avg_ms=0.526822 max_call_ms=2.119200 calls_per_frame=42.41 window_ms=1000 frames=83 nested=1
2026-09-19 21:47:02.396 performance profile engine operation=pivot_query avg_ms=0.022263 max_call_ms=0.015300 calls_per_frame=93.00 window_ms=1000 frames=83 nested=1
2026-09-19 21:47:02.398 collision profile window_ms=1000 frames=83 avg_ms body_collection=0.013927 body_solve=0.002045 body_position=0.000041 body_refine=0.001090 body_velocity=0.000057 addon_prepare_query=0.000000 addon_coherent_solve=0.000000 addon_visible_solve=0.000000 room_sphere=0.000000 room_sweep=0.000000 room_single=0.000000
2026-09-19 21:47:02.398 collision profile window_ms=1000 frames=83 max_call_ms body_collection=0.036400 body_solve=0.002700 body_position=0.000100 body_refine=0.001100 body_velocity=0.000100 addon_prepare_query=0.000000 addon_coherent_solve=0.000000 addon_visible_solve=0.000000 room_sphere=0.000000 room_sweep=0.000000 room_single=0.000000
2026-09-19 21:47:02.398 collision profile window_ms=1000 frames=83 calls body_collection=131 body_solve=131 body_position=131 body_refine=131 body_velocity=131 addon_prepare_query=0 addon_coherent_solve=0 addon_visible_solve=0 room_sphere=0 room_sweep=0 room_single=0
2026-09-19 21:47:02.398 collision profile window_ms=1000 frames=83 counts body_contacts=0 body_passes=131 body_jacobians=0 body_predictions=393 addon_contacts=0 addon_passes=0 addon_gradients=0 room_nodes=0 room_triangles=0
2026-09-19 21:47:03.028 performance profile body-update person=Person02 system=testicles update_rate_hz=-1 published_hz=78.6 sample_ms=5000
2026-09-19 21:47:03.398 performance profile window_ms=1000 frames=74 avg_ms total=1.536 housekeeping=0.029 bindings=0.312 diagnostics=0.003 colliders=0.195 axes=0.052 penis=0.313 penis_ownership=0.009 penis_gravity=0.006 penis_collision=0.020 penis_setup=0.013 penis_orientation=0.001 penis_translation=0.003 penis_solver=0.027 testicles=0.059 testicle_active=0.058 breasts=0.257 breasts_active=0.252 butt=0.074 butt_active=0.074 addons=0.232 addon_activation=0.106 addon_drive=0.082 addon_guard=0.000 addon_parent_pivot=0.000 addon_parent_translation=0.002 addon_parent_rotation=0.001 addon_gravity=0.001 addon_rotation_binding=0.000 addon_validation=0.075 addon_solver=0.042 addon_output=0.040 addon_cache=0.009 late=0.007 late_testicles=0.003 late_breasts=0.003 late_butt=0.000 traverse=0.000 addon_collision_body=0.000 addon_collision_self=0.000 addon_collision_addons=0.000 max_ms total=22.622 colliders=0.436 addons=2.024 calls late=74 traverse=0 body_collision=0 self_collision=0 addons_collision=0
2026-09-19 21:47:03.399 performance profile engine operation=symbols avg_ms=0.000000 max_call_ms=0.000000 calls_per_frame=0.00 window_ms=1000 frames=74 nested=1
2026-09-19 21:47:03.399 performance profile engine operation=find_object avg_ms=0.479735 max_call_ms=0.037000 calls_per_frame=1975.50 window_ms=1000 frames=74 nested=1
2026-09-19 21:47:03.399 performance profile engine operation=script_find avg_ms=0.000000 max_call_ms=0.000000 calls_per_frame=0.00 window_ms=1000 frames=74 nested=1
2026-09-19 21:47:03.399 performance profile engine operation=axis_lookup avg_ms=0.610073 max_call_ms=2.041100 calls_per_frame=42.65 window_ms=1000 frames=74 nested=1
2026-09-19 21:47:03.400 performance profile engine operation=pivot_query avg_ms=0.023672 max_call_ms=0.087800 calls_per_frame=93.00 window_ms=1000 frames=74 nested=1
2026-09-19 21:47:03.400 collision profile window_ms=1000 frames=74 avg_ms body_collection=0.021530 body_solve=0.002995 body_position=0.000078 body_refine=0.001731 body_velocity=0.000100 addon_prepare_query=0.000000 addon_coherent_solve=0.000000 addon_visible_solve=0.000000 room_sphere=0.000000 room_sweep=0.000000 room_single=0.000000
2026-09-19 21:47:03.400 collision profile window_ms=1000 frames=74 max_call_ms body_collection=0.032800 body_solve=0.003200 body_position=0.000100 body_refine=0.001600 body_velocity=0.000100 addon_prepare_query=0.000000 addon_coherent_solve=0.000000 addon_visible_solve=0.000000 room_sphere=0.000000 room_sweep=0.000000 room_single=0.000000
2026-09-19 21:47:03.400 collision profile window_ms=1000 frames=74 calls body_collection=176 body_solve=176 body_position=176 body_refine=176 body_velocity=176 addon_prepare_query=0 addon_coherent_solve=0 addon_visible_solve=0 room_sphere=0 room_sweep=0 room_single=0
2026-09-19 21:47:03.400 collision profile window_ms=1000 frames=74 counts body_contacts=0 body_passes=176 body_jacobians=0 body_predictions=528 addon_contacts=0 addon_passes=0 addon_gradients=0 room_nodes=0 room_triangles=0
2026-09-19 21:47:04.293 performance profile body-update person=Person02 system=breasts update_rate_hz=-1 published_hz=78.0 sample_ms=5000
2026-09-19 21:47:04.296 performance profile body-update person=Person02 system=butt update_rate_hz=-1 published_hz=78.0 sample_ms=5000
2026-09-19 21:47:04.394 performance profile window_ms=1000 frames=76 avg_ms total=1.590 housekeeping=0.029 bindings=0.298 diagnostics=0.003 colliders=0.205 axes=0.101 penis=0.305 penis_ownership=0.008 penis_gravity=0.006 penis_collision=0.019 penis_setup=0.011 penis_orientation=0.001 penis_translation=0.003 penis_solver=0.026 testicles=0.050 testicle_active=0.050 breasts=0.261 breasts_active=0.257 butt=0.077 butt_active=0.076 addons=0.249 addon_activation=0.112 addon_drive=0.087 addon_guard=0.001 addon_parent_pivot=0.000 addon_parent_translation=0.002 addon_parent_rotation=0.002 addon_gravity=0.001 addon_rotation_binding=0.000 addon_validation=0.081 addon_solver=0.047 addon_output=0.045 addon_cache=0.010 late=0.007 late_testicles=0.003 late_breasts=0.003 late_butt=0.000 traverse=0.000 addon_collision_body=0.000 addon_collision_self=0.000 addon_collision_addons=0.000 max_ms total=22.318 colliders=0.585 addons=2.064 calls late=76 traverse=0 body_collision=0 self_collision=0 addons_collision=0
2026-09-19 21:47:04.394 performance profile engine operation=symbols avg_ms=0.000000 max_call_ms=0.000000 calls_per_frame=0.00 window_ms=1000 frames=76 nested=1
2026-09-19 21:47:04.394 performance profile engine operation=find_object avg_ms=0.512400 max_call_ms=0.048700 calls_per_frame=2103.43 window_ms=1000 frames=76 nested=1
2026-09-19 21:47:04.394 performance profile engine operation=script_find avg_ms=0.000000 max_call_ms=0.000000 calls_per_frame=0.00 window_ms=1000 frames=76 nested=1
2026-09-19 21:47:04.395 performance profile engine operation=axis_lookup avg_ms=0.652462 max_call_ms=2.074600 calls_per_frame=42.66 window_ms=1000 frames=76 nested=1
2026-09-19 21:47:04.395 performance profile engine operation=pivot_query avg_ms=0.024155 max_call_ms=0.005600 calls_per_frame=93.00 window_ms=1000 frames=76 nested=1
2026-09-19 21:47:04.395 collision profile window_ms=1000 frames=76 avg_ms body_collection=0.020675 body_solve=0.002796 body_position=0.000070 body_refine=0.001572 body_velocity=0.000072 addon_prepare_query=0.000000 addon_coherent_solve=0.000000 addon_visible_solve=0.000000 room_sphere=0.000000 room_sweep=0.000000 room_single=0.000000
2026-09-19 21:47:04.395 collision profile window_ms=1000 frames=76 max_call_ms body_collection=0.038300 body_solve=0.003400 body_position=0.000300 body_refine=0.001200 body_velocity=0.000100 addon_prepare_query=0.000000 addon_coherent_solve=0.000000 addon_visible_solve=0.000000 room_sphere=0.000000 room_sweep=0.000000 room_single=0.000000
2026-09-19 21:47:04.395 collision profile window_ms=1000 frames=76 calls body_collection=168 body_solve=168 body_position=168 body_refine=168 body_velocity=168 addon_prepare_query=0 addon_coherent_solve=0 addon_visible_solve=0 room_sphere=0 room_sweep=0 room_single=0
2026-09-19 21:47:04.395 collision profile window_ms=1000 frames=76 counts body_contacts=0 body_passes=168 body_jacobians=0 body_predictions=504 addon_contacts=0 addon_passes=0 addon_gradients=0 room_nodes=0 room_triangles=0
2026-09-19 21:47:05.393 performance profile window_ms=1000 frames=76 avg_ms total=1.447 housekeeping=0.028 bindings=0.306 diagnostics=0.003 colliders=0.191 axes=0.001 penis=0.301 penis_ownership=0.008 penis_gravity=0.005 penis_collision=0.020 penis_setup=0.012 penis_orientation=0.001 penis_translation=0.003 penis_solver=0.026 testicles=0.049 testicle_active=0.049 breasts=0.250 breasts_active=0.246 butt=0.070 butt_active=0.070 addons=0.239 addon_activation=0.108 addon_drive=0.084 addon_guard=0.001 addon_parent_pivot=0.000 addon_parent_translation=0.002 addon_parent_rotation=0.002 addon_gravity=0.001 addon_rotation_binding=0.000 addon_validation=0.078 addon_solver=0.044 addon_output=0.042 addon_cache=0.009 late=0.006 late_testicles=0.003 late_breasts=0.003 late_butt=0.000 traverse=0.000 addon_collision_body=0.000 addon_collision_self=0.000 addon_collision_addons=0.000 max_ms total=23.106 colliders=0.397 addons=2.059 calls late=76 traverse=0 body_collision=0 self_collision=0 addons_collision=0
2026-09-19 21:47:05.393 performance profile engine operation=symbols avg_ms=0.000000 max_call_ms=0.000000 calls_per_frame=0.00 window_ms=1000 frames=76 nested=1
2026-09-19 21:47:05.393 performance profile engine operation=find_object avg_ms=0.427634 max_call_ms=0.038300 calls_per_frame=1746.17 window_ms=1000 frames=76 nested=1
2026-09-19 21:47:05.394 performance profile engine operation=script_find avg_ms=0.000000 max_call_ms=0.000000 calls_per_frame=0.00 window_ms=1000 frames=76 nested=1
2026-09-19 21:47:05.394 performance profile engine operation=axis_lookup avg_ms=0.539767 max_call_ms=1.944900 calls_per_frame=42.66 window_ms=1000 frames=76 nested=1
2026-09-19 21:47:05.394 performance profile engine operation=pivot_query avg_ms=0.022722 max_call_ms=0.006900 calls_per_frame=93.00 window_ms=1000 frames=76 nested=1
2026-09-19 21:47:05.394 collision profile window_ms=1000 frames=76 avg_ms body_collection=0.020574 body_solve=0.003242 body_position=0.000342 body_refine=0.001632 body_velocity=0.000274 addon_prepare_query=0.000000 addon_coherent_solve=0.000000 addon_visible_solve=0.000000 room_sphere=0.000000 room_sweep=0.000000 room_single=0.000000
2026-09-19 21:47:05.394 collision profile window_ms=1000 frames=76 max_call_ms body_collection=0.027300 body_solve=0.036500 body_position=0.020700 body_refine=0.001600 body_velocity=0.014500 addon_prepare_query=0.000000 addon_coherent_solve=0.000000 addon_visible_solve=0.000000 room_sphere=0.000000 room_sweep=0.000000 room_single=0.000000
2026-09-19 21:47:05.394 collision profile window_ms=1000 frames=76 calls body_collection=172 body_solve=172 body_position=172 body_refine=172 body_velocity=172 addon_prepare_query=0 addon_coherent_solve=0 addon_visible_solve=0 room_sphere=0 room_sweep=0 room_single=0
2026-09-19 21:47:05.395 collision profile window_ms=1000 frames=76 counts body_contacts=2 body_passes=174 body_jacobians=5 body_predictions=563 addon_contacts=0 addon_passes=0 addon_gradients=0 room_nodes=0 room_triangles=0
2026-09-19 21:47:05.543 performance profile body-update person=Person02 system=penis update_rate_hz=-1 published_hz=78.0 sample_ms=5000
2026-09-19 21:47:06.392 performance profile window_ms=1000 frames=76 avg_ms total=1.567 housekeeping=0.032 bindings=0.310 diagnostics=0.003 colliders=0.194 axes=0.103 penis=0.307 penis_ownership=0.008 penis_gravity=0.006 penis_collision=0.020 penis_setup=0.012 penis_orientation=0.001 penis_translation=0.003 penis_solver=0.026 testicles=0.050 testicle_active=0.049 breasts=0.251 breasts_active=0.247 butt=0.072 butt_active=0.072 addons=0.235 addon_activation=0.109 addon_drive=0.078 addon_guard=0.000 addon_parent_pivot=0.000 addon_parent_translation=0.002 addon_parent_rotation=0.002 addon_gravity=0.001 addon_rotation_binding=0.000 addon_validation=0.072 addon_solver=0.046 addon_output=0.044 addon_cache=0.009 late=0.006 late_testicles=0.003 late_breasts=0.003 late_butt=0.000 traverse=0.000 addon_collision_body=0.000 addon_collision_self=0.000 addon_collision_addons=0.000 max_ms total=22.984 colliders=0.435 addons=2.039 calls late=76 traverse=0 body_collision=0 self_collision=0 addons_collision=0
2026-09-19 21:47:06.393 performance profile engine operation=symbols avg_ms=0.000000 max_call_ms=0.000000 calls_per_frame=0.00 window_ms=1000 frames=76 nested=1
2026-09-19 21:47:06.393 performance profile engine operation=find_object avg_ms=0.508596 max_call_ms=0.036400 calls_per_frame=2103.46 window_ms=1000 frames=76 nested=1
2026-09-19 21:47:06.393 performance profile engine operation=script_find avg_ms=0.000000 max_call_ms=0.000000 calls_per_frame=0.00 window_ms=1000 frames=76 nested=1
2026-09-19 21:47:06.394 performance profile engine operation=axis_lookup avg_ms=0.646089 max_call_ms=2.023800 calls_per_frame=42.68 window_ms=1000 frames=76 nested=1
2026-09-19 21:47:06.394 performance profile engine operation=pivot_query avg_ms=0.023747 max_call_ms=0.006300 calls_per_frame=93.00 window_ms=1000 frames=76 nested=1
2026-09-19 21:47:06.394 collision profile window_ms=1000 frames=76 avg_ms body_collection=0.020895 body_solve=0.002808 body_position=0.000070 body_refine=0.001612 body_velocity=0.000088 addon_prepare_query=0.000000 addon_coherent_solve=0.000000 addon_visible_solve=0.000000 room_sphere=0.000000 room_sweep=0.000000 room_single=0.000000
2026-09-19 21:47:06.394 collision profile window_ms=1000 frames=76 max_call_ms body_collection=0.033100 body_solve=0.003900 body_position=0.000100 body_refine=0.001700 body_velocity=0.000100 addon_prepare_query=0.000000 addon_coherent_solve=0.000000 addon_visible_solve=0.000000 room_sphere=0.000000 room_sweep=0.000000 room_single=0.000000
2026-09-19 21:47:06.394 collision profile window_ms=1000 frames=76 calls body_collection=170 body_solve=170 body_position=170 body_refine=170 body_velocity=170 addon_prepare_query=0 addon_coherent_solve=0 addon_visible_solve=0 room_sphere=0 room_sweep=0 room_single=0
2026-09-19 21:47:06.394 collision profile window_ms=1000 frames=76 counts body_contacts=0 body_passes=170 body_jacobians=0 body_predictions=510 addon_contacts=0 addon_passes=0 addon_gradients=0 room_nodes=0 room_triangles=0
2026-09-19 21:47:07.394 performance profile window_ms=1000 frames=76 avg_ms total=1.467 housekeeping=0.028 bindings=0.307 diagnostics=0.003 colliders=0.196 axes=0.001 penis=0.302 penis_ownership=0.008 penis_gravity=0.005 penis_collision=0.020 penis_setup=0.011 penis_orientation=0.001 penis_translation=0.003 penis_solver=0.026 testicles=0.051 testicle_active=0.050 breasts=0.252 breasts_active=0.247 butt=0.074 butt_active=0.074 addons=0.243 addon_activation=0.112 addon_drive=0.081 addon_guard=0.001 addon_parent_pivot=0.001 addon_parent_translation=0.002 addon_parent_rotation=0.002 addon_gravity=0.001 addon_rotation_binding=0.000 addon_validation=0.074 addon_solver=0.047 addon_output=0.045 addon_cache=0.010 late=0.006 late_testicles=0.003 late_breasts=0.003 late_butt=0.000 traverse=0.000 addon_collision_body=0.000 addon_collision_self=0.000 addon_collision_addons=0.000 max_ms total=22.894 colliders=0.404 addons=2.151 calls late=76 traverse=0 body_collision=0 self_collision=0 addons_collision=0
2026-09-19 21:47:07.395 performance profile engine operation=symbols avg_ms=0.000000 max_call_ms=0.000000 calls_per_frame=0.00 window_ms=1000 frames=76 nested=1
2026-09-19 21:47:07.395 performance profile engine operation=find_object avg_ms=0.435720 max_call_ms=0.046600 calls_per_frame=1746.21 window_ms=1000 frames=76 nested=1
2026-09-19 21:47:07.395 performance profile engine operation=script_find avg_ms=0.000000 max_call_ms=0.000000 calls_per_frame=0.00 window_ms=1000 frames=76 nested=1
2026-09-19 21:47:07.396 performance profile engine operation=axis_lookup avg_ms=0.547680 max_call_ms=2.002000 calls_per_frame=42.61 window_ms=1000 frames=76 nested=1
2026-09-19 21:47:07.396 performance profile engine operation=pivot_query avg_ms=0.023654 max_call_ms=0.021300 calls_per_frame=93.00 window_ms=1000 frames=76 nested=1
2026-09-19 21:47:07.396 collision profile window_ms=1000 frames=76 avg_ms body_collection=0.021171 body_solve=0.002907 body_position=0.000064 body_refine=0.001651 body_velocity=0.000082 addon_prepare_query=0.000000 addon_coherent_solve=0.000000 addon_visible_solve=0.000000 room_sphere=0.000000 room_sweep=0.000000 room_single=0.000000
2026-09-19 21:47:07.396 collision profile window_ms=1000 frames=76 max_call_ms body_collection=0.025300 body_solve=0.002500 body_position=0.000100 body_refine=0.001200 body_velocity=0.000100 addon_prepare_query=0.000000 addon_coherent_solve=0.000000 addon_visible_solve=0.000000 room_sphere=0.000000 room_sweep=0.000000 room_single=0.000000
2026-09-19 21:47:07.396 collision profile window_ms=1000 frames=76 calls body_collection=176 body_solve=176 body_position=176 body_refine=176 body_velocity=176 addon_prepare_query=0 addon_coherent_solve=0 addon_visible_solve=0 room_sphere=0 room_sweep=0 room_single=0
2026-09-19 21:47:07.397 collision profile window_ms=1000 frames=76 counts body_contacts=0 body_passes=176 body_jacobians=0 body_predictions=528 addon_contacts=0 addon_passes=0 addon_gradients=0 room_nodes=0 room_triangles=0
2026-09-19 21:47:08.024 performance profile body-update person=Person02 system=testicles update_rate_hz=-1 published_hz=75.4 sample_ms=5000
2026-09-19 21:47:08.401 performance profile window_ms=1000 frames=72 avg_ms total=1.649 housekeeping=0.038 bindings=0.325 diagnostics=0.003 colliders=0.197 axes=0.109 penis=0.320 penis_ownership=0.008 penis_gravity=0.006 penis_collision=0.020 penis_setup=0.012 penis_orientation=0.001 penis_translation=0.003 penis_solver=0.028 testicles=0.057 testicle_active=0.056 breasts=0.266 breasts_active=0.262 butt=0.073 butt_active=0.072 addons=0.250 addon_activation=0.116 addon_drive=0.085 addon_guard=0.000 addon_parent_pivot=0.000 addon_parent_translation=0.002 addon_parent_rotation=0.002 addon_gravity=0.001 addon_rotation_binding=0.000 addon_validation=0.078 addon_solver=0.047 addon_output=0.045 addon_cache=0.010 late=0.007 late_testicles=0.003 late_breasts=0.003 late_butt=0.000 traverse=0.000 addon_collision_body=0.000 addon_collision_self=0.000 addon_collision_addons=0.000 max_ms total=22.720 colliders=0.445 addons=2.135 calls late=72 traverse=0 body_collision=0 self_collision=0 addons_collision=0
2026-09-19 21:47:08.402 performance profile engine operation=symbols avg_ms=0.000000 max_call_ms=0.000000 calls_per_frame=0.00 window_ms=1000 frames=72 nested=1
2026-09-19 21:47:08.402 performance profile engine operation=find_object avg_ms=0.537639 max_call_ms=0.049600 calls_per_frame=2217.79 window_ms=1000 frames=72 nested=1
2026-09-19 21:47:08.402 performance profile engine operation=script_find avg_ms=0.000000 max_call_ms=0.000000 calls_per_frame=0.00 window_ms=1000 frames=72 nested=1
2026-09-19 21:47:08.402 performance profile engine operation=axis_lookup avg_ms=0.686042 max_call_ms=2.138900 calls_per_frame=42.86 window_ms=1000 frames=72 nested=1
2026-09-19 21:47:08.402 performance profile engine operation=pivot_query avg_ms=0.023992 max_call_ms=0.004200 calls_per_frame=93.00 window_ms=1000 frames=72 nested=1
2026-09-19 21:47:08.402 collision profile window_ms=1000 frames=72 avg_ms body_collection=0.021285 body_solve=0.002996 body_position=0.000067 body_refine=0.001725 body_velocity=0.000090 addon_prepare_query=0.000000 addon_coherent_solve=0.000000 addon_visible_solve=0.000000 room_sphere=0.000000 room_sweep=0.000000 room_single=0.000000
2026-09-19 21:47:08.403 collision profile window_ms=1000 frames=72 max_call_ms body_collection=0.025200 body_solve=0.002700 body_position=0.000100 body_refine=0.002300 body_velocity=0.000100 addon_prepare_query=0.000000 addon_coherent_solve=0.000000 addon_visible_solve=0.000000 room_sphere=0.000000 room_sweep=0.000000 room_single=0.000000
2026-09-19 21:47:08.403 collision profile window_ms=1000 frames=72 calls body_collection=170 body_solve=170 body_position=170 body_refine=170 body_velocity=170 addon_prepare_query=0 addon_coherent_solve=0 addon_visible_solve=0 room_sphere=0 room_sweep=0 room_single=0
2026-09-19 21:47:08.403 collision profile window_ms=1000 frames=72 counts body_contacts=0 body_passes=170 body_jacobians=0 body_predictions=510 addon_contacts=0 addon_passes=0 addon_gradients=0 room_nodes=0 room_triangles=0
2026-09-19 21:47:09.292 performance profile body-update person=Person02 system=breasts update_rate_hz=-1 published_hz=72.6 sample_ms=5000
2026-09-19 21:47:09.294 performance profile body-update person=Person02 system=butt update_rate_hz=-1 published_hz=72.6 sample_ms=5000
2026-09-19 21:47:09.404 performance profile window_ms=1015 frames=63 avg_ms total=1.698 housekeeping=0.035 bindings=0.365 diagnostics=0.003 colliders=0.193 axes=0.061 penis=0.322 penis_ownership=0.007 penis_gravity=0.005 penis_collision=0.021 penis_setup=0.011 penis_orientation=0.001 penis_translation=0.003 penis_solver=0.028 testicles=0.051 testicle_active=0.050 breasts=0.306 breasts_active=0.302 butt=0.074 butt_active=0.074 addons=0.279 addon_activation=0.127 addon_drive=0.100 addon_guard=0.001 addon_parent_pivot=0.000 addon_parent_translation=0.002 addon_parent_rotation=0.002 addon_gravity=0.002 addon_rotation_binding=0.000 addon_validation=0.093 addon_solver=0.049 addon_output=0.047 addon_cache=0.010 late=0.007 late_testicles=0.003 late_breasts=0.003 late_butt=0.000 traverse=0.000 addon_collision_body=0.000 addon_collision_self=0.000 addon_collision_addons=0.000 max_ms total=22.609 colliders=0.333 addons=2.029 calls late=63 traverse=0 body_collision=0 self_collision=0 addons_collision=0
2026-09-19 21:47:09.404 performance profile engine operation=symbols avg_ms=0.000000 max_call_ms=0.000000 calls_per_frame=0.00 window_ms=1015 frames=63 nested=1
2026-09-19 21:47:09.404 performance profile engine operation=find_object avg_ms=0.531037 max_call_ms=0.093600 calls_per_frame=2204.65 window_ms=1015 frames=63 nested=1
2026-09-19 21:47:09.404 performance profile engine operation=script_find avg_ms=0.000000 max_call_ms=0.000000 calls_per_frame=0.00 window_ms=1015 frames=63 nested=1
2026-09-19 21:47:09.405 performance profile engine operation=axis_lookup avg_ms=0.673195 max_call_ms=2.008400 calls_per_frame=43.11 window_ms=1015 frames=63 nested=1
2026-09-19 21:47:09.405 performance profile engine operation=pivot_query avg_ms=0.023932 max_call_ms=0.014500 calls_per_frame=93.00 window_ms=1015 frames=63 nested=1
2026-09-19 21:47:09.405 collision profile window_ms=1015 frames=63 avg_ms body_collection=0.022148 body_solve=0.003173 body_position=0.000079 body_refine=0.001886 body_velocity=0.000095 addon_prepare_query=0.000000 addon_coherent_solve=0.000000 addon_visible_solve=0.000000 room_sphere=0.000000 room_sweep=0.000000 room_single=0.000000
2026-09-19 21:47:09.405 collision profile window_ms=1015 frames=63 max_call_ms body_collection=0.024300 body_solve=0.002300 body_position=0.000100 body_refine=0.001200 body_velocity=0.000100 addon_prepare_query=0.000000 addon_coherent_solve=0.000000 addon_visible_solve=0.000000 room_sphere=0.000000 room_sweep=0.000000 room_single=0.000000
2026-09-19 21:47:09.405 collision profile window_ms=1015 frames=63 calls body_collection=168 body_solve=168 body_position=168 body_refine=168 body_velocity=168 addon_prepare_query=0 addon_coherent_solve=0 addon_visible_solve=0 room_sphere=0 room_sweep=0 room_single=0
2026-09-19 21:47:09.405 collision profile window_ms=1015 frames=63 counts body_contacts=0 body_passes=168 body_jacobians=0 body_predictions=504 addon_contacts=0 addon_passes=0 addon_gradients=0 room_nodes=0 room_triangles=0
2026-09-19 21:47:10.405 performance profile window_ms=1000 frames=56 avg_ms total=2.022 housekeeping=0.149 bindings=0.444 diagnostics=0.003 colliders=0.185 axes=0.170 penis=0.352 penis_ownership=0.010 penis_gravity=0.005 penis_collision=0.021 penis_setup=0.014 penis_orientation=0.001 penis_translation=0.003 penis_solver=0.029 testicles=0.051 testicle_active=0.051 breasts=0.298 breasts_active=0.294 butt=0.072 butt_active=0.071 addons=0.289 addon_activation=0.129 addon_drive=0.108 addon_guard=0.001 addon_parent_pivot=0.000 addon_parent_translation=0.002 addon_parent_rotation=0.002 addon_gravity=0.002 addon_rotation_binding=0.000 addon_validation=0.102 addon_solver=0.049 addon_output=0.047 addon_cache=0.008 late=0.007 late_testicles=0.003 late_breasts=0.003 late_butt=0.000 traverse=0.000 addon_collision_body=0.000 addon_collision_self=0.000 addon_collision_addons=0.000 max_ms total=24.566 colliders=0.359 addons=2.021 calls late=56 traverse=0 body_collision=0 self_collision=0 addons_collision=0
2026-09-19 21:47:10.405 performance profile engine operation=symbols avg_ms=0.000000 max_call_ms=0.000000 calls_per_frame=0.00 window_ms=1000 frames=56 nested=1
2026-09-19 21:47:10.406 performance profile engine operation=find_object avg_ms=0.636632 max_call_ms=0.070400 calls_per_frame=2718.02 window_ms=1000 frames=56 nested=1
2026-09-19 21:47:10.406 performance profile engine operation=script_find avg_ms=0.000000 max_call_ms=0.000000 calls_per_frame=0.00 window_ms=1000 frames=56 nested=1
2026-09-19 21:47:10.406 performance profile engine operation=axis_lookup avg_ms=0.812030 max_call_ms=1.952900 calls_per_frame=43.66 window_ms=1000 frames=56 nested=1
2026-09-19 21:47:10.406 performance profile engine operation=pivot_query avg_ms=0.022795 max_call_ms=0.003000 calls_per_frame=93.00 window_ms=1000 frames=56 nested=1
2026-09-19 21:47:10.406 collision profile window_ms=1000 frames=56 avg_ms body_collection=0.023002 body_solve=0.003320 body_position=0.000095 body_refine=0.001996 body_velocity=0.000096 addon_prepare_query=0.000000 addon_coherent_solve=0.000000 addon_visible_solve=0.000000 room_sphere=0.000000 room_sweep=0.000000 room_single=0.000000
2026-09-19 21:47:10.406 collision profile window_ms=1000 frames=56 max_call_ms body_collection=0.018900 body_solve=0.002200 body_position=0.000100 body_refine=0.001400 body_velocity=0.000100 addon_prepare_query=0.000000 addon_coherent_solve=0.000000 addon_visible_solve=0.000000 room_sphere=0.000000 room_sweep=0.000000 room_single=0.000000
2026-09-19 21:47:10.406 collision profile window_ms=1000 frames=56 calls body_collection=160 body_solve=160 body_position=160 body_refine=160 body_velocity=160 addon_prepare_query=0 addon_coherent_solve=0 addon_visible_solve=0 room_sphere=0 room_sweep=0 room_single=0
2026-09-19 21:47:10.406 collision profile window_ms=1000 frames=56 counts body_contacts=0 body_passes=160 body_jacobians=0 body_predictions=480 addon_contacts=0 addon_passes=0 addon_gradients=0 room_nodes=0 room_triangles=0
2026-09-19 21:47:10.545 performance profile body-update person=Person02 system=penis update_rate_hz=-1 published_hz=67.8 sample_ms=5000
2026-09-19 21:47:11.412 performance profile window_ms=1000 frames=70 avg_ms total=1.711 housekeeping=0.116 bindings=0.409 diagnostics=0.003 colliders=0.199 axes=0.001 penis=0.333 penis_ownership=0.010 penis_gravity=0.006 penis_collision=0.020 penis_setup=0.014 penis_orientation=0.001 penis_translation=0.003 penis_solver=0.027 testicles=0.050 testicle_active=0.049 breasts=0.271 breasts_active=0.267 butt=0.072 butt_active=0.072 addons=0.245 addon_activation=0.095 addon_drive=0.096 addon_guard=0.001 addon_parent_pivot=0.000 addon_parent_translation=0.002 addon_parent_rotation=0.002 addon_gravity=0.001 addon_rotation_binding=0.000 addon_validation=0.090 addon_solver=0.051 addon_output=0.049 addon_cache=0.009 late=0.007 late_testicles=0.003 late_breasts=0.003 late_butt=0.000 traverse=0.000 addon_collision_body=0.000 addon_collision_self=0.000 addon_collision_addons=0.000 max_ms total=28.244 colliders=0.369 addons=1.139 calls late=70 traverse=0 body_collision=0 self_collision=0 addons_collision=0
2026-09-19 21:47:11.414 performance profile engine operation=symbols avg_ms=0.000000 max_call_ms=0.000000 calls_per_frame=0.00 window_ms=1000 frames=70 nested=1
2026-09-19 21:47:11.414 performance profile engine operation=find_object avg_ms=0.445190 max_call_ms=0.088800 calls_per_frame=1800.19 window_ms=1000 frames=70 nested=1
2026-09-19 21:47:11.414 performance profile engine operation=script_find avg_ms=0.000000 max_call_ms=0.000000 calls_per_frame=0.00 window_ms=1000 frames=70 nested=1
2026-09-19 21:47:11.414 performance profile engine operation=axis_lookup avg_ms=0.562519 max_call_ms=2.107200 calls_per_frame=43.17 window_ms=1000 frames=70 nested=1
2026-09-19 21:47:11.414 performance profile engine operation=pivot_query avg_ms=0.023459 max_call_ms=0.004800 calls_per_frame=93.00 window_ms=1000 frames=70 nested=1
2026-09-19 21:47:11.414 collision profile window_ms=1000 frames=70 avg_ms body_collection=0.021176 body_solve=0.002994 body_position=0.000074 body_refine=0.001743 body_velocity=0.000083 addon_prepare_query=0.000000 addon_coherent_solve=0.000000 addon_visible_solve=0.000000 room_sphere=0.000000 room_sweep=0.000000 room_single=0.000000
2026-09-19 21:47:11.415 collision profile window_ms=1000 frames=70 max_call_ms body_collection=0.028100 body_solve=0.002700 body_position=0.000100 body_refine=0.001500 body_velocity=0.000100 addon_prepare_query=0.000000 addon_coherent_solve=0.000000 addon_visible_solve=0.000000 room_sphere=0.000000 room_sweep=0.000000 room_single=0.000000
2026-09-19 21:47:11.415 collision profile window_ms=1000 frames=70 calls body_collection=166 body_solve=166 body_position=166 body_refine=166 body_velocity=166 addon_prepare_query=0 addon_coherent_solve=0 addon_visible_solve=0 room_sphere=0 room_sweep=0 room_single=0
2026-09-19 21:47:11.415 collision profile window_ms=1000 frames=70 counts body_contacts=0 body_passes=166 body_jacobians=0 body_predictions=498 addon_contacts=0 addon_passes=0 addon_gradients=0 room_nodes=0 room_triangles=0
2026-09-19 21:47:11.465 addon physics active owner="Person02" chain="NcHat008_R_Ear01" targets=3 sidecar="C:\Users\ErolB\Desktop\Games\TK17\The Klub 17\Addons\Clothes.[NC].Playboy Accessories Pack\Scenes\Shared\Cloth\NcHat008.physx.ini"
2026-09-19 21:47:11.465 addon physics active owner="Person02" chain="NcHat008_L_Ear01" targets=3 sidecar="C:\Users\ErolB\Desktop\Games\TK17\The Klub 17\Addons\Clothes.[NC].Playboy Accessories Pack\Scenes\Shared\Cloth\NcHat008.physx.ini"
2026-09-19 21:47:12.416 performance profile window_ms=1000 frames=72 avg_ms total=1.697 housekeeping=0.036 bindings=0.320 diagnostics=0.003 colliders=0.207 axes=0.109 penis=0.330 penis_ownership=0.010 penis_gravity=0.006 penis_collision=0.020 penis_setup=0.014 penis_orientation=0.001 penis_translation=0.003 penis_solver=0.028 testicles=0.051 testicle_active=0.050 breasts=0.241 breasts_active=0.237 butt=0.075 butt_active=0.074 addons=0.315 addon_activation=0.153 addon_drive=0.102 addon_guard=0.003 addon_parent_pivot=0.000 addon_parent_translation=0.003 addon_parent_rotation=0.002 addon_gravity=0.002 addon_rotation_binding=0.011 addon_validation=0.078 addon_solver=0.057 addon_output=0.046 addon_cache=0.010 late=0.008 late_testicles=0.003 late_breasts=0.004 late_butt=0.001 traverse=0.000 addon_collision_body=0.000 addon_collision_self=0.000 addon_collision_addons=0.000 max_ms total=23.269 colliders=0.764 addons=3.535 calls late=72 traverse=0 body_collision=0 self_collision=0 addons_collision=0
2026-09-19 21:47:12.416 performance profile engine operation=symbols avg_ms=0.000000 max_call_ms=0.000000 calls_per_frame=0.00 window_ms=1000 frames=72 nested=1
2026-09-19 21:47:12.416 performance profile engine operation=find_object avg_ms=0.508611 max_call_ms=0.282200 calls_per_frame=2036.00 window_ms=1000 frames=72 nested=1
2026-09-19 21:47:12.418 performance profile engine operation=script_find avg_ms=0.000000 max_call_ms=0.000000 calls_per_frame=0.00 window_ms=1000 frames=72 nested=1
2026-09-19 21:47:12.418 performance profile engine operation=axis_lookup avg_ms=0.644690 max_call_ms=2.240500 calls_per_frame=44.56 window_ms=1000 frames=72 nested=1
2026-09-19 21:47:12.418 performance profile engine operation=pivot_query avg_ms=0.024946 max_call_ms=0.005800 calls_per_frame=93.00 window_ms=1000 frames=72 nested=1
2026-09-19 21:47:12.419 collision profile window_ms=1000 frames=72 avg_ms body_collection=0.021533 body_solve=0.002951 body_position=0.000063 body_refine=0.001696 body_velocity=0.000074 addon_prepare_query=0.000000 addon_coherent_solve=0.000000 addon_visible_solve=0.000000 room_sphere=0.000000 room_sweep=0.000000 room_single=0.000000
2026-09-19 21:47:12.419 collision profile window_ms=1000 frames=72 max_call_ms body_collection=0.032500 body_solve=0.003100 body_position=0.000100 body_refine=0.001400 body_velocity=0.000100 addon_prepare_query=0.000000 addon_coherent_solve=0.000000 addon_visible_solve=0.000000 room_sphere=0.000000 room_sweep=0.000000 room_single=0.000000
2026-09-19 21:47:12.419 collision profile window_ms=1000 frames=72 calls body_collection=168 body_solve=168 body_position=168 body_refine=168 body_velocity=168 addon_prepare_query=0 addon_coherent_solve=0 addon_visible_solve=0 room_sphere=0 room_sweep=0 room_single=0
2026-09-19 21:47:12.419 collision profile window_ms=1000 frames=72 counts body_contacts=0 body_passes=168 body_jacobians=0 body_predictions=504 addon_contacts=0 addon_passes=0 addon_gradients=0 room_nodes=0 room_triangles=0
2026-09-19 21:47:13.028 performance profile body-update person=Person02 system=testicles update_rate_hz=-1 published_hz=65.6 sample_ms=5000
2026-09-19 21:47:13.405 performance profile window_ms=1000 frames=67 avg_ms total=1.774 housekeeping=0.131 bindings=0.354 diagnostics=0.003 colliders=0.202 axes=0.001 penis=0.342 penis_ownership=0.010 penis_gravity=0.006 penis_collision=0.021 penis_setup=0.014 penis_orientation=0.001 penis_translation=0.004 penis_solver=0.028 testicles=0.058 testicle_active=0.057 breasts=0.287 breasts_active=0.282 butt=0.076 butt_active=0.076 addons=0.308 addon_activation=0.141 addon_drive=0.107 addon_guard=0.002 addon_parent_pivot=0.000 addon_parent_translation=0.003 addon_parent_rotation=0.003 addon_gravity=0.003 addon_rotation_binding=0.012 addon_validation=0.083 addon_solver=0.057 addon_output=0.052 addon_cache=0.010 late=0.007 late_testicles=0.003 late_breasts=0.003 late_butt=0.000 traverse=0.000 addon_collision_body=0.000 addon_collision_self=0.000 addon_collision_addons=0.000 max_ms total=23.339 colliders=0.448 addons=2.183 calls late=67 traverse=0 body_collision=0 self_collision=0 addons_collision=0
2026-09-19 21:47:13.406 performance profile engine operation=symbols avg_ms=0.000000 max_call_ms=0.000000 calls_per_frame=0.00 window_ms=1000 frames=67 nested=1
2026-09-19 21:47:13.406 performance profile engine operation=find_object avg_ms=0.490078 max_call_ms=0.088300 calls_per_frame=1981.22 window_ms=1000 frames=67 nested=1
2026-09-19 21:47:13.406 performance profile engine operation=script_find avg_ms=0.000000 max_call_ms=0.000000 calls_per_frame=0.00 window_ms=1000 frames=67 nested=1
2026-09-19 21:47:13.406 performance profile engine operation=axis_lookup avg_ms=0.618993 max_call_ms=2.055500 calls_per_frame=44.78 window_ms=1000 frames=67 nested=1
2026-09-19 21:47:13.406 performance profile engine operation=pivot_query avg_ms=0.025794 max_call_ms=0.005700 calls_per_frame=93.00 window_ms=1000 frames=67 nested=1
2026-09-19 21:47:13.406 collision profile window_ms=1000 frames=67 avg_ms body_collection=0.022448 body_solve=0.003060 body_position=0.000075 body_refine=0.001791 body_velocity=0.000085 addon_prepare_query=0.000000 addon_coherent_solve=0.000000 addon_visible_solve=0.000000 room_sphere=0.000000 room_sweep=0.000000 room_single=0.000000
2026-09-19 21:47:13.406 collision profile window_ms=1000 frames=67 max_call_ms body_collection=0.027800 body_solve=0.002700 body_position=0.000100 body_refine=0.001300 body_velocity=0.000100 addon_prepare_query=0.000000 addon_coherent_solve=0.000000 addon_visible_solve=0.000000 room_sphere=0.000000 room_sweep=0.000000 room_single=0.000000
2026-09-19 21:47:13.406 collision profile window_ms=1000 frames=67 calls body_collection=164 body_solve=164 body_position=164 body_refine=164 body_velocity=164 addon_prepare_query=0 addon_coherent_solve=0 addon_visible_solve=0 room_sphere=0 room_sweep=0 room_single=0
2026-09-19 21:47:13.406 collision profile window_ms=1000 frames=67 counts body_contacts=0 body_passes=164 body_jacobians=0 body_predictions=492 addon_contacts=0 addon_passes=0 addon_gradients=0 room_nodes=0 room_triangles=0
2026-09-19 21:47:13.663 PoseEdit file handoff fade-wait exec="native-queue" note="retain outgoing physics until the native fade readiness gate"
2026-09-19 21:47:13.665 PoseEdit file handoff end exec="native-queue" result=0x00000000 editpose=69240360 pending_reset=1 note="physics waits for the native pending-reset flag to clear before binding the resulting pose"
2026-09-19 21:47:13.827 PoseEdit file handoff paired-output-restored system=breasts person=2 translation=(-0.074558,0.000153,0.000422;0.074550,-0.000019,-0.000459) note="removed simulation offsets before releasing the old pose"
2026-09-19 21:47:13.828 PoseEdit file handoff paired-output-restored system=butt person=2 translation=(-0.047842,-0.038221,0.077886;-0.047842,-0.038221,-0.078000) note="removed simulation offsets before releasing the old pose"
2026-09-19 21:47:13.828 PoseEdit file handoff begin exec="native-fade-ready" editpose=69240360 note="returned current tracks to TK17 before native pose replacement; discarded old snapshots"
2026-09-19 21:47:13.846 PoseEdit file handoff begin exec="native-reset" editpose=69240360 note="returned current tracks to TK17 before native pose replacement; discarded old snapshots"
2026-09-19 21:47:13.846 PoseEdit file handoff rotation-trace phase=native-reset-before person=1 joint=1 track=692430d4 target=347db4a0 member=0x02fff04a keys=73254170 count=0 keys_read=0 first_frame=0 first=(0.000000,0.000000,0.000000) last_frame=0 last=(0.000000,0.000000,0.000000) output_raw=41bb8ac0 output_offset=0x6c output_read=1 output=(0.000000,0.000000,0.000000)
2026-09-19 21:47:13.848 PoseEdit file handoff rotation-trace phase=native-reset-before person=1 joint=2 track=69243944 target=4908d080 member=0x01fff04e keys=73254170 count=0 keys_read=0 first_frame=0 first=(0.000000,0.000000,0.000000) last_frame=0 last=(0.000000,0.000000,0.000000) output_raw=41bb7440 output_offset=0x6c output_read=1 output=(0.000000,0.000000,0.000000)
2026-09-19 21:47:13.848 PoseEdit file handoff rotation-trace phase=native-reset-before person=1 joint=3 track=69243994 target=4908cf40 member=0x01fff04e keys=73254170 count=0 keys_read=0 first_frame=0 first=(0.000000,0.000000,0.000000) last_frame=0 last=(0.000000,0.000000,0.000000) output_raw=41bb7b40 output_offset=0x6c output_read=1 output=(0.000000,0.000000,0.000000)
2026-09-19 21:47:13.848 PoseEdit file handoff rotation-trace phase=native-reset-before person=2 joint=1 track=69255054 target=4a42d480 member=0x02fff04a keys=67f60720 count=1 keys_read=1 first_frame=0 first=(0.000001,-73.192299,-105.016090) last_frame=0 last=(0.000001,-73.192299,-105.016090) output_raw=4a3bc200 output_offset=0x6c output_read=1 output=(0.000000,0.000000,-47.500000)
2026-09-19 21:47:13.848 PoseEdit file handoff rotation-trace phase=native-reset-before person=2 joint=2 track=692558c4 target=4b976360 member=0x01fff04e keys=67f220a0 count=1 keys_read=1 first_frame=0 first=(-96.515121,73.660080,-105.277840) last_frame=0 last=(-96.515121,73.660080,-105.277840) output_raw=4a3bdcc0 output_offset=0x6c output_read=1 output=(0.000000,0.000000,-17.160000)
2026-09-19 21:47:13.848 PoseEdit file handoff rotation-trace phase=native-reset-before person=2 joint=3 track=69255914 target=4b976640 member=0x01fff04e keys=67f21b20 count=1 keys_read=1 first_frame=0 first=(0.000000,73.569290,0.000000) last_frame=0 last=(0.000000,73.569290,0.000000) output_raw=4a3beac0 output_offset=0x6c output_read=1 output=(0.000000,0.000000,-6.988000)
2026-09-19 21:47:13.849 PoseEdit file handoff rotation-trace phase=native-reset-before person=3 joint=1 track=69266fd4 target=4f3330a0 member=0x02fff04a keys=73254170 count=0 keys_read=0 first_frame=0 first=(0.000000,0.000000,0.000000) last_frame=0 last=(0.000000,0.000000,0.000000) output_raw=4a3bd180 output_offset=0x6c output_read=1 output=(0.000000,0.000000,0.000000)
2026-09-19 21:47:13.849 PoseEdit file handoff rotation-trace phase=native-reset-before person=3 joint=2 track=69267844 target=52e5ad60 member=0x01fff04e keys=73254170 count=0 keys_read=0 first_frame=0 first=(0.000000,0.000000,0.000000) last_frame=0 last=(0.000000,0.000000,0.000000) output_raw=5023d900 output_offset=0x6c output_read=1 output=(0.000000,0.000000,0.000000)
2026-09-19 21:47:13.849 PoseEdit file handoff rotation-trace phase=native-reset-before person=3 joint=3 track=69267894 target=52e5c9c0 member=0x01fff04e keys=73254170 count=0 keys_read=0 first_frame=0 first=(0.000000,0.000000,0.000000) last_frame=0 last=(0.000000,0.000000,0.000000) output_raw=5023eb40 output_offset=0x6c output_read=1 output=(0.000000,0.000000,0.000000)
2026-09-19 21:47:13.886 PoseEdit file handoff rotation-trace phase=native-reset-after person=1 joint=1 track=692430d4 target=347db4a0 member=0x02fff04a keys=73254170 count=0 keys_read=0 first_frame=0 first=(0.000000,0.000000,0.000000) last_frame=0 last=(0.000000,0.000000,0.000000) output_raw=41bb8ac0 output_offset=0x6c output_read=1 output=(0.000000,0.000000,0.000000)
2026-09-19 21:47:13.886 PoseEdit file handoff rotation-trace phase=native-reset-after person=1 joint=2 track=69243944 target=4908d080 member=0x01fff04e keys=73254170 count=0 keys_read=0 first_frame=0 first=(0.000000,0.000000,0.000000) last_frame=0 last=(0.000000,0.000000,0.000000) output_raw=41bb7440 output_offset=0x6c output_read=1 output=(0.000000,0.000000,0.000000)
2026-09-19 21:47:13.886 PoseEdit file handoff rotation-trace phase=native-reset-after person=1 joint=3 track=69243994 target=4908cf40 member=0x01fff04e keys=73254170 count=0 keys_read=0 first_frame=0 first=(0.000000,0.000000,0.000000) last_frame=0 last=(0.000000,0.000000,0.000000) output_raw=41bb7b40 output_offset=0x6c output_read=1 output=(0.000000,0.000000,0.000000)
2026-09-19 21:47:13.886 PoseEdit file handoff rotation-trace phase=native-reset-after person=2 joint=1 track=69255054 target=4a42d480 member=0x02fff04a keys=673ddbe0 count=1 keys_read=1 first_frame=0 first=(0.000000,0.000039,-0.144700) last_frame=0 last=(0.000000,0.000039,-0.144700) output_raw=4a3bc200 output_offset=0x6c output_read=1 output=(0.000000,0.000039,-0.144700)
2026-09-19 21:47:13.887 PoseEdit file handoff rotation-trace phase=native-reset-after person=2 joint=2 track=692558c4 target=4b976360 member=0x01fff04e keys=673dd760 count=1 keys_read=1 first_frame=0 first=(0.000000,0.000000,0.000000) last_frame=0 last=(0.000000,0.000000,0.000000) output_raw=4a3bdcc0 output_offset=0x6c output_read=1 output=(0.000000,0.000000,-17.160000)
2026-09-19 21:47:13.887 PoseEdit file handoff rotation-trace phase=native-reset-after person=2 joint=3 track=69255914 target=4b976640 member=0x01fff04e keys=673dd8e0 count=1 keys_read=1 first_frame=0 first=(0.000000,0.000000,0.000000) last_frame=0 last=(0.000000,0.000000,0.000000) output_raw=4a3beac0 output_offset=0x6c output_read=1 output=(0.000000,0.000000,-6.988000)
2026-09-19 21:47:13.887 PoseEdit file handoff rotation-trace phase=native-reset-after person=3 joint=1 track=69266fd4 target=4f3330a0 member=0x02fff04a keys=73254170 count=0 keys_read=0 first_frame=0 first=(0.000000,0.000000,0.000000) last_frame=0 last=(0.000000,0.000000,0.000000) output_raw=4a3bd180 output_offset=0x6c output_read=1 output=(0.000000,0.000000,0.000000)
2026-09-19 21:47:13.887 PoseEdit file handoff rotation-trace phase=native-reset-after person=3 joint=2 track=69267844 target=52e5ad60 member=0x01fff04e keys=73254170 count=0 keys_read=0 first_frame=0 first=(0.000000,0.000000,0.000000) last_frame=0 last=(0.000000,0.000000,0.000000) output_raw=5023d900 output_offset=0x6c output_read=1 output=(0.000000,0.000000,0.000000)
2026-09-19 21:47:13.887 PoseEdit file handoff rotation-trace phase=native-reset-after person=3 joint=3 track=69267894 target=52e5c9c0 member=0x01fff04e keys=73254170 count=0 keys_read=0 first_frame=0 first=(0.000000,0.000000,0.000000) last_frame=0 last=(0.000000,0.000000,0.000000) output_raw=5023eb40 output_offset=0x6c output_read=1 output=(0.000000,0.000000,0.000000)
2026-09-19 21:47:13.889 PoseEdit file handoff end exec="native-reset" result=0x00000000 editpose=69240360 pending_reset=1 note="physics waits for the native pending-reset flag to clear before binding the resulting pose"
2026-09-19 21:47:13.905 PoseEdit file handoff smooth-restart person=2 note="seeded from the incoming pose after native reset; no previous pose motion retained"
2026-09-19 21:47:14.296 performance profile body-update person=Person02 system=breasts update_rate_hz=-1 published_hz=62.4 sample_ms=5000
2026-09-19 21:47:14.296 performance profile body-update person=Person02 system=butt update_rate_hz=-1 published_hz=62.4 sample_ms=5000
2026-09-19 21:47:14.418 performance profile window_ms=1000 frames=50 avg_ms total=2.004 housekeeping=0.030 bindings=0.466 diagnostics=0.003 colliders=0.198 axes=0.153 penis=0.413 penis_ownership=0.112 penis_gravity=0.006 penis_collision=0.008 penis_setup=0.104 penis_orientation=0.001 penis_translation=0.003 penis_solver=0.028 testicles=0.047 testicle_active=0.047 breasts=0.308 breasts_active=0.303 butt=0.074 butt_active=0.074 addons=0.302 addon_activation=0.142 addon_drive=0.110 addon_guard=0.001 addon_parent_pivot=0.000 addon_parent_translation=0.004 addon_parent_rotation=0.002 addon_gravity=0.002 addon_rotation_binding=0.011 addon_validation=0.087 addon_solver=0.048 addon_output=0.043 addon_cache=0.009 late=0.019 late_testicles=0.013 late_breasts=0.004 late_butt=0.001 traverse=0.000 addon_collision_body=0.000 addon_collision_self=0.000 addon_collision_addons=0.000 max_ms total=23.279 colliders=0.343 addons=2.145 calls late=63 traverse=0 body_collision=0 self_collision=0 addons_collision=0
2026-09-19 21:47:14.418 performance profile engine operation=symbols avg_ms=0.000000 max_call_ms=0.000000 calls_per_frame=0.00 window_ms=1000 frames=50 nested=1
2026-09-19 21:47:14.418 performance profile engine operation=find_object avg_ms=0.661846 max_call_ms=0.037400 calls_per_frame=2779.58 window_ms=1000 frames=50 nested=1
2026-09-19 21:47:14.419 performance profile engine operation=script_find avg_ms=0.000000 max_call_ms=0.000000 calls_per_frame=0.00 window_ms=1000 frames=50 nested=1
2026-09-19 21:47:14.419 performance profile engine operation=axis_lookup avg_ms=0.845776 max_call_ms=2.063100 calls_per_frame=47.98 window_ms=1000 frames=50 nested=1
2026-09-19 21:47:14.419 performance profile engine operation=pivot_query avg_ms=0.024802 max_call_ms=0.041000 calls_per_frame=92.58 window_ms=1000 frames=50 nested=1
2026-09-19 21:47:14.420 collision profile window_ms=1000 frames=50 avg_ms body_collection=0.007964 body_solve=0.000984 body_position=0.000022 body_refine=0.000580 body_velocity=0.000018 addon_prepare_query=0.000000 addon_coherent_solve=0.000000 addon_visible_solve=0.000000 room_sphere=0.000000 room_sweep=0.000000 room_single=0.000000
2026-09-19 21:47:14.420 collision profile window_ms=1000 frames=50 max_call_ms body_collection=0.021900 body_solve=0.002200 body_position=0.000100 body_refine=0.001200 body_velocity=0.000100 addon_prepare_query=0.000000 addon_coherent_solve=0.000000 addon_visible_solve=0.000000 room_sphere=0.000000 room_sweep=0.000000 room_single=0.000000
2026-09-19 21:47:14.420 collision profile window_ms=1000 frames=50 calls body_collection=126 body_solve=40 body_position=40 body_refine=40 body_velocity=40 addon_prepare_query=0 addon_coherent_solve=0 addon_visible_solve=0 room_sphere=0 room_sweep=0 room_single=0
2026-09-19 21:47:14.420 collision profile window_ms=1000 frames=50 counts body_contacts=0 body_passes=40 body_jacobians=0 body_predictions=120 addon_contacts=0 addon_passes=0 addon_gradients=0 room_nodes=0 room_triangles=0
2026-09-19 21:47:15.413 performance profile window_ms=1000 frames=89 avg_ms total=1.432 housekeeping=0.030 bindings=0.266 diagnostics=0.004 colliders=0.222 axes=0.001 penis=0.309 penis_ownership=0.045 penis_gravity=0.006 penis_collision=0.019 penis_setup=0.046 penis_orientation=0.001 penis_translation=0.003 penis_solver=0.026 testicles=0.052 testicle_active=0.051 breasts=0.215 breasts_active=0.210 butt=0.075 butt_active=0.075 addons=0.245 addon_activation=0.108 addon_drive=0.088 addon_guard=0.001 addon_parent_pivot=0.000 addon_parent_translation=0.004 addon_parent_rotation=0.002 addon_gravity=0.002 addon_rotation_binding=0.009 addon_validation=0.068 addon_solver=0.047 addon_output=0.041 addon_cache=0.011 late=0.006 late_testicles=0.003 late_breasts=0.003 late_butt=0.000 traverse=0.000 addon_collision_body=0.000 addon_collision_self=0.000 addon_collision_addons=0.000 max_ms total=23.220 colliders=0.444 addons=2.207 calls late=89 traverse=0 body_collision=0 self_collision=0 addons_collision=0
2026-09-19 21:47:15.413 performance profile engine operation=symbols avg_ms=0.000000 max_call_ms=0.000000 calls_per_frame=0.00 window_ms=1000 frames=89 nested=1
2026-09-19 21:47:15.414 performance profile engine operation=find_object avg_ms=0.385266 max_call_ms=0.036500 calls_per_frame=1503.44 window_ms=1000 frames=89 nested=1
2026-09-19 21:47:15.414 performance profile engine operation=script_find avg_ms=0.000000 max_call_ms=0.000000 calls_per_frame=0.00 window_ms=1000 frames=89 nested=1
2026-09-19 21:47:15.414 performance profile engine operation=axis_lookup avg_ms=0.480180 max_call_ms=1.960500 calls_per_frame=43.62 window_ms=1000 frames=89 nested=1
2026-09-19 21:47:15.414 performance profile engine operation=pivot_query avg_ms=0.024120 max_call_ms=0.070100 calls_per_frame=93.00 window_ms=1000 frames=89 nested=1
2026-09-19 21:47:15.414 collision profile window_ms=1000 frames=89 avg_ms body_collection=0.020398 body_solve=0.003235 body_position=0.000583 body_refine=0.001394 body_velocity=0.000284 addon_prepare_query=0.000000 addon_coherent_solve=0.000000 addon_visible_solve=0.000000 room_sphere=0.000000 room_sweep=0.000000 room_single=0.000000
2026-09-19 21:47:15.414 collision profile window_ms=1000 frames=89 max_call_ms body_collection=0.030400 body_solve=0.014100 body_position=0.009400 body_refine=0.002400 body_velocity=0.004000 addon_prepare_query=0.000000 addon_coherent_solve=0.000000 addon_visible_solve=0.000000 room_sphere=0.000000 room_sweep=0.000000 room_single=0.000000
2026-09-19 21:47:15.415 collision profile window_ms=1000 frames=89 calls body_collection=190 body_solve=168 body_position=168 body_refine=168 body_velocity=168 addon_prepare_query=0 addon_coherent_solve=0 addon_visible_solve=0 room_sphere=0 room_sweep=0 room_single=0
2026-09-19 21:47:15.415 collision profile window_ms=1000 frames=89 counts body_contacts=5 body_passes=173 body_jacobians=15 body_predictions=634 addon_contacts=0 addon_passes=0 addon_gradients=0 room_nodes=0 room_triangles=0
2026-09-19 21:47:15.543 performance profile body-update person=Person02 system=penis update_rate_hz=-1 published_hz=70.2 sample_ms=5000
2026-09-19 21:47:16.407 performance profile window_ms=1000 frames=98 avg_ms total=1.433 housekeeping=0.031 bindings=0.236 diagnostics=0.004 colliders=0.235 axes=0.078 penis=0.283 penis_ownership=0.028 penis_gravity=0.006 penis_collision=0.022 penis_setup=0.031 penis_orientation=0.001 penis_translation=0.004 penis_solver=0.027 testicles=0.054 testicle_active=0.053 breasts=0.199 breasts_active=0.193 butt=0.077 butt_active=0.077 addons=0.222 addon_activation=0.098 addon_drive=0.078 addon_guard=0.001 addon_parent_pivot=0.000 addon_parent_translation=0.004 addon_parent_rotation=0.002 addon_gravity=0.002 addon_rotation_binding=0.009 addon_validation=0.059 addon_solver=0.044 addon_output=0.038 addon_cache=0.012 late=0.007 late_testicles=0.003 late_breasts=0.003 late_butt=0.000 traverse=0.000 addon_collision_body=0.000 addon_collision_self=0.000 addon_collision_addons=0.000 max_ms total=23.140 colliders=0.508 addons=2.089 calls late=98 traverse=0 body_collision=0 self_collision=0 addons_collision=0
2026-09-19 21:47:16.407 performance profile engine operation=symbols avg_ms=0.000000 max_call_ms=0.000000 calls_per_frame=0.00 window_ms=1000 frames=98 nested=1
2026-09-19 21:47:16.408 performance profile engine operation=find_object avg_ms=0.416234 max_call_ms=0.094100 calls_per_frame=1646.88 window_ms=1000 frames=98 nested=1
2026-09-19 21:47:16.408 performance profile engine operation=script_find avg_ms=0.000000 max_call_ms=0.000000 calls_per_frame=0.00 window_ms=1000 frames=98 nested=1
2026-09-19 21:47:16.408 performance profile engine operation=axis_lookup avg_ms=0.523479 max_call_ms=2.025300 calls_per_frame=43.33 window_ms=1000 frames=98 nested=1
2026-09-19 21:47:16.409 performance profile engine operation=pivot_query avg_ms=0.024366 max_call_ms=0.009200 calls_per_frame=93.00 window_ms=1000 frames=98 nested=1
2026-09-19 21:47:16.409 collision profile window_ms=1000 frames=98 avg_ms body_collection=0.023396 body_solve=0.004903 body_position=0.001583 body_refine=0.001473 body_velocity=0.000707 addon_prepare_query=0.000000 addon_coherent_solve=0.000000 addon_visible_solve=0.000000 room_sphere=0.000000 room_sweep=0.000000 room_single=0.000000
2026-09-19 21:47:16.409 collision profile window_ms=1000 frames=98 max_call_ms body_collection=0.031900 body_solve=0.015100 body_position=0.010300 body_refine=0.001400 body_velocity=0.004200 addon_prepare_query=0.000000 addon_coherent_solve=0.000000 addon_visible_solve=0.000000 room_sphere=0.000000 room_sweep=0.000000 room_single=0.000000
2026-09-19 21:47:16.409 collision profile window_ms=1000 frames=98 calls body_collection=202 body_solve=202 body_position=202 body_refine=202 body_velocity=202 addon_prepare_query=0 addon_coherent_solve=0 addon_visible_solve=0 room_sphere=0 room_sweep=0 room_single=0
2026-09-19 21:47:16.409 collision profile window_ms=1000 frames=98 counts body_contacts=16 body_passes=218 body_jacobians=48 body_predictions=1022 addon_contacts=0 addon_passes=0 addon_gradients=0 room_nodes=0 room_triangles=0
2026-09-19 21:47:17.410 performance profile window_ms=1000 frames=100 avg_ms total=1.334 housekeeping=0.027 bindings=0.243 diagnostics=0.004 colliders=0.229 axes=0.001 penis=0.270 penis_ownership=0.027 penis_gravity=0.006 penis_collision=0.022 penis_setup=0.031 penis_orientation=0.001 penis_translation=0.004 penis_solver=0.027 testicles=0.053 testicle_active=0.053 breasts=0.197 breasts_active=0.190 butt=0.079 butt_active=0.079 addons=0.217 addon_activation=0.099 addon_drive=0.076 addon_guard=0.001 addon_parent_pivot=0.000 addon_parent_translation=0.003 addon_parent_rotation=0.002 addon_gravity=0.002 addon_rotation_binding=0.008 addon_validation=0.058 addon_solver=0.041 addon_output=0.035 addon_cache=0.012 late=0.006 late_testicles=0.003 late_breasts=0.003 late_butt=0.000 traverse=0.000 addon_collision_body=0.000 addon_collision_self=0.000 addon_collision_addons=0.000 max_ms total=23.982 colliders=0.451 addons=2.275 calls late=100 traverse=0 body_collision=0 self_collision=0 addons_collision=0
2026-09-19 21:47:17.410 performance profile engine operation=symbols avg_ms=0.000000 max_call_ms=0.000000 calls_per_frame=0.00 window_ms=1000 frames=100 nested=1
2026-09-19 21:47:17.410 performance profile engine operation=find_object avg_ms=0.349419 max_call_ms=0.073700 calls_per_frame=1342.68 window_ms=1000 frames=100 nested=1
2026-09-19 21:47:17.410 performance profile engine operation=script_find avg_ms=0.000000 max_call_ms=0.000000 calls_per_frame=0.00 window_ms=1000 frames=100 nested=1
2026-09-19 21:47:17.411 performance profile engine operation=axis_lookup avg_ms=0.433957 max_call_ms=2.025400 calls_per_frame=43.28 window_ms=1000 frames=100 nested=1
2026-09-19 21:47:17.411 performance profile engine operation=pivot_query avg_ms=0.024126 max_call_ms=0.007900 calls_per_frame=93.00 window_ms=1000 frames=100 nested=1
2026-09-19 21:47:17.411 collision profile window_ms=1000 frames=100 avg_ms body_collection=0.022907 body_solve=0.004787 body_position=0.001538 body_refine=0.001477 body_velocity=0.000697 addon_prepare_query=0.000000 addon_coherent_solve=0.000000 addon_visible_solve=0.000000 room_sphere=0.000000 room_sweep=0.000000 room_single=0.000000
2026-09-19 21:47:17.411 collision profile window_ms=1000 frames=100 max_call_ms body_collection=0.033400 body_solve=0.014400 body_position=0.009600 body_refine=0.001500 body_velocity=0.004000 addon_prepare_query=0.000000 addon_coherent_solve=0.000000 addon_visible_solve=0.000000 room_sphere=0.000000 room_sweep=0.000000 room_single=0.000000
2026-09-19 21:47:17.412 collision profile window_ms=1000 frames=100 calls body_collection=202 body_solve=202 body_position=202 body_refine=202 body_velocity=202 addon_prepare_query=0 addon_coherent_solve=0 addon_visible_solve=0 room_sphere=0 room_sweep=0 room_single=0
2026-09-19 21:47:17.412 collision profile window_ms=1000 frames=100 counts body_contacts=16 body_passes=218 body_jacobians=48 body_predictions=1022 addon_contacts=0 addon_passes=0 addon_gradients=0 room_nodes=0 room_triangles=0
2026-09-19 21:47:18.023 performance profile body-update person=Person02 system=testicles update_rate_hz=-1 published_hz=83.6 sample_ms=5000
2026-09-19 21:47:18.407 performance profile window_ms=1000 frames=98 avg_ms total=1.382 housekeeping=0.026 bindings=0.228 diagnostics=0.004 colliders=0.234 axes=0.081 penis=0.255 penis_ownership=0.027 penis_gravity=0.006 penis_collision=0.021 penis_setup=0.031 penis_orientation=0.001 penis_translation=0.004 penis_solver=0.026 testicles=0.059 testicle_active=0.058 breasts=0.184 breasts_active=0.178 butt=0.079 butt_active=0.079 addons=0.221 addon_activation=0.098 addon_drive=0.079 addon_guard=0.001 addon_parent_pivot=0.000 addon_parent_translation=0.003 addon_parent_rotation=0.002 addon_gravity=0.002 addon_rotation_binding=0.008 addon_validation=0.061 addon_solver=0.041 addon_output=0.036 addon_cache=0.011 late=0.007 late_testicles=0.003 late_breasts=0.003 late_butt=0.000 traverse=0.000 addon_collision_body=0.000 addon_collision_self=0.000 addon_collision_addons=0.000 max_ms total=22.564 colliders=0.513 addons=2.122 calls late=98 traverse=0 body_collision=0 self_collision=0 addons_collision=0
2026-09-19 21:47:18.408 performance profile engine operation=symbols avg_ms=0.000000 max_call_ms=0.000000 calls_per_frame=0.00 window_ms=1000 frames=98 nested=1
2026-09-19 21:47:18.408 performance profile engine operation=find_object avg_ms=0.384019 max_call_ms=0.075600 calls_per_frame=1508.04 window_ms=1000 frames=98 nested=1
2026-09-19 21:47:18.408 performance profile engine operation=script_find avg_ms=0.000000 max_call_ms=0.000000 calls_per_frame=0.00 window_ms=1000 frames=98 nested=1
2026-09-19 21:47:18.408 performance profile engine operation=axis_lookup avg_ms=0.480500 max_call_ms=2.042300 calls_per_frame=43.37 window_ms=1000 frames=98 nested=1
2026-09-19 21:47:18.408 performance profile engine operation=pivot_query avg_ms=0.023730 max_call_ms=0.014700 calls_per_frame=93.00 window_ms=1000 frames=98 nested=1
2026-09-19 21:47:18.408 collision profile window_ms=1000 frames=98 avg_ms body_collection=0.022422 body_solve=0.004388 body_position=0.001224 body_refine=0.001526 body_velocity=0.000549 addon_prepare_query=0.000000 addon_coherent_solve=0.000000 addon_visible_solve=0.000000 room_sphere=0.000000 room_sweep=0.000000 room_single=0.000000
2026-09-19 21:47:18.408 collision profile window_ms=1000 frames=98 max_call_ms body_collection=0.031100 body_solve=0.016000 body_position=0.010300 body_refine=0.001400 body_velocity=0.004200 addon_prepare_query=0.000000 addon_coherent_solve=0.000000 addon_visible_solve=0.000000 room_sphere=0.000000 room_sweep=0.000000 room_single=0.000000
2026-09-19 21:47:18.409 collision profile window_ms=1000 frames=98 calls body_collection=204 body_solve=204 body_position=204 body_refine=204 body_velocity=204 addon_prepare_query=0 addon_coherent_solve=0 addon_visible_solve=0 room_sphere=0 room_sweep=0 room_single=0
2026-09-19 21:47:18.409 collision profile window_ms=1000 frames=98 counts body_contacts=12 body_passes=216 body_jacobians=36 body_predictions=924 addon_contacts=0 addon_passes=0 addon_gradients=0 room_nodes=0 room_triangles=0
2026-09-19 21:47:19.294 performance profile body-update person=Person02 system=breasts update_rate_hz=-1 published_hz=95.8 sample_ms=5000
2026-09-19 21:47:19.296 performance profile body-update person=Person02 system=butt update_rate_hz=-1 published_hz=95.8 sample_ms=5000
2026-09-19 21:47:19.411 performance profile window_ms=1000 frames=98 avg_ms total=1.385 housekeeping=0.027 bindings=0.247 diagnostics=0.004 colliders=0.228 axes=0.040 penis=0.265 penis_ownership=0.027 penis_gravity=0.006 penis_collision=0.007 penis_setup=0.031 penis_orientation=0.001 penis_translation=0.004 penis_solver=0.026 testicles=0.050 testicle_active=0.049 breasts=0.209 breasts_active=0.203 butt=0.080 butt_active=0.079 addons=0.223 addon_activation=0.100 addon_drive=0.076 addon_guard=0.001 addon_parent_pivot=0.000 addon_parent_translation=0.004 addon_parent_rotation=0.002 addon_gravity=0.002 addon_rotation_binding=0.009 addon_validation=0.057 addon_solver=0.044 addon_output=0.038 addon_cache=0.013 late=0.006 late_testicles=0.003 late_breasts=0.003 late_butt=0.000 traverse=0.000 addon_collision_body=0.000 addon_collision_self=0.000 addon_collision_addons=0.000 max_ms total=23.848 colliders=0.385 addons=2.145 calls late=98 traverse=0 body_collision=0 self_collision=0 addons_collision=0
2026-09-19 21:47:19.411 performance profile engine operation=symbols avg_ms=0.000000 max_call_ms=0.000000 calls_per_frame=0.00 window_ms=1000 frames=98 nested=1
2026-09-19 21:47:19.412 performance profile engine operation=find_object avg_ms=0.387896 max_call_ms=0.037700 calls_per_frame=1508.06 window_ms=1000 frames=98 nested=1
2026-09-19 21:47:19.412 performance profile engine operation=script_find avg_ms=0.000000 max_call_ms=0.000000 calls_per_frame=0.00 window_ms=1000 frames=98 nested=1
2026-09-19 21:47:19.412 performance profile engine operation=axis_lookup avg_ms=0.488549 max_call_ms=2.288700 calls_per_frame=43.39 window_ms=1000 frames=98 nested=1
2026-09-19 21:47:19.412 performance profile engine operation=pivot_query avg_ms=0.023457 max_call_ms=0.003600 calls_per_frame=93.00 window_ms=1000 frames=98 nested=1
2026-09-19 21:47:19.412 collision profile window_ms=1000 frames=98 avg_ms body_collection=0.006911 body_solve=0.002062 body_position=0.000950 body_refine=0.000403 body_velocity=0.000420 addon_prepare_query=0.000000 addon_coherent_solve=0.000000 addon_visible_solve=0.000000 room_sphere=0.000000 room_sweep=0.000000 room_single=0.000000
2026-09-19 21:47:19.413 collision profile window_ms=1000 frames=98 max_call_ms body_collection=0.028100 body_solve=0.014300 body_position=0.009500 body_refine=0.001100 body_velocity=0.004100 addon_prepare_query=0.000000 addon_coherent_solve=0.000000 addon_visible_solve=0.000000 room_sphere=0.000000 room_sweep=0.000000 room_single=0.000000
2026-09-19 21:47:19.413 collision profile window_ms=1000 frames=98 calls body_collection=202 body_solve=54 body_position=54 body_refine=54 body_velocity=54 addon_prepare_query=0 addon_coherent_solve=0 addon_visible_solve=0 room_sphere=0 room_sweep=0 room_single=0
2026-09-19 21:47:19.413 collision profile window_ms=1000 frames=98 counts body_contacts=10 body_passes=64 body_jacobians=30 body_predictions=422 addon_contacts=0 addon_passes=0 addon_gradients=0 room_nodes=0 room_triangles=0
2026-09-19 21:47:20.411 performance profile window_ms=1000 frames=99 avg_ms total=1.364 housekeeping=0.027 bindings=0.236 diagnostics=0.004 colliders=0.232 axes=0.039 penis=0.267 penis_ownership=0.028 penis_gravity=0.006 penis_collision=0.013 penis_setup=0.032 penis_orientation=0.001 penis_translation=0.004 penis_solver=0.027 testicles=0.054 testicle_active=0.053 breasts=0.200 breasts_active=0.194 butt=0.077 butt_active=0.077 addons=0.216 addon_activation=0.097 addon_drive=0.075 addon_guard=0.001 addon_parent_pivot=0.000 addon_parent_translation=0.004 addon_parent_rotation=0.002 addon_gravity=0.002 addon_rotation_binding=0.009 addon_validation=0.056 addon_solver=0.042 addon_output=0.036 addon_cache=0.011 late=0.007 late_testicles=0.003 late_breasts=0.004 late_butt=0.000 traverse=0.000 addon_collision_body=0.000 addon_collision_self=0.000 addon_collision_addons=0.000 max_ms total=23.598 colliders=0.483 addons=2.101 calls late=99 traverse=0 body_collision=0 self_collision=0 addons_collision=0
2026-09-19 21:47:20.411 performance profile engine operation=symbols avg_ms=0.000000 max_call_ms=0.000000 calls_per_frame=0.00 window_ms=1000 frames=99 nested=1
2026-09-19 21:47:20.411 performance profile engine operation=find_object avg_ms=0.380970 max_call_ms=0.119600 calls_per_frame=1493.25 window_ms=1000 frames=99 nested=1
2026-09-19 21:47:20.412 performance profile engine operation=script_find avg_ms=0.000000 max_call_ms=0.000000 calls_per_frame=0.00 window_ms=1000 frames=99 nested=1
2026-09-19 21:47:20.412 performance profile engine operation=axis_lookup avg_ms=0.475453 max_call_ms=2.079300 calls_per_frame=43.31 window_ms=1000 frames=99 nested=1
2026-09-19 21:47:20.412 performance profile engine operation=pivot_query avg_ms=0.024174 max_call_ms=0.015000 calls_per_frame=93.00 window_ms=1000 frames=99 nested=1
2026-09-19 21:47:20.412 collision profile window_ms=1000 frames=99 avg_ms body_collection=0.015171 body_solve=0.005218 body_position=0.002611 body_refine=0.000832 body_velocity=0.001140 addon_prepare_query=0.000000 addon_coherent_solve=0.000000 addon_visible_solve=0.000000 room_sphere=0.000000 room_sweep=0.000000 room_single=0.000000
2026-09-19 21:47:20.412 collision profile window_ms=1000 frames=99 max_call_ms body_collection=0.126500 body_solve=0.021700 body_position=0.014100 body_refine=0.001400 body_velocity=0.005800 addon_prepare_query=0.000000 addon_coherent_solve=0.000000 addon_visible_solve=0.000000 room_sphere=0.000000 room_sweep=0.000000 room_single=0.000000
2026-09-19 21:47:20.412 collision profile window_ms=1000 frames=99 calls body_collection=206 body_solve=114 body_position=114 body_refine=114 body_velocity=114 addon_prepare_query=0 addon_coherent_solve=0 addon_visible_solve=0 room_sphere=0 room_sweep=0 room_single=0
2026-09-19 21:47:20.413 collision profile window_ms=1000 frames=99 counts body_contacts=27 body_passes=141 body_jacobians=81 body_predictions=1044 addon_contacts=0 addon_passes=0 addon_gradients=0 room_nodes=0 room_triangles=0
2026-09-19 21:47:20.541 performance profile body-update person=Person02 system=penis update_rate_hz=-1 published_hz=98.4 sample_ms=5000
2026-09-19 21:47:21.405 performance profile window_ms=1000 frames=91 avg_ms total=1.510 housekeeping=0.029 bindings=0.262 diagnostics=0.004 colliders=0.243 axes=0.044 penis=0.301 penis_ownership=0.030 penis_gravity=0.007 penis_collision=0.023 penis_setup=0.035 penis_orientation=0.001 penis_translation=0.004 penis_solver=0.027 testicles=0.061 testicle_active=0.060 breasts=0.220 breasts_active=0.214 butt=0.082 butt_active=0.081 addons=0.251 addon_activation=0.108 addon_drive=0.092 addon_guard=0.001 addon_parent_pivot=0.000 addon_parent_translation=0.004 addon_parent_rotation=0.002 addon_gravity=0.002 addon_rotation_binding=0.010 addon_validation=0.071 addon_solver=0.049 addon_output=0.043 addon_cache=0.012 late=0.007 late_testicles=0.003 late_breasts=0.003 late_butt=0.000 traverse=0.000 addon_collision_body=0.000 addon_collision_self=0.000 addon_collision_addons=0.000 max_ms total=23.771 colliders=0.449 addons=2.214 calls late=91 traverse=0 body_collision=0 self_collision=0 addons_collision=0
2026-09-19 21:47:21.405 performance profile engine operation=symbols avg_ms=0.000000 max_call_ms=0.000000 calls_per_frame=0.00 window_ms=1000 frames=91 nested=1
2026-09-19 21:47:21.406 performance profile engine operation=find_object avg_ms=0.414027 max_call_ms=0.142900 calls_per_frame=1620.48 window_ms=1000 frames=91 nested=1
2026-09-19 21:47:21.406 performance profile engine operation=script_find avg_ms=0.000000 max_call_ms=0.000000 calls_per_frame=0.00 window_ms=1000 frames=91 nested=1
2026-09-19 21:47:21.406 performance profile engine operation=axis_lookup avg_ms=0.518432 max_call_ms=2.049900 calls_per_frame=43.60 window_ms=1000 frames=91 nested=1
2026-09-19 21:47:21.406 performance profile engine operation=pivot_query avg_ms=0.026593 max_call_ms=0.010300 calls_per_frame=93.00 window_ms=1000 frames=91 nested=1
2026-09-19 21:47:21.406 collision profile window_ms=1000 frames=91 avg_ms body_collection=0.024299 body_solve=0.010185 body_position=0.005186 body_refine=0.001535 body_velocity=0.002293 addon_prepare_query=0.000000 addon_coherent_solve=0.000000 addon_visible_solve=0.000000 room_sphere=0.000000 room_sweep=0.000000 room_single=0.000000
2026-09-19 21:47:21.407 collision profile window_ms=1000 frames=91 max_call_ms body_collection=0.037800 body_solve=0.021600 body_position=0.014200 body_refine=0.001400 body_velocity=0.006000 addon_prepare_query=0.000000 addon_coherent_solve=0.000000 addon_visible_solve=0.000000 room_sphere=0.000000 room_sweep=0.000000 room_single=0.000000
2026-09-19 21:47:21.407 collision profile window_ms=1000 frames=91 calls body_collection=192 body_solve=192 body_position=192 body_refine=192 body_velocity=192 addon_prepare_query=0 addon_coherent_solve=0 addon_visible_solve=0 room_sphere=0 room_sweep=0 room_single=0
2026-09-19 21:47:21.407 collision profile window_ms=1000 frames=91 counts body_contacts=49 body_passes=241 body_jacobians=147 body_predictions=1850 addon_contacts=0 addon_passes=0 addon_gradients=0 room_nodes=0 room_triangles=0
2026-09-19 21:47:22.406 performance profile window_ms=1000 frames=89 avg_ms total=1.489 housekeeping=0.029 bindings=0.259 diagnostics=0.004 colliders=0.232 axes=0.044 penis=0.296 penis_ownership=0.027 penis_gravity=0.006 penis_collision=0.022 penis_setup=0.030 penis_orientation=0.001 penis_translation=0.004 penis_solver=0.026 testicles=0.059 testicle_active=0.058 breasts=0.224 breasts_active=0.217 butt=0.079 butt_active=0.079 addons=0.252 addon_activation=0.110 addon_drive=0.092 addon_guard=0.001 addon_parent_pivot=0.000 addon_parent_translation=0.004 addon_parent_rotation=0.002 addon_gravity=0.002 addon_rotation_binding=0.010 addon_validation=0.071 addon_solver=0.047 addon_output=0.040 addon_cache=0.011 late=0.006 late_testicles=0.003 late_breasts=0.003 late_butt=0.000 traverse=0.000 addon_collision_body=0.000 addon_collision_self=0.000 addon_collision_addons=0.000 max_ms total=23.276 colliders=0.464 addons=2.239 calls late=89 traverse=0 body_collision=0 self_collision=0 addons_collision=0
2026-09-19 21:47:22.406 performance profile engine operation=symbols avg_ms=0.000000 max_call_ms=0.000000 calls_per_frame=0.00 window_ms=1000 frames=89 nested=1
2026-09-19 21:47:22.406 performance profile engine operation=find_object avg_ms=0.421357 max_call_ms=0.138700 calls_per_frame=1655.89 window_ms=1000 frames=89 nested=1
2026-09-19 21:47:22.406 performance profile engine operation=script_find avg_ms=0.000000 max_call_ms=0.000000 calls_per_frame=0.00 window_ms=1000 frames=89 nested=1
2026-09-19 21:47:22.407 performance profile engine operation=axis_lookup avg_ms=0.529027 max_call_ms=2.027400 calls_per_frame=43.71 window_ms=1000 frames=89 nested=1
2026-09-19 21:47:22.407 performance profile engine operation=pivot_query avg_ms=0.025326 max_call_ms=0.007100 calls_per_frame=93.00 window_ms=1000 frames=89 nested=1
2026-09-19 21:47:22.407 collision profile window_ms=1000 frames=89 avg_ms body_collection=0.023713 body_solve=0.009587 body_position=0.004767 body_refine=0.001494 body_velocity=0.002147 addon_prepare_query=0.000000 addon_coherent_solve=0.000000 addon_visible_solve=0.000000 room_sphere=0.000000 room_sweep=0.000000 room_single=0.000000
2026-09-19 21:47:22.407 collision profile window_ms=1000 frames=89 max_call_ms body_collection=0.032900 body_solve=0.016600 body_position=0.010500 body_refine=0.001200 body_velocity=0.005000 addon_prepare_query=0.000000 addon_coherent_solve=0.000000 addon_visible_solve=0.000000 room_sphere=0.000000 room_sweep=0.000000 room_single=0.000000
2026-09-19 21:47:22.407 collision profile window_ms=1000 frames=89 calls body_collection=184 body_solve=184 body_position=184 body_refine=184 body_velocity=184 addon_prepare_query=0 addon_coherent_solve=0 addon_visible_solve=0 room_sphere=0 room_sweep=0 room_single=0
2026-09-19 21:47:22.407 collision profile window_ms=1000 frames=89 counts body_contacts=45 body_passes=229 body_jacobians=135 body_predictions=1722 addon_contacts=0 addon_passes=0 addon_gradients=0 room_nodes=0 room_triangles=0
2026-09-19 21:47:23.022 performance profile body-update person=Person02 system=testicles update_rate_hz=-1 published_hz=94.6 sample_ms=5000
2026-09-19 21:47:23.411 performance profile window_ms=1000 frames=96 avg_ms total=1.394 housekeeping=0.028 bindings=0.244 diagnostics=0.004 colliders=0.232 axes=0.041 penis=0.264 penis_ownership=0.027 penis_gravity=0.006 penis_collision=0.008 penis_setup=0.031 penis_orientation=0.001 penis_translation=0.004 penis_solver=0.025 testicles=0.057 testicle_active=0.057 breasts=0.204 breasts_active=0.198 butt=0.077 butt_active=0.077 addons=0.230 addon_activation=0.103 addon_drive=0.081 addon_guard=0.001 addon_parent_pivot=0.000 addon_parent_translation=0.004 addon_parent_rotation=0.002 addon_gravity=0.002 addon_rotation_binding=0.009 addon_validation=0.061 addon_solver=0.044 addon_output=0.038 addon_cache=0.012 late=0.007 late_testicles=0.003 late_breasts=0.003 late_butt=0.000 traverse=0.000 addon_collision_body=0.000 addon_collision_self=0.000 addon_collision_addons=0.000 max_ms total=23.406 colliders=0.454 addons=2.158 calls late=96 traverse=0 body_collision=0 self_collision=0 addons_collision=0
2026-09-19 21:47:23.411 performance profile engine operation=symbols avg_ms=0.000000 max_call_ms=0.000000 calls_per_frame=0.00 window_ms=1000 frames=96 nested=1
2026-09-19 21:47:23.411 performance profile engine operation=find_object avg_ms=0.391022 max_call_ms=0.037800 calls_per_frame=1538.50 window_ms=1000 frames=96 nested=1
2026-09-19 21:47:23.411 performance profile engine operation=script_find avg_ms=0.000000 max_call_ms=0.000000 calls_per_frame=0.00 window_ms=1000 frames=96 nested=1
2026-09-19 21:47:23.411 performance profile engine operation=axis_lookup avg_ms=0.490000 max_call_ms=2.053800 calls_per_frame=43.44 window_ms=1000 frames=96 nested=1
2026-09-19 21:47:23.412 performance profile engine operation=pivot_query avg_ms=0.024302 max_call_ms=0.004200 calls_per_frame=93.00 window_ms=1000 frames=96 nested=1
2026-09-19 21:47:23.412 collision profile window_ms=1000 frames=96 avg_ms body_collection=0.007315 body_solve=0.004167 body_position=0.002400 body_refine=0.000426 body_velocity=0.001030 addon_prepare_query=0.000000 addon_coherent_solve=0.000000 addon_visible_solve=0.000000 room_sphere=0.000000 room_sweep=0.000000 room_single=0.000000
2026-09-19 21:47:23.412 collision profile window_ms=1000 frames=96 max_call_ms body_collection=0.033600 body_solve=0.025800 body_position=0.017200 body_refine=0.001200 body_velocity=0.006700 addon_prepare_query=0.000000 addon_coherent_solve=0.000000 addon_visible_solve=0.000000 room_sphere=0.000000 room_sweep=0.000000 room_single=0.000000
2026-09-19 21:47:23.412 collision profile window_ms=1000 frames=96 calls body_collection=200 body_solve=56 body_position=56 body_refine=56 body_velocity=56 addon_prepare_query=0 addon_coherent_solve=0 addon_visible_solve=0 room_sphere=0 room_sweep=0 room_single=0
2026-09-19 21:47:23.412 collision profile window_ms=1000 frames=96 counts body_contacts=23 body_passes=80 body_jacobians=70 body_predictions=775 addon_contacts=0 addon_passes=0 addon_gradients=0 room_nodes=0 room_triangles=0
2026-09-19 21:47:24.292 performance profile body-update person=Person02 system=breasts update_rate_hz=-1 published_hz=93.8 sample_ms=5000
2026-09-19 21:47:24.295 performance profile body-update person=Person02 system=butt update_rate_hz=-1 published_hz=93.8 sample_ms=5000
2026-09-19 21:47:24.409 performance profile window_ms=1000 frames=94 avg_ms total=1.448 housekeeping=0.030 bindings=0.250 diagnostics=0.004 colliders=0.239 axes=0.043 penis=0.287 penis_ownership=0.027 penis_gravity=0.006 penis_collision=0.022 penis_setup=0.031 penis_orientation=0.001 penis_translation=0.004 penis_solver=0.026 testicles=0.052 testicle_active=0.052 breasts=0.216 breasts_active=0.210 butt=0.081 butt_active=0.081 addons=0.233 addon_activation=0.104 addon_drive=0.083 addon_guard=0.001 addon_parent_pivot=0.000 addon_parent_translation=0.004 addon_parent_rotation=0.002 addon_gravity=0.002 addon_rotation_binding=0.009 addon_validation=0.063 addon_solver=0.044 addon_output=0.038 addon_cache=0.012 late=0.006 late_testicles=0.003 late_breasts=0.003 late_butt=0.000 traverse=0.000 addon_collision_body=0.000 addon_collision_self=0.000 addon_collision_addons=0.000 max_ms total=23.357 colliders=0.481 addons=2.125 calls late=94 traverse=0 body_collision=0 self_collision=0 addons_collision=0
2026-09-19 21:47:24.409 performance profile engine operation=symbols avg_ms=0.000000 max_call_ms=0.000000 calls_per_frame=0.00 window_ms=1000 frames=94 nested=1
2026-09-19 21:47:24.410 performance profile engine operation=find_object avg_ms=0.401338 max_call_ms=0.037300 calls_per_frame=1570.30 window_ms=1000 frames=94 nested=1
2026-09-19 21:47:24.410 performance profile engine operation=script_find avg_ms=0.000000 max_call_ms=0.000000 calls_per_frame=0.00 window_ms=1000 frames=94 nested=1
2026-09-19 21:47:24.410 performance profile engine operation=axis_lookup avg_ms=0.505117 max_call_ms=2.128200 calls_per_frame=43.55 window_ms=1000 frames=94 nested=1
2026-09-19 21:47:24.410 performance profile engine operation=pivot_query avg_ms=0.025155 max_call_ms=0.006200 calls_per_frame=93.00 window_ms=1000 frames=94 nested=1
2026-09-19 21:47:24.410 collision profile window_ms=1000 frames=94 avg_ms body_collection=0.023298 body_solve=0.002804 body_position=0.000064 body_refine=0.001544 body_velocity=0.000073 addon_prepare_query=0.000000 addon_coherent_solve=0.000000 addon_visible_solve=0.000000 room_sphere=0.000000 room_sweep=0.000000 room_single=0.000000
2026-09-19 21:47:24.411 collision profile window_ms=1000 frames=94 max_call_ms body_collection=0.038000 body_solve=0.004000 body_position=0.000100 body_refine=0.001700 body_velocity=0.000100 addon_prepare_query=0.000000 addon_coherent_solve=0.000000 addon_visible_solve=0.000000 room_sphere=0.000000 room_sweep=0.000000 room_single=0.000000
2026-09-19 21:47:24.411 collision profile window_ms=1000 frames=94 calls body_collection=196 body_solve=196 body_position=196 body_refine=196 body_velocity=196 addon_prepare_query=0 addon_coherent_solve=0 addon_visible_solve=0 room_sphere=0 room_sweep=0 room_single=0
2026-09-19 21:47:24.411 collision profile window_ms=1000 frames=94 counts body_contacts=0 body_passes=196 body_jacobians=0 body_predictions=588 addon_contacts=0 addon_passes=0 addon_gradients=0 room_nodes=0 room_triangles=0
2026-09-19 21:47:25.404 performance profile window_ms=1000 frames=97 avg_ms total=1.406 housekeeping=0.027 bindings=0.238 diagnostics=0.005 colliders=0.230 axes=0.080 penis=0.257 penis_ownership=0.026 penis_gravity=0.006 penis_collision=0.021 penis_setup=0.030 penis_orientation=0.001 penis_translation=0.004 penis_solver=0.026 testicles=0.052 testicle_active=0.051 breasts=0.206 breasts_active=0.200 butt=0.077 butt_active=0.077 addons=0.221 addon_activation=0.100 addon_drive=0.079 addon_guard=0.001 addon_parent_pivot=0.000 addon_parent_translation=0.003 addon_parent_rotation=0.002 addon_gravity=0.002 addon_rotation_binding=0.009 addon_validation=0.060 addon_solver=0.040 addon_output=0.035 addon_cache=0.012 late=0.007 late_testicles=0.003 late_breasts=0.003 late_butt=0.000 traverse=0.000 addon_collision_body=0.000 addon_collision_self=0.000 addon_collision_addons=0.000 max_ms total=23.073 colliders=0.450 addons=2.239 calls late=97 traverse=0 body_collision=0 self_collision=0 addons_collision=0
2026-09-19 21:47:25.405 performance profile engine operation=symbols avg_ms=0.000000 max_call_ms=0.000000 calls_per_frame=0.00 window_ms=1000 frames=97 nested=1
2026-09-19 21:47:25.405 performance profile engine operation=find_object avg_ms=0.402435 max_call_ms=0.039300 calls_per_frame=1593.29 window_ms=1000 frames=97 nested=1
2026-09-19 21:47:25.405 performance profile engine operation=script_find avg_ms=0.000000 max_call_ms=0.000000 calls_per_frame=0.00 window_ms=1000 frames=97 nested=1
2026-09-19 21:47:25.405 performance profile engine operation=axis_lookup avg_ms=0.506858 max_call_ms=2.068400 calls_per_frame=43.42 window_ms=1000 frames=97 nested=1
2026-09-19 21:47:25.405 performance profile engine operation=pivot_query avg_ms=0.023403 max_call_ms=0.008000 calls_per_frame=93.00 window_ms=1000 frames=97 nested=1
2026-09-19 21:47:25.405 collision profile window_ms=1000 frames=97 avg_ms body_collection=0.022631 body_solve=0.002790 body_position=0.000072 body_refine=0.001568 body_velocity=0.000080 addon_prepare_query=0.000000 addon_coherent_solve=0.000000 addon_visible_solve=0.000000 room_sphere=0.000000 room_sweep=0.000000 room_single=0.000000
2026-09-19 21:47:25.406 collision profile window_ms=1000 frames=97 max_call_ms body_collection=0.029700 body_solve=0.007500 body_position=0.000100 body_refine=0.007200 body_velocity=0.000100 addon_prepare_query=0.000000 addon_coherent_solve=0.000000 addon_visible_solve=0.000000 room_sphere=0.000000 room_sweep=0.000000 room_single=0.000000
2026-09-19 21:47:25.406 collision profile window_ms=1000 frames=97 calls body_collection=202 body_solve=202 body_position=202 body_refine=202 body_velocity=202 addon_prepare_query=0 addon_coherent_solve=0 addon_visible_solve=0 room_sphere=0 room_sweep=0 room_single=0
2026-09-19 21:47:25.406 collision profile window_ms=1000 frames=97 counts body_contacts=0 body_passes=202 body_jacobians=0 body_predictions=606 addon_contacts=0 addon_passes=0 addon_gradients=0 room_nodes=0 room_triangles=0
2026-09-19 21:47:25.544 performance profile body-update person=Person02 system=penis update_rate_hz=-1 published_hz=93.8 sample_ms=5000
2026-09-19 21:47:26.413 performance profile window_ms=1000 frames=98 avg_ms total=1.376 housekeeping=0.028 bindings=0.236 diagnostics=0.004 colliders=0.225 axes=0.042 penis=0.277 penis_ownership=0.027 penis_gravity=0.006 penis_collision=0.021 penis_setup=0.030 penis_orientation=0.001 penis_translation=0.004 penis_solver=0.026 testicles=0.051 testicle_active=0.050 breasts=0.204 breasts_active=0.198 butt=0.078 butt_active=0.078 addons=0.219 addon_activation=0.099 addon_drive=0.077 addon_guard=0.001 addon_parent_pivot=0.000 addon_parent_translation=0.003 addon_parent_rotation=0.002 addon_gravity=0.002 addon_rotation_binding=0.009 addon_validation=0.058 addon_solver=0.041 addon_output=0.036 addon_cache=0.012 late=0.006 late_testicles=0.003 late_breasts=0.003 late_butt=0.000 traverse=0.000 addon_collision_body=0.000 addon_collision_self=0.000 addon_collision_addons=0.000 max_ms total=22.875 colliders=0.516 addons=2.147 calls late=98 traverse=0 body_collision=0 self_collision=0 addons_collision=0
2026-09-19 21:47:26.413 performance profile engine operation=symbols avg_ms=0.000000 max_call_ms=0.000000 calls_per_frame=0.00 window_ms=1000 frames=98 nested=1
2026-09-19 21:47:26.413 performance profile engine operation=find_object avg_ms=0.384282 max_call_ms=0.038700 calls_per_frame=1508.00 window_ms=1000 frames=98 nested=1
2026-09-19 21:47:26.413 performance profile engine operation=script_find avg_ms=0.000000 max_call_ms=0.000000 calls_per_frame=0.00 window_ms=1000 frames=98 nested=1
2026-09-19 21:47:26.413 performance profile engine operation=axis_lookup avg_ms=0.480305 max_call_ms=2.085000 calls_per_frame=43.33 window_ms=1000 frames=98 nested=1
2026-09-19 21:47:26.414 performance profile engine operation=pivot_query avg_ms=0.022800 max_call_ms=0.007600 calls_per_frame=93.00 window_ms=1000 frames=98 nested=1
2026-09-19 21:47:26.414 collision profile window_ms=1000 frames=98 avg_ms body_collection=0.022688 body_solve=0.003431 body_position=0.000605 body_refine=0.001502 body_velocity=0.000279 addon_prepare_query=0.000000 addon_coherent_solve=0.000000 addon_visible_solve=0.000000 room_sphere=0.000000 room_sweep=0.000000 room_single=0.000000
2026-09-19 21:47:26.414 collision profile window_ms=1000 frames=98 max_call_ms body_collection=0.035200 body_solve=0.029600 body_position=0.019400 body_refine=0.001400 body_velocity=0.008900 addon_prepare_query=0.000000 addon_coherent_solve=0.000000 addon_visible_solve=0.000000 room_sphere=0.000000 room_sweep=0.000000 room_single=0.000000
2026-09-19 21:47:26.414 collision profile window_ms=1000 frames=98 calls body_collection=198 body_solve=198 body_position=198 body_refine=198 body_velocity=198 addon_prepare_query=0 addon_coherent_solve=0 addon_visible_solve=0 room_sphere=0 room_sweep=0 room_single=0
2026-09-19 21:47:26.414 collision profile window_ms=1000 frames=98 counts body_contacts=4 body_passes=203 body_jacobians=13 body_predictions=719 addon_contacts=0 addon_passes=0 addon_gradients=0 room_nodes=0 room_triangles=0
2026-09-19 21:47:27.407 performance profile window_ms=1000 frames=96 avg_ms total=1.406 housekeeping=0.031 bindings=0.243 diagnostics=0.004 colliders=0.233 axes=0.041 penis=0.280 penis_ownership=0.027 penis_gravity=0.006 penis_collision=0.021 penis_setup=0.031 penis_orientation=0.001 penis_translation=0.004 penis_solver=0.026 testicles=0.054 testicle_active=0.053 breasts=0.207 breasts_active=0.201 butt=0.078 butt_active=0.077 addons=0.224 addon_activation=0.101 addon_drive=0.077 addon_guard=0.001 addon_parent_pivot=0.000 addon_parent_translation=0.003 addon_parent_rotation=0.002 addon_gravity=0.002 addon_rotation_binding=0.009 addon_validation=0.058 addon_solver=0.044 addon_output=0.038 addon_cache=0.011 late=0.006 late_testicles=0.003 late_breasts=0.003 late_butt=0.000 traverse=0.000 addon_collision_body=0.000 addon_collision_self=0.000 addon_collision_addons=0.000 max_ms total=24.188 colliders=0.463 addons=2.109 calls late=96 traverse=0 body_collision=0 self_collision=0 addons_collision=0
2026-09-19 21:47:27.407 performance profile engine operation=symbols avg_ms=0.000000 max_call_ms=0.000000 calls_per_frame=0.00 window_ms=1000 frames=96 nested=1
2026-09-19 21:47:27.407 performance profile engine operation=find_object avg_ms=0.392568 max_call_ms=0.072100 calls_per_frame=1538.52 window_ms=1000 frames=96 nested=1
2026-09-19 21:47:27.408 performance profile engine operation=script_find avg_ms=0.000000 max_call_ms=0.000000 calls_per_frame=0.00 window_ms=1000 frames=96 nested=1
2026-09-19 21:47:27.408 performance profile engine operation=axis_lookup avg_ms=0.490596 max_call_ms=2.035400 calls_per_frame=43.46 window_ms=1000 frames=96 nested=1
2026-09-19 21:47:27.408 performance profile engine operation=pivot_query avg_ms=0.023682 max_call_ms=0.004400 calls_per_frame=93.00 window_ms=1000 frames=96 nested=1
2026-09-19 21:47:27.408 collision profile window_ms=1000 frames=96 avg_ms body_collection=0.022416 body_solve=0.004819 body_position=0.001532 body_refine=0.001484 body_velocity=0.000724 addon_prepare_query=0.000000 addon_coherent_solve=0.000000 addon_visible_solve=0.000000 room_sphere=0.000000 room_sweep=0.000000 room_single=0.000000
2026-09-19 21:47:27.408 collision profile window_ms=1000 frames=96 max_call_ms body_collection=0.035300 body_solve=0.029700 body_position=0.019600 body_refine=0.001200 body_velocity=0.008700 addon_prepare_query=0.000000 addon_coherent_solve=0.000000 addon_visible_solve=0.000000 room_sphere=0.000000 room_sweep=0.000000 room_single=0.000000
2026-09-19 21:47:27.409 collision profile window_ms=1000 frames=96 calls body_collection=196 body_solve=196 body_position=196 body_refine=196 body_velocity=196 addon_prepare_query=0 addon_coherent_solve=0 addon_visible_solve=0 room_sphere=0 room_sweep=0 room_single=0
2026-09-19 21:47:27.409 collision profile window_ms=1000 frames=96 counts body_contacts=13 body_passes=209 body_jacobians=39 body_predictions=950 addon_contacts=0 addon_passes=0 addon_gradients=0 room_nodes=0 room_triangles=0
2026-09-19 21:47:28.024 performance profile body-update person=Person02 system=testicles update_rate_hz=-1 published_hz=96.4 sample_ms=5000
2026-09-19 21:47:28.412 performance profile window_ms=1000 frames=93 avg_ms total=1.461 housekeeping=0.029 bindings=0.262 diagnostics=0.004 colliders=0.236 axes=0.042 penis=0.287 penis_ownership=0.028 penis_gravity=0.006 penis_collision=0.022 penis_setup=0.032 penis_orientation=0.001 penis_translation=0.004 penis_solver=0.027 testicles=0.061 testicle_active=0.060 breasts=0.215 breasts_active=0.208 butt=0.080 butt_active=0.080 addons=0.232 addon_activation=0.105 addon_drive=0.079 addon_guard=0.001 addon_parent_pivot=0.000 addon_parent_translation=0.004 addon_parent_rotation=0.002 addon_gravity=0.002 addon_rotation_binding=0.009 addon_validation=0.059 addon_solver=0.045 addon_output=0.039 addon_cache=0.011 late=0.006 late_testicles=0.003 late_breasts=0.003 late_butt=0.000 traverse=0.000 addon_collision_body=0.000 addon_collision_self=0.000 addon_collision_addons=0.000 max_ms total=24.056 colliders=0.473 addons=2.181 calls late=93 traverse=0 body_collision=0 self_collision=0 addons_collision=0
2026-09-19 21:47:28.412 performance profile engine operation=symbols avg_ms=0.000000 max_call_ms=0.000000 calls_per_frame=0.00 window_ms=1000 frames=93 nested=1
2026-09-19 21:47:28.412 performance profile engine operation=find_object avg_ms=0.403913 max_call_ms=0.057000 calls_per_frame=1586.67 window_ms=1000 frames=93 nested=1
2026-09-19 21:47:28.412 performance profile engine operation=script_find avg_ms=0.000000 max_call_ms=0.000000 calls_per_frame=0.00 window_ms=1000 frames=93 nested=1
2026-09-19 21:47:28.412 performance profile engine operation=axis_lookup avg_ms=0.504925 max_call_ms=1.978300 calls_per_frame=43.57 window_ms=1000 frames=93 nested=1
2026-09-19 21:47:28.413 performance profile engine operation=pivot_query avg_ms=0.025195 max_call_ms=0.004500 calls_per_frame=93.00 window_ms=1000 frames=93 nested=1
2026-09-19 21:47:28.413 collision profile window_ms=1000 frames=93 avg_ms body_collection=0.023837 body_solve=0.004904 body_position=0.001553 body_refine=0.001527 body_velocity=0.000717 addon_prepare_query=0.000000 addon_coherent_solve=0.000000 addon_visible_solve=0.000000 room_sphere=0.000000 room_sweep=0.000000 room_single=0.000000
2026-09-19 21:47:28.413 collision profile window_ms=1000 frames=93 max_call_ms body_collection=0.045900 body_solve=0.014600 body_position=0.009700 body_refine=0.001400 body_velocity=0.004300 addon_prepare_query=0.000000 addon_coherent_solve=0.000000 addon_visible_solve=0.000000 room_sphere=0.000000 room_sweep=0.000000 room_single=0.000000
2026-09-19 21:47:28.413 collision profile window_ms=1000 frames=93 calls body_collection=192 body_solve=192 body_position=192 body_refine=192 body_velocity=192 addon_prepare_query=0 addon_coherent_solve=0 addon_visible_solve=0 room_sphere=0 room_sweep=0 room_single=0
2026-09-19 21:47:28.414 collision profile window_ms=1000 frames=93 counts body_contacts=15 body_passes=207 body_jacobians=45 body_predictions=966 addon_contacts=0 addon_passes=0 addon_gradients=0 room_nodes=0 room_triangles=0
2026-09-19 21:47:29.296 performance profile body-update person=Person02 system=breasts update_rate_hz=-1 published_hz=93.8 sample_ms=5000
2026-09-19 21:47:29.296 performance profile body-update person=Person02 system=butt update_rate_hz=-1 published_hz=93.8 sample_ms=5000
2026-09-19 21:47:29.405 performance profile window_ms=1000 frames=84 avg_ms total=1.647 housekeeping=0.037 bindings=0.280 diagnostics=0.004 colliders=0.270 axes=0.046 penis=0.324 penis_ownership=0.033 penis_gravity=0.007 penis_collision=0.025 penis_setup=0.037 penis_orientation=0.001 penis_translation=0.004 penis_solver=0.028 testicles=0.059 testicle_active=0.059 breasts=0.247 breasts_active=0.240 butt=0.090 butt_active=0.089 addons=0.276 addon_activation=0.119 addon_drive=0.100 addon_guard=0.002 addon_parent_pivot=0.000 addon_parent_translation=0.004 addon_parent_rotation=0.002 addon_gravity=0.002 addon_rotation_binding=0.011 addon_validation=0.078 addon_solver=0.054 addon_output=0.047 addon_cache=0.012 late=0.007 late_testicles=0.003 late_breasts=0.003 late_butt=0.000 traverse=0.000 addon_collision_body=0.000 addon_collision_self=0.000 addon_collision_addons=0.000 max_ms total=23.107 colliders=0.515 addons=2.269 calls late=84 traverse=0 body_collision=0 self_collision=0 addons_collision=0
2026-09-19 21:47:29.405 performance profile engine operation=symbols avg_ms=0.000000 max_call_ms=0.000000 calls_per_frame=0.00 window_ms=1000 frames=84 nested=1
2026-09-19 21:47:29.406 performance profile engine operation=find_object avg_ms=0.454368 max_call_ms=0.045600 calls_per_frame=1751.60 window_ms=1000 frames=84 nested=1
2026-09-19 21:47:29.406 performance profile engine operation=script_find avg_ms=0.000000 max_call_ms=0.000000 calls_per_frame=0.00 window_ms=1000 frames=84 nested=1
2026-09-19 21:47:29.406 performance profile engine operation=axis_lookup avg_ms=0.571324 max_call_ms=2.035500 calls_per_frame=43.81 window_ms=1000 frames=84 nested=1
2026-09-19 21:47:29.406 performance profile engine operation=pivot_query avg_ms=0.030398 max_call_ms=0.005800 calls_per_frame=93.00 window_ms=1000 frames=84 nested=1
2026-09-19 21:47:29.407 collision profile window_ms=1000 frames=84 avg_ms body_collection=0.026544 body_solve=0.004961 body_position=0.001436 body_refine=0.001588 body_velocity=0.000652 addon_prepare_query=0.000000 addon_coherent_solve=0.000000 addon_visible_solve=0.000000 room_sphere=0.000000 room_sweep=0.000000 room_single=0.000000
2026-09-19 21:47:29.407 collision profile window_ms=1000 frames=84 max_call_ms body_collection=0.047100 body_solve=0.015200 body_position=0.010100 body_refine=0.001200 body_velocity=0.004300 addon_prepare_query=0.000000 addon_coherent_solve=0.000000 addon_visible_solve=0.000000 room_sphere=0.000000 room_sweep=0.000000 room_single=0.000000
2026-09-19 21:47:29.407 collision profile window_ms=1000 frames=84 calls body_collection=180 body_solve=180 body_position=180 body_refine=180 body_velocity=180 addon_prepare_query=0 addon_coherent_solve=0 addon_visible_solve=0 room_sphere=0 room_sweep=0 room_single=0
2026-09-19 21:47:29.408 collision profile window_ms=1000 frames=84 counts body_contacts=12 body_passes=192 body_jacobians=36 body_predictions=852 addon_contacts=0 addon_passes=0 addon_gradients=0 room_nodes=0 room_triangles=0
2026-09-19 21:47:30.410 performance profile window_ms=1000 frames=92 avg_ms total=1.491 housekeeping=0.033 bindings=0.249 diagnostics=0.004 colliders=0.251 axes=0.044 penis=0.291 penis_ownership=0.028 penis_gravity=0.007 penis_collision=0.018 penis_setup=0.032 penis_orientation=0.001 penis_translation=0.004 penis_solver=0.027 testicles=0.056 testicle_active=0.055 breasts=0.221 breasts_active=0.214 butt=0.085 butt_active=0.084 addons=0.246 addon_activation=0.109 addon_drive=0.089 addon_guard=0.001 addon_parent_pivot=0.000 addon_parent_translation=0.004 addon_parent_rotation=0.002 addon_gravity=0.002 addon_rotation_binding=0.010 addon_validation=0.068 addon_solver=0.046 addon_output=0.040 addon_cache=0.012 late=0.007 late_testicles=0.003 late_breasts=0.003 late_butt=0.000 traverse=0.000 addon_collision_body=0.000 addon_collision_self=0.000 addon_collision_addons=0.000 max_ms total=23.065 colliders=0.668 addons=2.178 calls late=92 traverse=0 body_collision=0 self_collision=0 addons_collision=0
2026-09-19 21:47:30.410 performance profile engine operation=symbols avg_ms=0.000000 max_call_ms=0.000000 calls_per_frame=0.00 window_ms=1000 frames=92 nested=1
2026-09-19 21:47:30.410 performance profile engine operation=find_object avg_ms=0.418062 max_call_ms=0.052600 calls_per_frame=1603.41 window_ms=1000 frames=92 nested=1
2026-09-19 21:47:30.410 performance profile engine operation=script_find avg_ms=0.000000 max_call_ms=0.000000 calls_per_frame=0.00 window_ms=1000 frames=92 nested=1
2026-09-19 21:47:30.410 performance profile engine operation=axis_lookup avg_ms=0.522977 max_call_ms=2.047500 calls_per_frame=43.61 window_ms=1000 frames=92 nested=1
2026-09-19 21:47:30.410 performance profile engine operation=pivot_query avg_ms=0.027593 max_call_ms=0.021900 calls_per_frame=93.00 window_ms=1000 frames=92 nested=1
2026-09-19 21:47:30.411 collision profile window_ms=1000 frames=92 avg_ms body_collection=0.019462 body_solve=0.004003 body_position=0.001291 body_refine=0.001200 body_velocity=0.000585 addon_prepare_query=0.000000 addon_coherent_solve=0.000000 addon_visible_solve=0.000000 room_sphere=0.000000 room_sweep=0.000000 room_single=0.000000
2026-09-19 21:47:30.411 collision profile window_ms=1000 frames=92 max_call_ms body_collection=0.029900 body_solve=0.016600 body_position=0.011400 body_refine=0.001300 body_velocity=0.004200 addon_prepare_query=0.000000 addon_coherent_solve=0.000000 addon_visible_solve=0.000000 room_sphere=0.000000 room_sweep=0.000000 room_single=0.000000
2026-09-19 21:47:30.411 collision profile window_ms=1000 frames=92 calls body_collection=192 body_solve=148 body_position=148 body_refine=148 body_velocity=148 addon_prepare_query=0 addon_coherent_solve=0 addon_visible_solve=0 room_sphere=0 room_sweep=0 room_single=0
2026-09-19 21:47:30.411 collision profile window_ms=1000 frames=92 counts body_contacts=12 body_passes=160 body_jacobians=36 body_predictions=756 addon_contacts=0 addon_passes=0 addon_gradients=0 room_nodes=0 room_triangles=0
2026-09-19 21:47:30.546 performance profile body-update person=Person02 system=penis update_rate_hz=-1 published_hz=92.4 sample_ms=5000
2026-09-19 21:47:31.413 performance profile window_ms=1000 frames=89 avg_ms total=1.545 housekeeping=0.031 bindings=0.276 diagnostics=0.004 colliders=0.249 axes=0.045 penis=0.305 penis_ownership=0.028 penis_gravity=0.007 penis_collision=0.015 penis_setup=0.032 penis_orientation=0.001 penis_translation=0.004 penis_solver=0.027 testicles=0.056 testicle_active=0.055 breasts=0.226 breasts_active=0.219 butt=0.084 butt_active=0.084 addons=0.257 addon_activation=0.112 addon_drive=0.094 addon_guard=0.001 addon_parent_pivot=0.000 addon_parent_translation=0.004 addon_parent_rotation=0.002 addon_gravity=0.002 addon_rotation_binding=0.010 addon_validation=0.072 addon_solver=0.048 addon_output=0.041 addon_cache=0.012 late=0.007 late_testicles=0.003 late_breasts=0.004 late_butt=0.000 traverse=0.000 addon_collision_body=0.000 addon_collision_self=0.000 addon_collision_addons=0.000 max_ms total=24.553 colliders=0.444 addons=2.172 calls late=89 traverse=0 body_collision=0 self_collision=0 addons_collision=0
2026-09-19 21:47:31.414 performance profile engine operation=symbols avg_ms=0.000000 max_call_ms=0.000000 calls_per_frame=0.00 window_ms=1000 frames=89 nested=1
2026-09-19 21:47:31.414 performance profile engine operation=find_object avg_ms=0.430434 max_call_ms=0.060100 calls_per_frame=1655.87 window_ms=1000 frames=89 nested=1
2026-09-19 21:47:31.414 performance profile engine operation=script_find avg_ms=0.000000 max_call_ms=0.000000 calls_per_frame=0.00 window_ms=1000 frames=89 nested=1
2026-09-19 21:47:31.414 performance profile engine operation=axis_lookup avg_ms=0.543555 max_call_ms=2.143400 calls_per_frame=43.69 window_ms=1000 frames=89 nested=1
2026-09-19 21:47:31.414 performance profile engine operation=pivot_query avg_ms=0.028273 max_call_ms=0.014400 calls_per_frame=93.00 window_ms=1000 frames=89 nested=1
2026-09-19 21:47:31.415 collision profile window_ms=1000 frames=89 avg_ms body_collection=0.014791 body_solve=0.005330 body_position=0.002683 body_refine=0.000837 body_velocity=0.001139 addon_prepare_query=0.000000 addon_coherent_solve=0.000000 addon_visible_solve=0.000000 room_sphere=0.000000 room_sweep=0.000000 room_single=0.000000
2026-09-19 21:47:31.415 collision profile window_ms=1000 frames=89 max_call_ms body_collection=0.080900 body_solve=0.022700 body_position=0.014400 body_refine=0.001200 body_velocity=0.006500 addon_prepare_query=0.000000 addon_coherent_solve=0.000000 addon_visible_solve=0.000000 room_sphere=0.000000 room_sweep=0.000000 room_single=0.000000
2026-09-19 21:47:31.415 collision profile window_ms=1000 frames=89 calls body_collection=188 body_solve=100 body_position=100 body_refine=100 body_velocity=100 addon_prepare_query=0 addon_coherent_solve=0 addon_visible_solve=0 room_sphere=0 room_sweep=0 room_single=0
2026-09-19 21:47:31.415 collision profile window_ms=1000 frames=89 counts body_contacts=23 body_passes=124 body_jacobians=70 body_predictions=907 addon_contacts=0 addon_passes=0 addon_gradients=0 room_nodes=0 room_triangles=0
2026-09-19 21:47:32.408 performance profile window_ms=1000 frames=86 avg_ms total=1.593 housekeeping=0.040 bindings=0.277 diagnostics=0.004 colliders=0.259 axes=0.048 penis=0.293 penis_ownership=0.029 penis_gravity=0.007 penis_collision=0.024 penis_setup=0.033 penis_orientation=0.001 penis_translation=0.004 penis_solver=0.028 testicles=0.063 testicle_active=0.063 breasts=0.240 breasts_active=0.233 butt=0.087 butt_active=0.086 addons=0.270 addon_activation=0.116 addon_drive=0.100 addon_guard=0.001 addon_parent_pivot=0.000 addon_parent_translation=0.004 addon_parent_rotation=0.002 addon_gravity=0.002 addon_rotation_binding=0.010 addon_validation=0.078 addon_solver=0.051 addon_output=0.044 addon_cache=0.012 late=0.007 late_testicles=0.003 late_breasts=0.004 late_butt=0.000 traverse=0.000 addon_collision_body=0.000 addon_collision_self=0.000 addon_collision_addons=0.000 max_ms total=23.296 colliders=0.503 addons=2.187 calls late=86 traverse=0 body_collision=0 self_collision=0 addons_collision=0
2026-09-19 21:47:32.409 performance profile engine operation=symbols avg_ms=0.000000 max_call_ms=0.000000 calls_per_frame=0.00 window_ms=1000 frames=86 nested=1
2026-09-19 21:47:32.409 performance profile engine operation=find_object avg_ms=0.432437 max_call_ms=0.115400 calls_per_frame=1632.87 window_ms=1000 frames=86 nested=1
2026-09-19 21:47:32.409 performance profile engine operation=script_find avg_ms=0.000000 max_call_ms=0.000000 calls_per_frame=0.00 window_ms=1000 frames=86 nested=1
2026-09-19 21:47:32.409 performance profile engine operation=axis_lookup avg_ms=0.543053 max_call_ms=2.158400 calls_per_frame=43.79 window_ms=1000 frames=86 nested=1
2026-09-19 21:47:32.410 performance profile engine operation=pivot_query avg_ms=0.029477 max_call_ms=0.016300 calls_per_frame=93.00 window_ms=1000 frames=86 nested=1
2026-09-19 21:47:32.410 collision profile window_ms=1000 frames=86 avg_ms body_collection=0.025960 body_solve=0.010652 body_position=0.005443 body_refine=0.001579 body_velocity=0.002430 addon_prepare_query=0.000000 addon_coherent_solve=0.000000 addon_visible_solve=0.000000 room_sphere=0.000000 room_sweep=0.000000 room_single=0.000000
2026-09-19 21:47:32.410 collision profile window_ms=1000 frames=86 max_call_ms body_collection=0.035500 body_solve=0.022400 body_position=0.014400 body_refine=0.001400 body_velocity=0.006500 addon_prepare_query=0.000000 addon_coherent_solve=0.000000 addon_visible_solve=0.000000 room_sphere=0.000000 room_sweep=0.000000 room_single=0.000000
2026-09-19 21:47:32.410 collision profile window_ms=1000 frames=86 calls body_collection=182 body_solve=182 body_position=182 body_refine=182 body_velocity=182 addon_prepare_query=0 addon_coherent_solve=0 addon_visible_solve=0 room_sphere=0 room_sweep=0 room_single=0
2026-09-19 21:47:32.410 collision profile window_ms=1000 frames=86 counts body_contacts=47 body_passes=229 body_jacobians=141 body_predictions=1768 addon_contacts=0 addon_passes=0 addon_gradients=0 room_nodes=0 room_triangles=0
2026-09-19 21:47:33.031 performance profile body-update person=Person02 system=testicles update_rate_hz=-1 published_hz=88.4 sample_ms=5000
2026-09-19 21:47:33.405 performance profile window_ms=1000 frames=91 avg_ms total=1.520 housekeeping=0.033 bindings=0.253 diagnostics=0.004 colliders=0.244 axes=0.085 penis=0.280 penis_ownership=0.029 penis_gravity=0.006 penis_collision=0.023 penis_setup=0.033 penis_orientation=0.001 penis_translation=0.004 penis_solver=0.028 testicles=0.068 testicle_active=0.068 breasts=0.199 breasts_active=0.193 butt=0.082 butt_active=0.082 addons=0.259 addon_activation=0.114 addon_drive=0.090 addon_guard=0.001 addon_parent_pivot=0.000 addon_parent_translation=0.004 addon_parent_rotation=0.002 addon_gravity=0.002 addon_rotation_binding=0.010 addon_validation=0.068 addon_solver=0.052 addon_output=0.045 addon_cache=0.012 late=0.007 late_testicles=0.003 late_breasts=0.003 late_butt=0.000 traverse=0.000 addon_collision_body=0.000 addon_collision_self=0.000 addon_collision_addons=0.000 max_ms total=22.864 colliders=0.468 addons=2.454 calls late=91 traverse=0 body_collision=0 self_collision=0 addons_collision=0
2026-09-19 21:47:33.406 performance profile engine operation=symbols avg_ms=0.000000 max_call_ms=0.000000 calls_per_frame=0.00 window_ms=1000 frames=91 nested=1
2026-09-19 21:47:33.406 performance profile engine operation=find_object avg_ms=0.419695 max_call_ms=0.108700 calls_per_frame=1620.53 window_ms=1000 frames=91 nested=1
2026-09-19 21:47:33.406 performance profile engine operation=script_find avg_ms=0.000000 max_call_ms=0.000000 calls_per_frame=0.00 window_ms=1000 frames=91 nested=1
2026-09-19 21:47:33.406 performance profile engine operation=axis_lookup avg_ms=0.527552 max_call_ms=2.159200 calls_per_frame=43.65 window_ms=1000 frames=91 nested=1
2026-09-19 21:47:33.406 performance profile engine operation=pivot_query avg_ms=0.026010 max_call_ms=0.007500 calls_per_frame=93.00 window_ms=1000 frames=91 nested=1
2026-09-19 21:47:33.406 collision profile window_ms=1000 frames=91 avg_ms body_collection=0.024457 body_solve=0.009670 body_position=0.004755 body_refine=0.001595 body_velocity=0.002121 addon_prepare_query=0.000000 addon_coherent_solve=0.000000 addon_visible_solve=0.000000 room_sphere=0.000000 room_sweep=0.000000 room_single=0.000000
2026-09-19 21:47:33.406 collision profile window_ms=1000 frames=91 max_call_ms body_collection=0.037300 body_solve=0.017800 body_position=0.011800 body_refine=0.001800 body_velocity=0.004800 addon_prepare_query=0.000000 addon_coherent_solve=0.000000 addon_visible_solve=0.000000 room_sphere=0.000000 room_sweep=0.000000 room_single=0.000000
2026-09-19 21:47:33.406 collision profile window_ms=1000 frames=91 calls body_collection=192 body_solve=192 body_position=192 body_refine=192 body_velocity=192 addon_prepare_query=0 addon_coherent_solve=0 addon_visible_solve=0 room_sphere=0 room_sweep=0 room_single=0
2026-09-19 21:47:33.408 collision profile window_ms=1000 frames=91 counts body_contacts=45 body_passes=237 body_jacobians=135 body_predictions=1746 addon_contacts=0 addon_passes=0 addon_gradients=0 room_nodes=0 room_triangles=0
2026-09-19 21:47:34.290 performance profile body-update person=Person02 system=breasts update_rate_hz=-1 published_hz=90.2 sample_ms=5000
2026-09-19 21:47:34.291 performance profile body-update person=Person02 system=butt update_rate_hz=-1 published_hz=90.2 sample_ms=5000
2026-09-19 21:47:34.406 performance profile window_ms=1000 frames=94 avg_ms total=1.397 housekeeping=0.027 bindings=0.249 diagnostics=0.004 colliders=0.235 axes=0.001 penis=0.280 penis_ownership=0.026 penis_gravity=0.007 penis_collision=0.019 penis_setup=0.030 penis_orientation=0.001 penis_translation=0.004 penis_solver=0.027 testicles=0.059 testicle_active=0.059 breasts=0.217 breasts_active=0.210 butt=0.081 butt_active=0.080 addons=0.231 addon_activation=0.104 addon_drive=0.081 addon_guard=0.001 addon_parent_pivot=0.000 addon_parent_translation=0.004 addon_parent_rotation=0.002 addon_gravity=0.002 addon_rotation_binding=0.009 addon_validation=0.061 addon_solver=0.044 addon_output=0.038 addon_cache=0.012 late=0.006 late_testicles=0.003 late_breasts=0.003 late_butt=0.000 traverse=0.000 addon_collision_body=0.000 addon_collision_self=0.000 addon_collision_addons=0.000 max_ms total=23.479 colliders=0.455 addons=2.116 calls late=94 traverse=0 body_collision=0 self_collision=0 addons_collision=0
2026-09-19 21:47:34.406 performance profile engine operation=symbols avg_ms=0.000000 max_call_ms=0.000000 calls_per_frame=0.00 window_ms=1000 frames=94 nested=1
2026-09-19 21:47:34.406 performance profile engine operation=find_object avg_ms=0.367723 max_call_ms=0.022600 calls_per_frame=1425.49 window_ms=1000 frames=94 nested=1
2026-09-19 21:47:34.406 performance profile engine operation=script_find avg_ms=0.000000 max_call_ms=0.000000 calls_per_frame=0.00 window_ms=1000 frames=94 nested=1
2026-09-19 21:47:34.408 performance profile engine operation=axis_lookup avg_ms=0.459796 max_call_ms=1.980800 calls_per_frame=43.53 window_ms=1000 frames=94 nested=1
2026-09-19 21:47:34.408 performance profile engine operation=pivot_query avg_ms=0.025547 max_call_ms=0.083700 calls_per_frame=93.00 window_ms=1000 frames=94 nested=1
2026-09-19 21:47:34.408 collision profile window_ms=1000 frames=94 avg_ms body_collection=0.019651 body_solve=0.009665 body_position=0.005299 body_refine=0.001206 body_velocity=0.002199 addon_prepare_query=0.000000 addon_coherent_solve=0.000000 addon_visible_solve=0.000000 room_sphere=0.000000 room_sweep=0.000000 room_single=0.000000
2026-09-19 21:47:34.408 collision profile window_ms=1000 frames=94 max_call_ms body_collection=0.037900 body_solve=0.024000 body_position=0.018900 body_refine=0.001200 body_velocity=0.006300 addon_prepare_query=0.000000 addon_coherent_solve=0.000000 addon_visible_solve=0.000000 room_sphere=0.000000 room_sweep=0.000000 room_single=0.000000
2026-09-19 21:47:34.409 collision profile window_ms=1000 frames=94 calls body_collection=196 body_solve=154 body_position=154 body_refine=154 body_velocity=154 addon_prepare_query=0 addon_coherent_solve=0 addon_visible_solve=0 room_sphere=0 room_sweep=0 room_single=0
2026-09-19 21:47:34.409 collision profile window_ms=1000 frames=94 counts body_contacts=49 body_passes=204 body_jacobians=148 body_predictions=1745 addon_contacts=0 addon_passes=0 addon_gradients=0 room_nodes=0 room_triangles=0
2026-09-19 21:47:35.404 performance profile window_ms=1000 frames=94 avg_ms total=1.440 housekeeping=0.028 bindings=0.238 diagnostics=0.004 colliders=0.230 axes=0.081 penis=0.274 penis_ownership=0.027 penis_gravity=0.006 penis_collision=0.012 penis_setup=0.031 penis_orientation=0.001 penis_translation=0.004 penis_solver=0.026 testicles=0.051 testicle_active=0.051 breasts=0.211 breasts_active=0.205 butt=0.078 butt_active=0.078 addons=0.232 addon_activation=0.103 addon_drive=0.082 addon_guard=0.001 addon_parent_pivot=0.000 addon_parent_translation=0.003 addon_parent_rotation=0.002 addon_gravity=0.002 addon_rotation_binding=0.009 addon_validation=0.063 addon_solver=0.044 addon_output=0.039 addon_cache=0.012 late=0.007 late_testicles=0.003 late_breasts=0.003 late_butt=0.000 traverse=0.000 addon_collision_body=0.000 addon_collision_self=0.000 addon_collision_addons=0.000 max_ms total=22.822 colliders=0.478 addons=2.150 calls late=94 traverse=0 body_collision=0 self_collision=0 addons_collision=0
2026-09-19 21:47:35.405 performance profile engine operation=symbols avg_ms=0.000000 max_call_ms=0.000000 calls_per_frame=0.00 window_ms=1000 frames=94 nested=1
2026-09-19 21:47:35.405 performance profile engine operation=find_object avg_ms=0.428974 max_call_ms=0.039100 calls_per_frame=1715.06 window_ms=1000 frames=94 nested=1
2026-09-19 21:47:35.405 performance profile engine operation=script_find avg_ms=0.000000 max_call_ms=0.000000 calls_per_frame=0.00 window_ms=1000 frames=94 nested=1
2026-09-19 21:47:35.405 performance profile engine operation=axis_lookup avg_ms=0.539553 max_call_ms=2.003700 calls_per_frame=43.53 window_ms=1000 frames=94 nested=1
2026-09-19 21:47:35.405 performance profile engine operation=pivot_query avg_ms=0.023693 max_call_ms=0.003900 calls_per_frame=93.00 window_ms=1000 frames=94 nested=1
2026-09-19 21:47:35.405 collision profile window_ms=1000 frames=94 avg_ms body_collection=0.012737 body_solve=0.001477 body_position=0.000032 body_refine=0.000820 body_velocity=0.000041 addon_prepare_query=0.000000 addon_coherent_solve=0.000000 addon_visible_solve=0.000000 room_sphere=0.000000 room_sweep=0.000000 room_single=0.000000
2026-09-19 21:47:35.406 collision profile window_ms=1000 frames=94 max_call_ms body_collection=0.028400 body_solve=0.003000 body_position=0.000100 body_refine=0.001600 body_velocity=0.000100 addon_prepare_query=0.000000 addon_coherent_solve=0.000000 addon_visible_solve=0.000000 room_sphere=0.000000 room_sweep=0.000000 room_single=0.000000
2026-09-19 21:47:35.406 collision profile window_ms=1000 frames=94 calls body_collection=196 body_solve=102 body_position=102 body_refine=102 body_velocity=102 addon_prepare_query=0 addon_coherent_solve=0 addon_visible_solve=0 room_sphere=0 room_sweep=0 room_single=0
2026-09-19 21:47:35.406 collision profile window_ms=1000 frames=94 counts body_contacts=0 body_passes=102 body_jacobians=0 body_predictions=306 addon_contacts=0 addon_passes=0 addon_gradients=0 room_nodes=0 room_triangles=0
2026-09-19 21:47:35.544 performance profile body-update person=Person02 system=penis update_rate_hz=-1 published_hz=90.8 sample_ms=5000
2026-09-19 21:47:36.412 performance profile window_ms=1000 frames=97 avg_ms total=1.346 housekeeping=0.027 bindings=0.237 diagnostics=0.004 colliders=0.223 axes=0.001 penis=0.283 penis_ownership=0.028 penis_gravity=0.006 penis_collision=0.021 penis_setup=0.032 penis_orientation=0.001 penis_translation=0.004 penis_solver=0.025 testicles=0.051 testicle_active=0.050 breasts=0.205 breasts_active=0.200 butt=0.078 butt_active=0.077 addons=0.223 addon_activation=0.100 addon_drive=0.079 addon_guard=0.001 addon_parent_pivot=0.000 addon_parent_translation=0.003 addon_parent_rotation=0.002 addon_gravity=0.002 addon_rotation_binding=0.009 addon_validation=0.060 addon_solver=0.042 addon_output=0.037 addon_cache=0.012 late=0.006 late_testicles=0.003 late_breasts=0.003 late_butt=0.000 traverse=0.000 addon_collision_body=0.000 addon_collision_self=0.000 addon_collision_addons=0.000 max_ms total=22.933 colliders=0.375 addons=2.162 calls late=97 traverse=0 body_collision=0 self_collision=0 addons_collision=0
2026-09-19 21:47:36.413 performance profile engine operation=symbols avg_ms=0.000000 max_call_ms=0.000000 calls_per_frame=0.00 window_ms=1000 frames=97 nested=1
2026-09-19 21:47:36.413 performance profile engine operation=find_object avg_ms=0.357009 max_call_ms=0.058900 calls_per_frame=1382.76 window_ms=1000 frames=97 nested=1
2026-09-19 21:47:36.413 performance profile engine operation=script_find avg_ms=0.000000 max_call_ms=0.000000 calls_per_frame=0.00 window_ms=1000 frames=97 nested=1
2026-09-19 21:47:36.413 performance profile engine operation=axis_lookup avg_ms=0.445714 max_call_ms=1.996200 calls_per_frame=43.36 window_ms=1000 frames=97 nested=1
2026-09-19 21:47:36.413 performance profile engine operation=pivot_query avg_ms=0.022772 max_call_ms=0.050400 calls_per_frame=93.00 window_ms=1000 frames=97 nested=1
2026-09-19 21:47:36.414 collision profile window_ms=1000 frames=97 avg_ms body_collection=0.022276 body_solve=0.002645 body_position=0.000056 body_refine=0.001489 body_velocity=0.000080 addon_prepare_query=0.000000 addon_coherent_solve=0.000000 addon_visible_solve=0.000000 room_sphere=0.000000 room_sweep=0.000000 room_single=0.000000
2026-09-19 21:47:36.414 collision profile window_ms=1000 frames=97 max_call_ms body_collection=0.027700 body_solve=0.002900 body_position=0.000100 body_refine=0.001200 body_velocity=0.000100 addon_prepare_query=0.000000 addon_coherent_solve=0.000000 addon_visible_solve=0.000000 room_sphere=0.000000 room_sweep=0.000000 room_single=0.000000
2026-09-19 21:47:36.414 collision profile window_ms=1000 frames=97 calls body_collection=198 body_solve=198 body_position=198 body_refine=198 body_velocity=198 addon_prepare_query=0 addon_coherent_solve=0 addon_visible_solve=0 room_sphere=0 room_sweep=0 room_single=0
2026-09-19 21:47:36.414 collision profile window_ms=1000 frames=97 counts body_contacts=0 body_passes=198 body_jacobians=0 body_predictions=594 addon_contacts=0 addon_passes=0 addon_gradients=0 room_nodes=0 room_triangles=0
2026-09-19 21:47:37.406 performance profile window_ms=1000 frames=92 avg_ms total=1.492 housekeeping=0.027 bindings=0.252 diagnostics=0.004 colliders=0.238 axes=0.082 penis=0.294 penis_ownership=0.029 penis_gravity=0.006 penis_collision=0.022 penis_setup=0.033 penis_orientation=0.001 penis_translation=0.004 penis_solver=0.027 testicles=0.053 testicle_active=0.053 breasts=0.216 breasts_active=0.210 butt=0.079 butt_active=0.079 addons=0.233 addon_activation=0.106 addon_drive=0.080 addon_guard=0.001 addon_parent_pivot=0.000 addon_parent_translation=0.004 addon_parent_rotation=0.002 addon_gravity=0.002 addon_rotation_binding=0.009 addon_validation=0.060 addon_solver=0.044 addon_output=0.038 addon_cache=0.012 late=0.007 late_testicles=0.003 late_breasts=0.003 late_butt=0.000 traverse=0.000 addon_collision_body=0.000 addon_collision_self=0.000 addon_collision_addons=0.000 max_ms total=23.670 colliders=0.451 addons=2.196 calls late=92 traverse=0 body_collision=0 self_collision=0 addons_collision=0
2026-09-19 21:47:37.408 performance profile engine operation=symbols avg_ms=0.000000 max_call_ms=0.000000 calls_per_frame=0.00 window_ms=1000 frames=92 nested=1
2026-09-19 21:47:37.409 performance profile engine operation=find_object avg_ms=0.437227 max_call_ms=0.053000 calls_per_frame=1751.35 window_ms=1000 frames=92 nested=1
2026-09-19 21:47:37.409 performance profile engine operation=script_find avg_ms=0.000000 max_call_ms=0.000000 calls_per_frame=0.00 window_ms=1000 frames=92 nested=1
2026-09-19 21:47:37.409 performance profile engine operation=axis_lookup avg_ms=0.553111 max_call_ms=2.255600 calls_per_frame=43.61 window_ms=1000 frames=92 nested=1
2026-09-19 21:47:37.409 performance profile engine operation=pivot_query avg_ms=0.024295 max_call_ms=0.010800 calls_per_frame=93.00 window_ms=1000 frames=92 nested=1
2026-09-19 21:47:37.409 collision profile window_ms=1000 frames=92 avg_ms body_collection=0.023503 body_solve=0.002859 body_position=0.000059 body_refine=0.001521 body_velocity=0.000089 addon_prepare_query=0.000000 addon_coherent_solve=0.000000 addon_visible_solve=0.000000 room_sphere=0.000000 room_sweep=0.000000 room_single=0.000000
2026-09-19 21:47:37.409 collision profile window_ms=1000 frames=92 max_call_ms body_collection=0.035000 body_solve=0.005500 body_position=0.000100 body_refine=0.001300 body_velocity=0.000100 addon_prepare_query=0.000000 addon_coherent_solve=0.000000 addon_visible_solve=0.000000 room_sphere=0.000000 room_sweep=0.000000 room_single=0.000000
2026-09-19 21:47:37.410 collision profile window_ms=1000 frames=92 calls body_collection=192 body_solve=192 body_position=192 body_refine=192 body_velocity=192 addon_prepare_query=0 addon_coherent_solve=0 addon_visible_solve=0 room_sphere=0 room_sweep=0 room_single=0
2026-09-19 21:47:37.410 collision profile window_ms=1000 frames=92 counts body_contacts=0 body_passes=192 body_jacobians=0 body_predictions=576 addon_contacts=0 addon_passes=0 addon_gradients=0 room_nodes=0 room_triangles=0
2026-09-19 21:47:38.022 performance profile body-update person=Person02 system=testicles update_rate_hz=-1 published_hz=92.2 sample_ms=5000
2026-09-19 21:47:38.414 performance profile window_ms=1000 frames=84 avg_ms total=1.502 housekeeping=0.030 bindings=0.279 diagnostics=0.004 colliders=0.235 axes=0.001 penis=0.308 penis_ownership=0.028 penis_gravity=0.006 penis_collision=0.023 penis_setup=0.032 penis_orientation=0.001 penis_translation=0.004 penis_solver=0.027 testicles=0.061 testicle_active=0.060 breasts=0.234 breasts_active=0.228 butt=0.080 butt_active=0.080 addons=0.257 addon_activation=0.115 addon_drive=0.092 addon_guard=0.001 addon_parent_pivot=0.000 addon_parent_translation=0.004 addon_parent_rotation=0.002 addon_gravity=0.002 addon_rotation_binding=0.011 addon_validation=0.069 addon_solver=0.049 addon_output=0.042 addon_cache=0.011 late=0.007 late_testicles=0.003 late_breasts=0.003 late_butt=0.000 traverse=0.000 addon_collision_body=0.000 addon_collision_self=0.000 addon_collision_addons=0.000 max_ms total=23.494 colliders=0.461 addons=2.176 calls late=84 traverse=0 body_collision=0 self_collision=0 addons_collision=0
2026-09-19 21:47:38.414 performance profile engine operation=symbols avg_ms=0.000000 max_call_ms=0.000000 calls_per_frame=0.00 window_ms=1000 frames=84 nested=1
2026-09-19 21:47:38.414 performance profile engine operation=find_object avg_ms=0.406087 max_call_ms=0.037700 calls_per_frame=1589.60 window_ms=1000 frames=84 nested=1
2026-09-19 21:47:38.414 performance profile engine operation=script_find avg_ms=0.000000 max_call_ms=0.000000 calls_per_frame=0.00 window_ms=1000 frames=84 nested=1
2026-09-19 21:47:38.414 performance profile engine operation=axis_lookup avg_ms=0.507950 max_call_ms=1.976300 calls_per_frame=43.83 window_ms=1000 frames=84 nested=1
2026-09-19 21:47:38.414 performance profile engine operation=pivot_query avg_ms=0.024617 max_call_ms=0.004900 calls_per_frame=93.00 window_ms=1000 frames=84 nested=1
2026-09-19 21:47:38.416 collision profile window_ms=1000 frames=84 avg_ms body_collection=0.024004 body_solve=0.005160 body_position=0.001701 body_refine=0.001596 body_velocity=0.000740 addon_prepare_query=0.000000 addon_coherent_solve=0.000000 addon_visible_solve=0.000000 room_sphere=0.000000 room_sweep=0.000000 room_single=0.000000
2026-09-19 21:47:38.416 collision profile window_ms=1000 frames=84 max_call_ms body_collection=0.043000 body_solve=0.039900 body_position=0.029700 body_refine=0.001400 body_velocity=0.008800 addon_prepare_query=0.000000 addon_coherent_solve=0.000000 addon_visible_solve=0.000000 room_sphere=0.000000 room_sweep=0.000000 room_single=0.000000
2026-09-19 21:47:38.416 collision profile window_ms=1000 frames=84 calls body_collection=182 body_solve=182 body_position=182 body_refine=182 body_velocity=182 addon_prepare_query=0 addon_coherent_solve=0 addon_visible_solve=0 room_sphere=0 room_sweep=0 room_single=0
2026-09-19 21:47:38.416 collision profile window_ms=1000 frames=84 counts body_contacts=11 body_passes=194 body_jacobians=34 body_predictions=869 addon_contacts=0 addon_passes=0 addon_gradients=0 room_nodes=0 room_triangles=0
2026-09-19 21:47:39.298 performance profile body-update person=Person02 system=breasts update_rate_hz=-1 published_hz=90.8 sample_ms=5000
2026-09-19 21:47:39.298 performance profile body-update person=Person02 system=butt update_rate_hz=-1 published_hz=90.8 sample_ms=5000
2026-09-19 21:47:39.409 performance profile window_ms=1000 frames=84 avg_ms total=1.666 housekeeping=0.112 bindings=0.281 diagnostics=0.005 colliders=0.231 axes=0.093 penis=0.291 penis_ownership=0.025 penis_gravity=0.006 penis_collision=0.023 penis_setup=0.029 penis_orientation=0.001 penis_translation=0.004 penis_solver=0.027 testicles=0.058 testicle_active=0.058 breasts=0.243 breasts_active=0.236 butt=0.085 butt_active=0.085 addons=0.255 addon_activation=0.114 addon_drive=0.092 addon_guard=0.001 addon_parent_pivot=0.000 addon_parent_translation=0.004 addon_parent_rotation=0.002 addon_gravity=0.002 addon_rotation_binding=0.010 addon_validation=0.071 addon_solver=0.047 addon_output=0.041 addon_cache=0.012 late=0.007 late_testicles=0.003 late_breasts=0.003 late_butt=0.001 traverse=0.000 addon_collision_body=0.000 addon_collision_self=0.000 addon_collision_addons=0.000 max_ms total=23.777 colliders=0.491 addons=2.211 calls late=84 traverse=0 body_collision=0 self_collision=0 addons_collision=0
2026-09-19 21:47:39.409 performance profile engine operation=symbols avg_ms=0.000000 max_call_ms=0.000000 calls_per_frame=0.00 window_ms=1000 frames=84 nested=1
2026-09-19 21:47:39.410 performance profile engine operation=find_object avg_ms=0.463102 max_call_ms=0.120300 calls_per_frame=1832.65 window_ms=1000 frames=84 nested=1
2026-09-19 21:47:39.410 performance profile engine operation=script_find avg_ms=0.000000 max_call_ms=0.000000 calls_per_frame=0.00 window_ms=1000 frames=84 nested=1
2026-09-19 21:47:39.410 performance profile engine operation=axis_lookup avg_ms=0.585852 max_call_ms=2.056800 calls_per_frame=43.86 window_ms=1000 frames=84 nested=1
2026-09-19 21:47:39.410 performance profile engine operation=pivot_query avg_ms=0.025070 max_call_ms=0.005900 calls_per_frame=93.00 window_ms=1000 frames=84 nested=1
2026-09-19 21:47:39.410 collision profile window_ms=1000 frames=84 avg_ms body_collection=0.024698 body_solve=0.005142 body_position=0.001615 body_refine=0.001619 body_velocity=0.000727 addon_prepare_query=0.000000 addon_coherent_solve=0.000000 addon_visible_solve=0.000000 room_sphere=0.000000 room_sweep=0.000000 room_single=0.000000
2026-09-19 21:47:39.410 collision profile window_ms=1000 frames=84 max_call_ms body_collection=0.049800 body_solve=0.014900 body_position=0.009900 body_refine=0.001200 body_velocity=0.004200 addon_prepare_query=0.000000 addon_coherent_solve=0.000000 addon_visible_solve=0.000000 room_sphere=0.000000 room_sweep=0.000000 room_single=0.000000
2026-09-19 21:47:39.410 collision profile window_ms=1000 frames=84 calls body_collection=188 body_solve=188 body_position=188 body_refine=188 body_velocity=188 addon_prepare_query=0 addon_coherent_solve=0 addon_visible_solve=0 room_sphere=0 room_sweep=0 room_single=0
2026-09-19 21:47:39.411 collision profile window_ms=1000 frames=84 counts body_contacts=14 body_passes=202 body_jacobians=42 body_predictions=928 addon_contacts=0 addon_passes=0 addon_gradients=0 room_nodes=0 room_triangles=0
2026-09-19 21:47:40.411 performance profile window_ms=1000 frames=73 avg_ms total=1.641 housekeeping=0.031 bindings=0.329 diagnostics=0.003 colliders=0.205 axes=0.104 penis=0.290 penis_ownership=0.009 penis_gravity=0.006 penis_collision=0.020 penis_setup=0.013 penis_orientation=0.001 penis_translation=0.003 penis_solver=0.027 testicles=0.052 testicle_active=0.051 breasts=0.261 breasts_active=0.257 butt=0.074 butt_active=0.073 addons=0.281 addon_activation=0.129 addon_drive=0.098 addon_guard=0.002 addon_parent_pivot=0.000 addon_parent_translation=0.003 addon_parent_rotation=0.002 addon_gravity=0.002 addon_rotation_binding=0.011 addon_validation=0.076 addon_solver=0.051 addon_output=0.047 addon_cache=0.010 late=0.007 late_testicles=0.003 late_breasts=0.003 late_butt=0.000 traverse=0.000 addon_collision_body=0.000 addon_collision_self=0.000 addon_collision_addons=0.000 max_ms total=23.838 colliders=0.426 addons=2.075 calls late=73 traverse=0 body_collision=0 self_collision=0 addons_collision=0
2026-09-19 21:47:40.411 performance profile engine operation=symbols avg_ms=0.000000 max_call_ms=0.000000 calls_per_frame=0.00 window_ms=1000 frames=73 nested=1
2026-09-19 21:47:40.412 performance profile engine operation=find_object avg_ms=0.507907 max_call_ms=0.073400 calls_per_frame=2101.93 window_ms=1000 frames=73 nested=1
2026-09-19 21:47:40.412 performance profile engine operation=script_find avg_ms=0.000000 max_call_ms=0.000000 calls_per_frame=0.00 window_ms=1000 frames=73 nested=1
2026-09-19 21:47:40.412 performance profile engine operation=axis_lookup avg_ms=0.645318 max_call_ms=2.039500 calls_per_frame=44.49 window_ms=1000 frames=73 nested=1
2026-09-19 21:47:40.412 performance profile engine operation=pivot_query avg_ms=0.025141 max_call_ms=0.007600 calls_per_frame=93.00 window_ms=1000 frames=73 nested=1
2026-09-19 21:47:40.412 collision profile window_ms=1000 frames=73 avg_ms body_collection=0.021240 body_solve=0.002851 body_position=0.000062 body_refine=0.001633 body_velocity=0.000082 addon_prepare_query=0.000000 addon_coherent_solve=0.000000 addon_visible_solve=0.000000 room_sphere=0.000000 room_sweep=0.000000 room_single=0.000000
2026-09-19 21:47:40.413 collision profile window_ms=1000 frames=73 max_call_ms body_collection=0.029600 body_solve=0.002300 body_position=0.000100 body_refine=0.001200 body_velocity=0.000100 addon_prepare_query=0.000000 addon_coherent_solve=0.000000 addon_visible_solve=0.000000 room_sphere=0.000000 room_sweep=0.000000 room_single=0.000000
2026-09-19 21:47:40.413 collision profile window_ms=1000 frames=73 calls body_collection=166 body_solve=166 body_position=166 body_refine=166 body_velocity=166 addon_prepare_query=0 addon_coherent_solve=0 addon_visible_solve=0 room_sphere=0 room_sweep=0 room_single=0
2026-09-19 21:47:40.413 collision profile window_ms=1000 frames=73 counts body_contacts=0 body_passes=166 body_jacobians=0 body_predictions=498 addon_contacts=0 addon_passes=0 addon_gradients=0 room_nodes=0 room_triangles=0
2026-09-19 21:47:40.547 performance profile body-update person=Person02 system=penis update_rate_hz=-1 published_hz=85.6 sample_ms=5000
2026-09-19 21:47:40.679 PoseEdit file handoff dispatch exec="File_New_DoubleClicked" poseedit=327c08a0 editpose=69240360
2026-09-19 21:47:40.680 PoseEdit file handoff fade-wait exec="File_New_DoubleClicked" note="retain outgoing physics until the native fade readiness gate"
2026-09-19 21:47:40.681 PoseEdit file handoff end exec="File_New_DoubleClicked" result=0x00000000 editpose=69240360 pending_reset=1 note="physics waits for the native pending-reset flag to clear before binding the resulting pose"
2026-09-19 21:47:40.834 PoseEdit file handoff paired-output-restored system=breasts person=2 translation=(-0.074558,0.000153,0.000422;0.074550,-0.000019,-0.000459) note="removed simulation offsets before releasing the old pose"
2026-09-19 21:47:40.834 PoseEdit file handoff paired-output-restored system=butt person=2 translation=(-0.047842,-0.038221,0.077886;-0.047842,-0.038221,-0.078000) note="removed simulation offsets before releasing the old pose"
2026-09-19 21:47:40.835 PoseEdit file handoff begin exec="native-fade-ready" editpose=69240360 note="returned current tracks to TK17 before native pose replacement; discarded old snapshots"
2026-09-19 21:47:40.858 PoseEdit file handoff begin exec="native-reset" editpose=69240360 note="returned current tracks to TK17 before native pose replacement; discarded old snapshots"
2026-09-19 21:47:40.858 PoseEdit file handoff rotation-trace phase=native-reset-before person=1 joint=1 track=692430d4 target=347db4a0 member=0x02fff04a keys=73254170 count=0 keys_read=0 first_frame=0 first=(0.000000,0.000000,0.000000) last_frame=0 last=(0.000000,0.000000,0.000000) output_raw=41bb8ac0 output_offset=0x6c output_read=1 output=(0.000000,0.000000,0.000000)
2026-09-19 21:47:40.858 PoseEdit file handoff rotation-trace phase=native-reset-before person=1 joint=2 track=69243944 target=4908d080 member=0x01fff04e keys=73254170 count=0 keys_read=0 first_frame=0 first=(0.000000,0.000000,0.000000) last_frame=0 last=(0.000000,0.000000,0.000000) output_raw=41bb7440 output_offset=0x6c output_read=1 output=(0.000000,0.000000,0.000000)
2026-09-19 21:47:40.858 PoseEdit file handoff rotation-trace phase=native-reset-before person=1 joint=3 track=69243994 target=4908cf40 member=0x01fff04e keys=73254170 count=0 keys_read=0 first_frame=0 first=(0.000000,0.000000,0.000000) last_frame=0 last=(0.000000,0.000000,0.000000) output_raw=41bb7b40 output_offset=0x6c output_read=1 output=(0.000000,0.000000,0.000000)
2026-09-19 21:47:40.858 PoseEdit file handoff rotation-trace phase=native-reset-before person=2 joint=1 track=69255054 target=4a42d480 member=0x02fff04a keys=673ddbe0 count=1 keys_read=1 first_frame=0 first=(0.000000,0.000039,-0.144700) last_frame=0 last=(0.000000,0.000039,-0.144700) output_raw=4a3bc200 output_offset=0x6c output_read=1 output=(0.000000,0.000000,-47.500000)
2026-09-19 21:47:40.859 PoseEdit file handoff rotation-trace phase=native-reset-before person=2 joint=2 track=692558c4 target=4b976360 member=0x01fff04e keys=673dd760 count=1 keys_read=1 first_frame=0 first=(0.000000,0.000000,0.000000) last_frame=0 last=(0.000000,0.000000,0.000000) output_raw=4a3bdcc0 output_offset=0x6c output_read=1 output=(0.000000,0.000000,-17.160000)
2026-09-19 21:47:40.859 PoseEdit file handoff rotation-trace phase=native-reset-before person=2 joint=3 track=69255914 target=4b976640 member=0x01fff04e keys=673dd8e0 count=1 keys_read=1 first_frame=0 first=(0.000000,0.000000,0.000000) last_frame=0 last=(0.000000,0.000000,0.000000) output_raw=4a3beac0 output_offset=0x6c output_read=1 output=(0.000000,0.000000,-6.988000)
2026-09-19 21:47:40.859 PoseEdit file handoff rotation-trace phase=native-reset-before person=3 joint=1 track=69266fd4 target=4f3330a0 member=0x02fff04a keys=73254170 count=0 keys_read=0 first_frame=0 first=(0.000000,0.000000,0.000000) last_frame=0 last=(0.000000,0.000000,0.000000) output_raw=4a3bd180 output_offset=0x6c output_read=1 output=(0.000000,0.000000,0.000000)
2026-09-19 21:47:40.859 PoseEdit file handoff rotation-trace phase=native-reset-before person=3 joint=2 track=69267844 target=52e5ad60 member=0x01fff04e keys=73254170 count=0 keys_read=0 first_frame=0 first=(0.000000,0.000000,0.000000) last_frame=0 last=(0.000000,0.000000,0.000000) output_raw=5023d900 output_offset=0x6c output_read=1 output=(0.000000,0.000000,0.000000)
2026-09-19 21:47:40.859 PoseEdit file handoff rotation-trace phase=native-reset-before person=3 joint=3 track=69267894 target=52e5c9c0 member=0x01fff04e keys=73254170 count=0 keys_read=0 first_frame=0 first=(0.000000,0.000000,0.000000) last_frame=0 last=(0.000000,0.000000,0.000000) output_raw=5023eb40 output_offset=0x6c output_read=1 output=(0.000000,0.000000,0.000000)
2026-09-19 21:47:40.896 PoseEdit file handoff rotation-trace phase=native-reset-after person=1 joint=1 track=692430d4 target=347db4a0 member=0x02fff04a keys=73254170 count=0 keys_read=0 first_frame=0 first=(0.000000,0.000000,0.000000) last_frame=0 last=(0.000000,0.000000,0.000000) output_raw=41bb8ac0 output_offset=0x6c output_read=1 output=(0.000000,0.000000,0.000000)
2026-09-19 21:47:40.896 PoseEdit file handoff rotation-trace phase=native-reset-after person=1 joint=2 track=69243944 target=4908d080 member=0x01fff04e keys=73254170 count=0 keys_read=0 first_frame=0 first=(0.000000,0.000000,0.000000) last_frame=0 last=(0.000000,0.000000,0.000000) output_raw=41bb7440 output_offset=0x6c output_read=1 output=(0.000000,0.000000,0.000000)
2026-09-19 21:47:40.897 PoseEdit file handoff rotation-trace phase=native-reset-after person=1 joint=3 track=69243994 target=4908cf40 member=0x01fff04e keys=73254170 count=0 keys_read=0 first_frame=0 first=(0.000000,0.000000,0.000000) last_frame=0 last=(0.000000,0.000000,0.000000) output_raw=41bb7b40 output_offset=0x6c output_read=1 output=(0.000000,0.000000,0.000000)
2026-09-19 21:47:40.897 PoseEdit file handoff rotation-trace phase=native-reset-after person=2 joint=1 track=69255054 target=4a42d480 member=0x02fff04a keys=67f425e0 count=1 keys_read=1 first_frame=0 first=(0.000000,0.000000,-47.500000) last_frame=0 last=(0.000000,0.000000,-47.500000) output_raw=4a3bc200 output_offset=0x6c output_read=1 output=(0.000000,0.000000,-47.500000)
2026-09-19 21:47:40.897 PoseEdit file handoff rotation-trace phase=native-reset-after person=2 joint=2 track=692558c4 target=4b976360 member=0x01fff04e keys=67f41c20 count=1 keys_read=1 first_frame=0 first=(0.000000,0.000000,0.000000) last_frame=0 last=(0.000000,0.000000,0.000000) output_raw=4a3bdcc0 output_offset=0x6c output_read=1 output=(0.000000,0.000000,-17.160000)
2026-09-19 21:47:40.897 PoseEdit file handoff rotation-trace phase=native-reset-after person=2 joint=3 track=69255914 target=4b976640 member=0x01fff04e keys=67f42ea0 count=1 keys_read=1 first_frame=0 first=(0.000000,0.000000,0.000000) last_frame=0 last=(0.000000,0.000000,0.000000) output_raw=4a3beac0 output_offset=0x6c output_read=1 output=(0.000000,0.000000,-6.988000)
2026-09-19 21:47:40.897 PoseEdit file handoff rotation-trace phase=native-reset-after person=3 joint=1 track=69266fd4 target=4f3330a0 member=0x02fff04a keys=73254170 count=0 keys_read=0 first_frame=0 first=(0.000000,0.000000,0.000000) last_frame=0 last=(0.000000,0.000000,0.000000) output_raw=4a3bd180 output_offset=0x6c output_read=1 output=(0.000000,0.000000,0.000000)
2026-09-19 21:47:40.897 PoseEdit file handoff rotation-trace phase=native-reset-after person=3 joint=2 track=69267844 target=52e5ad60 member=0x01fff04e keys=73254170 count=0 keys_read=0 first_frame=0 first=(0.000000,0.000000,0.000000) last_frame=0 last=(0.000000,0.000000,0.000000) output_raw=5023d900 output_offset=0x6c output_read=1 output=(0.000000,0.000000,0.000000)
2026-09-19 21:47:40.897 PoseEdit file handoff rotation-trace phase=native-reset-after person=3 joint=3 track=69267894 target=52e5c9c0 member=0x01fff04e keys=73254170 count=0 keys_read=0 first_frame=0 first=(0.000000,0.000000,0.000000) last_frame=0 last=(0.000000,0.000000,0.000000) output_raw=5023eb40 output_offset=0x6c output_read=1 output=(0.000000,0.000000,0.000000)
2026-09-19 21:47:40.901 PoseEdit file handoff end exec="native-reset" result=0x00000000 editpose=69240360 pending_reset=1 note="physics waits for the native pending-reset flag to clear before binding the resulting pose"
2026-09-19 21:47:40.910 PoseEdit file handoff smooth-restart person=2 note="seeded from the incoming pose after native reset; no previous pose motion retained"
2026-09-19 21:47:41.412 performance profile window_ms=1000 frames=54 avg_ms total=1.930 housekeeping=0.034 bindings=0.426 diagnostics=0.003 colliders=0.211 axes=0.001 penis=0.482 penis_ownership=0.116 penis_gravity=0.006 penis_collision=0.009 penis_setup=0.109 penis_orientation=0.001 penis_translation=0.003 penis_solver=0.027 testicles=0.050 testicle_active=0.049 breasts=0.313 breasts_active=0.308 butt=0.076 butt_active=0.076 addons=0.324 addon_activation=0.143 addon_drive=0.128 addon_guard=0.001 addon_parent_pivot=0.000 addon_parent_translation=0.004 addon_parent_rotation=0.002 addon_gravity=0.002 addon_rotation_binding=0.011 addon_validation=0.104 addon_solver=0.051 addon_output=0.046 addon_cache=0.009 late=0.017 late_testicles=0.012 late_breasts=0.004 late_butt=0.001 traverse=0.000 addon_collision_body=0.000 addon_collision_self=0.000 addon_collision_addons=0.000 max_ms total=23.046 colliders=0.368 addons=2.128 calls late=68 traverse=0 body_collision=0 self_collision=0 addons_collision=0
2026-09-19 21:47:41.412 performance profile engine operation=symbols avg_ms=0.000000 max_call_ms=0.000000 calls_per_frame=0.00 window_ms=1000 frames=54 nested=1
2026-09-19 21:47:41.412 performance profile engine operation=find_object avg_ms=0.610235 max_call_ms=0.106000 calls_per_frame=2451.76 window_ms=1000 frames=54 nested=1
2026-09-19 21:47:41.413 performance profile engine operation=script_find avg_ms=0.000000 max_call_ms=0.000000 calls_per_frame=0.00 window_ms=1000 frames=54 nested=1
2026-09-19 21:47:41.413 performance profile engine operation=axis_lookup avg_ms=0.776802 max_call_ms=2.528600 calls_per_frame=48.02 window_ms=1000 frames=54 nested=1
2026-09-19 21:47:41.413 performance profile engine operation=pivot_query avg_ms=0.026176 max_call_ms=0.006600 calls_per_frame=92.52 window_ms=1000 frames=54 nested=1
2026-09-19 21:47:41.413 collision profile window_ms=1000 frames=54 avg_ms body_collection=0.009387 body_solve=0.001033 body_position=0.000024 body_refine=0.000611 body_velocity=0.000031 addon_prepare_query=0.000000 addon_coherent_solve=0.000000 addon_visible_solve=0.000000 room_sphere=0.000000 room_sweep=0.000000 room_single=0.000000
2026-09-19 21:47:41.413 collision profile window_ms=1000 frames=54 max_call_ms body_collection=0.037000 body_solve=0.001900 body_position=0.000100 body_refine=0.001000 body_velocity=0.000100 addon_prepare_query=0.000000 addon_coherent_solve=0.000000 addon_visible_solve=0.000000 room_sphere=0.000000 room_sweep=0.000000 room_single=0.000000
2026-09-19 21:47:41.414 collision profile window_ms=1000 frames=54 calls body_collection=125 body_solve=46 body_position=46 body_refine=46 body_velocity=46 addon_prepare_query=0 addon_coherent_solve=0 addon_visible_solve=0 room_sphere=0 room_sweep=0 room_single=0
2026-09-19 21:47:41.414 collision profile window_ms=1000 frames=54 counts body_contacts=0 body_passes=46 body_jacobians=0 body_predictions=138 addon_contacts=0 addon_passes=0 addon_gradients=0 room_nodes=0 room_triangles=0
2026-09-19 21:47:42.407 performance profile window_ms=1000 frames=65 avg_ms total=1.973 housekeeping=0.144 bindings=0.398 diagnostics=0.003 colliders=0.213 axes=0.122 penis=0.381 penis_ownership=0.042 penis_gravity=0.006 penis_collision=0.019 penis_setup=0.043 penis_orientation=0.001 penis_translation=0.003 penis_solver=0.029 testicles=0.053 testicle_active=0.052 breasts=0.286 breasts_active=0.281 butt=0.072 butt_active=0.072 addons=0.291 addon_activation=0.107 addon_drive=0.124 addon_guard=0.002 addon_parent_pivot=0.000 addon_parent_translation=0.005 addon_parent_rotation=0.002 addon_gravity=0.002 addon_rotation_binding=0.012 addon_validation=0.099 addon_solver=0.056 addon_output=0.052 addon_cache=0.009 late=0.007 late_testicles=0.003 late_breasts=0.003 late_butt=0.000 traverse=0.000 addon_collision_body=0.000 addon_collision_self=0.000 addon_collision_addons=0.000 max_ms total=26.173 colliders=0.358 addons=1.660 calls late=65 traverse=0 body_collision=0 self_collision=0 addons_collision=0
2026-09-19 21:47:42.408 performance profile engine operation=symbols avg_ms=0.000000 max_call_ms=0.000000 calls_per_frame=0.00 window_ms=1000 frames=65 nested=1
2026-09-19 21:47:42.408 performance profile engine operation=find_object avg_ms=0.593966 max_call_ms=0.091200 calls_per_frame=2460.06 window_ms=1000 frames=65 nested=1
2026-09-19 21:47:42.408 performance profile engine operation=script_find avg_ms=0.000000 max_call_ms=0.000000 calls_per_frame=0.00 window_ms=1000 frames=65 nested=1
2026-09-19 21:47:42.408 performance profile engine operation=axis_lookup avg_ms=0.760814 max_call_ms=2.100700 calls_per_frame=44.74 window_ms=1000 frames=65 nested=1
2026-09-19 21:47:42.408 performance profile engine operation=pivot_query avg_ms=0.026258 max_call_ms=0.004300 calls_per_frame=93.00 window_ms=1000 frames=65 nested=1
2026-09-19 21:47:42.409 collision profile window_ms=1000 frames=65 avg_ms body_collection=0.020342 body_solve=0.002738 body_position=0.000062 body_refine=0.001614 body_velocity=0.000091 addon_prepare_query=0.000000 addon_coherent_solve=0.000000 addon_visible_solve=0.000000 room_sphere=0.000000 room_sweep=0.000000 room_single=0.000000
2026-09-19 21:47:42.409 collision profile window_ms=1000 frames=65 max_call_ms body_collection=0.033600 body_solve=0.002400 body_position=0.000100 body_refine=0.001300 body_velocity=0.000100 addon_prepare_query=0.000000 addon_coherent_solve=0.000000 addon_visible_solve=0.000000 room_sphere=0.000000 room_sweep=0.000000 room_single=0.000000
2026-09-19 21:47:42.409 collision profile window_ms=1000 frames=65 calls body_collection=168 body_solve=144 body_position=144 body_refine=144 body_velocity=144 addon_prepare_query=0 addon_coherent_solve=0 addon_visible_solve=0 room_sphere=0 room_sweep=0 room_single=0
2026-09-19 21:47:42.409 collision profile window_ms=1000 frames=65 counts body_contacts=0 body_passes=144 body_jacobians=0 body_predictions=432 addon_contacts=0 addon_passes=0 addon_gradients=0 room_nodes=0 room_triangles=0
2026-09-19 21:47:42.573 PoseEdit file handoff fade-wait exec="native-queue" note="retain outgoing physics until the native fade readiness gate"
2026-09-19 21:47:42.574 PoseEdit file handoff end exec="native-queue" result=0x00000000 editpose=69240360 pending_reset=1 note="physics waits for the native pending-reset flag to clear before binding the resulting pose"
2026-09-19 21:47:42.724 PoseEdit file handoff paired-output-restored system=breasts person=2 translation=(-0.074558,0.000153,0.000422;0.074550,-0.000019,-0.000459) note="removed simulation offsets before releasing the old pose"
2026-09-19 21:47:42.724 PoseEdit file handoff paired-output-restored system=butt person=2 translation=(-0.047842,-0.038221,0.077886;-0.047842,-0.038221,-0.078000) note="removed simulation offsets before releasing the old pose"
2026-09-19 21:47:42.725 PoseEdit file handoff begin exec="native-fade-ready" editpose=69240360 note="returned current tracks to TK17 before native pose replacement; discarded old snapshots"
2026-09-19 21:47:42.747 PoseEdit file handoff begin exec="native-reset" editpose=69240360 note="returned current tracks to TK17 before native pose replacement; discarded old snapshots"
2026-09-19 21:47:42.747 PoseEdit file handoff rotation-trace phase=native-reset-before person=1 joint=1 track=692430d4 target=347db4a0 member=0x02fff04a keys=73254170 count=0 keys_read=0 first_frame=0 first=(0.000000,0.000000,0.000000) last_frame=0 last=(0.000000,0.000000,0.000000) output_raw=41bb8ac0 output_offset=0x6c output_read=1 output=(0.000000,0.000000,0.000000)
2026-09-19 21:47:42.748 PoseEdit file handoff rotation-trace phase=native-reset-before person=1 joint=2 track=69243944 target=4908d080 member=0x01fff04e keys=73254170 count=0 keys_read=0 first_frame=0 first=(0.000000,0.000000,0.000000) last_frame=0 last=(0.000000,0.000000,0.000000) output_raw=41bb7440 output_offset=0x6c output_read=1 output=(0.000000,0.000000,0.000000)
2026-09-19 21:47:42.748 PoseEdit file handoff rotation-trace phase=native-reset-before person=1 joint=3 track=69243994 target=4908cf40 member=0x01fff04e keys=73254170 count=0 keys_read=0 first_frame=0 first=(0.000000,0.000000,0.000000) last_frame=0 last=(0.000000,0.000000,0.000000) output_raw=41bb7b40 output_offset=0x6c output_read=1 output=(0.000000,0.000000,0.000000)
2026-09-19 21:47:42.748 PoseEdit file handoff rotation-trace phase=native-reset-before person=2 joint=1 track=69255054 target=4a42d480 member=0x02fff04a keys=67f425e0 count=1 keys_read=1 first_frame=0 first=(0.000000,0.000000,-47.500000) last_frame=0 last=(0.000000,0.000000,-47.500000) output_raw=4a3bc200 output_offset=0x6c output_read=1 output=(0.000000,0.000000,-47.500000)
2026-09-19 21:47:42.748 PoseEdit file handoff rotation-trace phase=native-reset-before person=2 joint=2 track=692558c4 target=4b976360 member=0x01fff04e keys=67f41c20 count=1 keys_read=1 first_frame=0 first=(0.000000,0.000000,0.000000) last_frame=0 last=(0.000000,0.000000,0.000000) output_raw=4a3bdcc0 output_offset=0x6c output_read=1 output=(0.000000,0.000000,-17.160000)
2026-09-19 21:47:42.749 PoseEdit file handoff rotation-trace phase=native-reset-before person=2 joint=3 track=69255914 target=4b976640 member=0x01fff04e keys=67f42ea0 count=1 keys_read=1 first_frame=0 first=(0.000000,0.000000,0.000000) last_frame=0 last=(0.000000,0.000000,0.000000) output_raw=4a3beac0 output_offset=0x6c output_read=1 output=(0.000000,0.000000,-6.988000)
2026-09-19 21:47:42.749 PoseEdit file handoff rotation-trace phase=native-reset-before person=3 joint=1 track=69266fd4 target=4f3330a0 member=0x02fff04a keys=73254170 count=0 keys_read=0 first_frame=0 first=(0.000000,0.000000,0.000000) last_frame=0 last=(0.000000,0.000000,0.000000) output_raw=4a3bd180 output_offset=0x6c output_read=1 output=(0.000000,0.000000,0.000000)
2026-09-19 21:47:42.749 PoseEdit file handoff rotation-trace phase=native-reset-before person=3 joint=2 track=69267844 target=52e5ad60 member=0x01fff04e keys=73254170 count=0 keys_read=0 first_frame=0 first=(0.000000,0.000000,0.000000) last_frame=0 last=(0.000000,0.000000,0.000000) output_raw=5023d900 output_offset=0x6c output_read=1 output=(0.000000,0.000000,0.000000)
2026-09-19 21:47:42.750 PoseEdit file handoff rotation-trace phase=native-reset-before person=3 joint=3 track=69267894 target=52e5c9c0 member=0x01fff04e keys=73254170 count=0 keys_read=0 first_frame=0 first=(0.000000,0.000000,0.000000) last_frame=0 last=(0.000000,0.000000,0.000000) output_raw=5023eb40 output_offset=0x6c output_read=1 output=(0.000000,0.000000,0.000000)
2026-09-19 21:47:42.786 PoseEdit file handoff rotation-trace phase=native-reset-after person=1 joint=1 track=692430d4 target=347db4a0 member=0x02fff04a keys=73254170 count=0 keys_read=0 first_frame=0 first=(0.000000,0.000000,0.000000) last_frame=0 last=(0.000000,0.000000,0.000000) output_raw=41bb8ac0 output_offset=0x6c output_read=1 output=(0.000000,0.000000,0.000000)
2026-09-19 21:47:42.786 PoseEdit file handoff rotation-trace phase=native-reset-after person=1 joint=2 track=69243944 target=4908d080 member=0x01fff04e keys=73254170 count=0 keys_read=0 first_frame=0 first=(0.000000,0.000000,0.000000) last_frame=0 last=(0.000000,0.000000,0.000000) output_raw=41bb7440 output_offset=0x6c output_read=1 output=(0.000000,0.000000,0.000000)
2026-09-19 21:47:42.786 PoseEdit file handoff rotation-trace phase=native-reset-after person=1 joint=3 track=69243994 target=4908cf40 member=0x01fff04e keys=73254170 count=0 keys_read=0 first_frame=0 first=(0.000000,0.000000,0.000000) last_frame=0 last=(0.000000,0.000000,0.000000) output_raw=41bb7b40 output_offset=0x6c output_read=1 output=(0.000000,0.000000,0.000000)
2026-09-19 21:47:42.786 PoseEdit file handoff rotation-trace phase=native-reset-after person=2 joint=1 track=69255054 target=4a42d480 member=0x02fff04a keys=688fb800 count=1 keys_read=1 first_frame=0 first=(0.000000,0.000000,-47.500000) last_frame=0 last=(0.000000,0.000000,-47.500000) output_raw=4a3bc200 output_offset=0x6c output_read=1 output=(0.000000,0.000000,-47.500000)
2026-09-19 21:47:42.786 PoseEdit file handoff rotation-trace phase=native-reset-after person=2 joint=2 track=692558c4 target=4b976360 member=0x01fff04e keys=688fd9e0 count=1 keys_read=1 first_frame=0 first=(0.000000,0.000000,0.000000) last_frame=0 last=(0.000000,0.000000,0.000000) output_raw=4a3bdcc0 output_offset=0x6c output_read=1 output=(0.000000,0.000000,-17.160000)
2026-09-19 21:47:42.786 PoseEdit file handoff rotation-trace phase=native-reset-after person=2 joint=3 track=69255914 target=4b976640 member=0x01fff04e keys=688fc980 count=1 keys_read=1 first_frame=0 first=(0.000000,0.000000,0.000000) last_frame=0 last=(0.000000,0.000000,0.000000) output_raw=4a3beac0 output_offset=0x6c output_read=1 output=(0.000000,0.000000,-6.988000)
2026-09-19 21:47:42.786 PoseEdit file handoff rotation-trace phase=native-reset-after person=3 joint=1 track=69266fd4 target=4f3330a0 member=0x02fff04a keys=73254170 count=0 keys_read=0 first_frame=0 first=(0.000000,0.000000,0.000000) last_frame=0 last=(0.000000,0.000000,0.000000) output_raw=4a3bd180 output_offset=0x6c output_read=1 output=(0.000000,0.000000,0.000000)
2026-09-19 21:47:42.786 PoseEdit file handoff rotation-trace phase=native-reset-after person=3 joint=2 track=69267844 target=52e5ad60 member=0x01fff04e keys=73254170 count=0 keys_read=0 first_frame=0 first=(0.000000,0.000000,0.000000) last_frame=0 last=(0.000000,0.000000,0.000000) output_raw=5023d900 output_offset=0x6c output_read=1 output=(0.000000,0.000000,0.000000)
2026-09-19 21:47:42.788 PoseEdit file handoff rotation-trace phase=native-reset-after person=3 joint=3 track=69267894 target=52e5c9c0 member=0x01fff04e keys=73254170 count=0 keys_read=0 first_frame=0 first=(0.000000,0.000000,0.000000) last_frame=0 last=(0.000000,0.000000,0.000000) output_raw=5023eb40 output_offset=0x6c output_read=1 output=(0.000000,0.000000,0.000000)
2026-09-19 21:47:42.789 PoseEdit file handoff end exec="native-reset" result=0x00000000 editpose=69240360 pending_reset=1 note="physics waits for the native pending-reset flag to clear before binding the resulting pose"
2026-09-19 21:47:42.802 PoseEdit file handoff smooth-restart person=2 note="seeded from the incoming pose after native reset; no previous pose motion retained"
2026-09-19 21:47:43.034 performance profile body-update person=Person02 system=testicles update_rate_hz=-1 published_hz=65.2 sample_ms=5000
2026-09-19 21:47:43.411 performance profile window_ms=1000 frames=51 avg_ms total=2.056 housekeeping=0.041 bindings=0.508 diagnostics=0.003 colliders=0.206 axes=0.001 penis=0.524 penis_ownership=0.156 penis_gravity=0.006 penis_collision=0.005 penis_setup=0.145 penis_orientation=0.001 penis_translation=0.003 penis_solver=0.028 testicles=0.057 testicle_active=0.056 breasts=0.326 breasts_active=0.321 butt=0.074 butt_active=0.074 addons=0.305 addon_activation=0.109 addon_drive=0.136 addon_guard=0.002 addon_parent_pivot=0.000 addon_parent_translation=0.004 addon_parent_rotation=0.002 addon_gravity=0.002 addon_rotation_binding=0.012 addon_validation=0.112 addon_solver=0.057 addon_output=0.052 addon_cache=0.009 late=0.020 late_testicles=0.014 late_breasts=0.005 late_butt=0.001 traverse=0.000 addon_collision_body=0.000 addon_collision_self=0.000 addon_collision_addons=0.000 max_ms total=25.620 colliders=0.436 addons=1.283 calls late=64 traverse=0 body_collision=0 self_collision=0 addons_collision=0
2026-09-19 21:47:43.411 performance profile engine operation=symbols avg_ms=0.000000 max_call_ms=0.000000 calls_per_frame=0.00 window_ms=1000 frames=51 nested=1
2026-09-19 21:47:43.411 performance profile engine operation=find_object avg_ms=0.629824 max_call_ms=0.036100 calls_per_frame=2593.88 window_ms=1000 frames=51 nested=1
2026-09-19 21:47:43.412 performance profile engine operation=script_find avg_ms=0.000000 max_call_ms=0.000000 calls_per_frame=0.00 window_ms=1000 frames=51 nested=1
2026-09-19 21:47:43.412 performance profile engine operation=axis_lookup avg_ms=0.797394 max_call_ms=1.993900 calls_per_frame=48.51 window_ms=1000 frames=51 nested=1
2026-09-19 21:47:43.412 performance profile engine operation=pivot_query avg_ms=0.024073 max_call_ms=0.005100 calls_per_frame=92.49 window_ms=1000 frames=51 nested=1
2026-09-19 21:47:43.412 collision profile window_ms=1000 frames=51 avg_ms body_collection=0.005241 body_solve=0.000586 body_position=0.000012 body_refine=0.000343 body_velocity=0.000016 addon_prepare_query=0.000000 addon_coherent_solve=0.000000 addon_visible_solve=0.000000 room_sphere=0.000000 room_sweep=0.000000 room_single=0.000000
2026-09-19 21:47:43.412 collision profile window_ms=1000 frames=51 max_call_ms body_collection=0.017800 body_solve=0.001900 body_position=0.000100 body_refine=0.001100 body_velocity=0.000100 addon_prepare_query=0.000000 addon_coherent_solve=0.000000 addon_visible_solve=0.000000 room_sphere=0.000000 room_sweep=0.000000 room_single=0.000000
2026-09-19 21:47:43.412 collision profile window_ms=1000 frames=51 calls body_collection=125 body_solve=24 body_position=24 body_refine=24 body_velocity=24 addon_prepare_query=0 addon_coherent_solve=0 addon_visible_solve=0 room_sphere=0 room_sweep=0 room_single=0
2026-09-19 21:47:43.413 collision profile window_ms=1000 frames=51 counts body_contacts=0 body_passes=24 body_jacobians=0 body_predictions=72 addon_contacts=0 addon_passes=0 addon_gradients=0 room_nodes=0 room_triangles=0
2026-09-19 21:47:44.291 performance profile body-update person=Person02 system=breasts update_rate_hz=-1 published_hz=60.6 sample_ms=5000
2026-09-19 21:47:44.291 performance profile body-update person=Person02 system=butt update_rate_hz=-1 published_hz=60.6 sample_ms=5000
2026-09-19 21:47:44.410 performance profile window_ms=1000 frames=70 avg_ms total=1.739 housekeeping=0.029 bindings=0.357 diagnostics=0.003 colliders=0.211 axes=0.111 penis=0.343 penis_ownership=0.025 penis_gravity=0.006 penis_collision=0.022 penis_setup=0.028 penis_orientation=0.001 penis_translation=0.003 penis_solver=0.028 testicles=0.051 testicle_active=0.050 breasts=0.274 breasts_active=0.269 butt=0.075 butt_active=0.074 addons=0.275 addon_activation=0.110 addon_drive=0.105 addon_guard=0.002 addon_parent_pivot=0.001 addon_parent_translation=0.004 addon_parent_rotation=0.002 addon_gravity=0.002 addon_rotation_binding=0.012 addon_validation=0.079 addon_solver=0.057 addon_output=0.053 addon_cache=0.010 late=0.007 late_testicles=0.003 late_breasts=0.003 late_butt=0.000 traverse=0.000 addon_collision_body=0.000 addon_collision_self=0.000 addon_collision_addons=0.000 max_ms total=24.597 colliders=0.457 addons=0.915 calls late=70 traverse=0 body_collision=0 self_collision=0 addons_collision=0
2026-09-19 21:47:44.410 performance profile engine operation=symbols avg_ms=0.000000 max_call_ms=0.000000 calls_per_frame=0.00 window_ms=1000 frames=70 nested=1
2026-09-19 21:47:44.410 performance profile engine operation=find_object avg_ms=0.550323 max_call_ms=0.027400 calls_per_frame=2287.51 window_ms=1000 frames=70 nested=1
2026-09-19 21:47:44.411 performance profile engine operation=script_find avg_ms=0.000000 max_call_ms=0.000000 calls_per_frame=0.00 window_ms=1000 frames=70 nested=1
2026-09-19 21:47:44.411 performance profile engine operation=axis_lookup avg_ms=0.699399 max_call_ms=2.017800 calls_per_frame=44.63 window_ms=1000 frames=70 nested=1
2026-09-19 21:47:44.411 performance profile engine operation=pivot_query avg_ms=0.025943 max_call_ms=0.007200 calls_per_frame=93.00 window_ms=1000 frames=70 nested=1
2026-09-19 21:47:44.411 collision profile window_ms=1000 frames=70 avg_ms body_collection=0.023150 body_solve=0.002943 body_position=0.000069 body_refine=0.001721 body_velocity=0.000093 addon_prepare_query=0.000000 addon_coherent_solve=0.000000 addon_visible_solve=0.000000 room_sphere=0.000000 room_sweep=0.000000 room_single=0.000000
2026-09-19 21:47:44.411 collision profile window_ms=1000 frames=70 max_call_ms body_collection=0.034900 body_solve=0.002500 body_position=0.000100 body_refine=0.001200 body_velocity=0.000100 addon_prepare_query=0.000000 addon_coherent_solve=0.000000 addon_visible_solve=0.000000 room_sphere=0.000000 room_sweep=0.000000 room_single=0.000000
2026-09-19 21:47:44.411 collision profile window_ms=1000 frames=70 calls body_collection=172 body_solve=168 body_position=168 body_refine=168 body_velocity=168 addon_prepare_query=0 addon_coherent_solve=0 addon_visible_solve=0 room_sphere=0 room_sweep=0 room_single=0
2026-09-19 21:47:44.412 collision profile window_ms=1000 frames=70 counts body_contacts=0 body_passes=168 body_jacobians=0 body_predictions=504 addon_contacts=0 addon_passes=0 addon_gradients=0 room_nodes=0 room_triangles=0
2026-09-19 21:47:45.071 single-bone contact system=breasts person=2 contacts=3 residual_local=0.000000 valid_mask=3 elapsed_ms=12 incoming_strength=1.000 translation=(-0.00050,0.00043,0.00036;-0.00035,0.00147,-0.00137) correction=(0.00000,0.00000,0.00000;-0.00081,0.00123,-0.00082) observed_world=(-0.70270,1.18920,1.81978;-0.81116,1.25727,1.74849) solved_world=(-0.70270,1.18920,1.81978;-0.80948,1.25684,1.74850)
2026-09-19 21:47:45.410 performance profile window_ms=1000 frames=69 avg_ms total=1.731 housekeeping=0.129 bindings=0.369 diagnostics=0.003 colliders=0.207 axes=0.001 penis=0.332 penis_ownership=0.010 penis_gravity=0.006 penis_collision=0.022 penis_setup=0.013 penis_orientation=0.001 penis_translation=0.003 penis_solver=0.028 testicles=0.051 testicle_active=0.051 breasts=0.283 breasts_active=0.278 butt=0.073 butt_active=0.073 addons=0.271 addon_activation=0.103 addon_drive=0.112 addon_guard=0.002 addon_parent_pivot=0.000 addon_parent_translation=0.003 addon_parent_rotation=0.002 addon_gravity=0.002 addon_rotation_binding=0.011 addon_validation=0.089 addon_solver=0.054 addon_output=0.049 addon_cache=0.010 late=0.007 late_testicles=0.003 late_breasts=0.003 late_butt=0.000 traverse=0.000 addon_collision_body=0.000 addon_collision_self=0.000 addon_collision_addons=0.000 max_ms total=25.311 colliders=0.440 addons=1.438 calls late=69 traverse=0 body_collision=0 self_collision=0 addons_collision=0
2026-09-19 21:47:45.410 performance profile engine operation=symbols avg_ms=0.000000 max_call_ms=0.000000 calls_per_frame=0.00 window_ms=1000 frames=69 nested=1
2026-09-19 21:47:45.411 performance profile engine operation=find_object avg_ms=0.473864 max_call_ms=0.045000 calls_per_frame=1924.99 window_ms=1000 frames=69 nested=1
2026-09-19 21:47:45.411 performance profile engine operation=script_find avg_ms=0.000000 max_call_ms=0.000000 calls_per_frame=0.00 window_ms=1000 frames=69 nested=1
2026-09-19 21:47:45.411 performance profile engine operation=axis_lookup avg_ms=0.597090 max_call_ms=1.995000 calls_per_frame=44.49 window_ms=1000 frames=69 nested=1
2026-09-19 21:47:45.411 performance profile engine operation=pivot_query avg_ms=0.025832 max_call_ms=0.013000 calls_per_frame=93.00 window_ms=1000 frames=69 nested=1
2026-09-19 21:47:45.412 collision profile window_ms=1000 frames=69 avg_ms body_collection=0.024062 body_solve=0.003035 body_position=0.000070 body_refine=0.001816 body_velocity=0.000090 addon_prepare_query=0.000000 addon_coherent_solve=0.000000 addon_visible_solve=0.000000 room_sphere=0.000000 room_sweep=0.000000 room_single=0.000000
2026-09-19 21:47:45.412 collision profile window_ms=1000 frames=69 max_call_ms body_collection=0.061800 body_solve=0.002600 body_position=0.000100 body_refine=0.001500 body_velocity=0.000100 addon_prepare_query=0.000000 addon_coherent_solve=0.000000 addon_visible_solve=0.000000 room_sphere=0.000000 room_sweep=0.000000 room_single=0.000000
2026-09-19 21:47:45.412 collision profile window_ms=1000 frames=69 calls body_collection=172 body_solve=172 body_position=172 body_refine=172 body_velocity=172 addon_prepare_query=0 addon_coherent_solve=0 addon_visible_solve=0 room_sphere=0 room_sweep=0 room_single=0
2026-09-19 21:47:45.412 collision profile window_ms=1000 frames=69 counts body_contacts=0 body_passes=172 body_jacobians=0 body_predictions=516 addon_contacts=0 addon_passes=0 addon_gradients=0 room_nodes=0 room_triangles=0
2026-09-19 21:47:45.548 performance profile body-update person=Person02 system=penis update_rate_hz=-1 published_hz=61.2 sample_ms=5000
2026-09-19 21:47:46.073 single-bone contact system=breasts person=2 contacts=2 residual_local=0.000000 valid_mask=3 elapsed_ms=14 incoming_strength=1.000 translation=(-0.00050,0.00043,0.00036;-0.00035,0.00145,-0.00134) correction=(0.00000,0.00000,0.00000;-0.00003,0.00004,-0.00003) observed_world=(-0.64016,1.19464,1.82568;-0.75076,1.26228,1.76045) solved_world=(-0.64016,1.19464,1.82568;-0.75076,1.26228,1.76045)
2026-09-19 21:47:46.415 performance profile window_ms=1000 frames=77 avg_ms total=1.631 housekeeping=0.028 bindings=0.325 diagnostics=0.003 colliders=0.197 axes=0.098 penis=0.317 penis_ownership=0.010 penis_gravity=0.006 penis_collision=0.023 penis_setup=0.014 penis_orientation=0.001 penis_translation=0.003 penis_solver=0.028 testicles=0.055 testicle_active=0.054 breasts=0.265 breasts_active=0.260 butt=0.077 butt_active=0.077 addons=0.256 addon_activation=0.097 addon_drive=0.106 addon_guard=0.002 addon_parent_pivot=0.000 addon_parent_translation=0.004 addon_parent_rotation=0.002 addon_gravity=0.002 addon_rotation_binding=0.011 addon_validation=0.083 addon_solver=0.050 addon_output=0.047 addon_cache=0.010 late=0.007 late_testicles=0.003 late_breasts=0.003 late_butt=0.000 traverse=0.000 addon_collision_body=0.000 addon_collision_self=0.000 addon_collision_addons=0.000 max_ms total=24.739 colliders=0.401 addons=1.346 calls late=77 traverse=0 body_collision=0 self_collision=0 addons_collision=0
2026-09-19 21:47:46.416 performance profile engine operation=symbols avg_ms=0.000000 max_call_ms=0.000000 calls_per_frame=0.00 window_ms=1000 frames=77 nested=1
2026-09-19 21:47:46.416 performance profile engine operation=find_object avg_ms=0.504229 max_call_ms=0.073200 calls_per_frame=2083.51 window_ms=1000 frames=77 nested=1
2026-09-19 21:47:46.416 performance profile engine operation=script_find avg_ms=0.000000 max_call_ms=0.000000 calls_per_frame=0.00 window_ms=1000 frames=77 nested=1
2026-09-19 21:47:46.416 performance profile engine operation=axis_lookup avg_ms=0.639930 max_call_ms=1.989800 calls_per_frame=44.26 window_ms=1000 frames=77 nested=1
2026-09-19 21:47:46.416 performance profile engine operation=pivot_query avg_ms=0.024271 max_call_ms=0.073200 calls_per_frame=93.00 window_ms=1000 frames=77 nested=1
2026-09-19 21:47:46.417 collision profile window_ms=1000 frames=77 avg_ms body_collection=0.023521 body_solve=0.004742 body_position=0.000064 body_refine=0.003566 body_velocity=0.000075 addon_prepare_query=0.000000 addon_coherent_solve=0.000000 addon_visible_solve=0.000000 room_sphere=0.000000 room_sweep=0.000000 room_single=0.000000
2026-09-19 21:47:46.417 collision profile window_ms=1000 frames=77 max_call_ms body_collection=0.076200 body_solve=0.150900 body_position=0.000100 body_refine=0.149900 body_velocity=0.000100 addon_prepare_query=0.000000 addon_coherent_solve=0.000000 addon_visible_solve=0.000000 room_sphere=0.000000 room_sweep=0.000000 room_single=0.000000
2026-09-19 21:47:46.417 collision profile window_ms=1000 frames=77 calls body_collection=172 body_solve=172 body_position=172 body_refine=172 body_velocity=172 addon_prepare_query=0 addon_coherent_solve=0 addon_visible_solve=0 room_sphere=0 room_sweep=0 room_single=0
2026-09-19 21:47:46.417 collision profile window_ms=1000 frames=77 counts body_contacts=0 body_passes=172 body_jacobians=0 body_predictions=516 addon_contacts=0 addon_passes=0 addon_gradients=0 room_nodes=0 room_triangles=0
2026-09-19 21:47:47.072 single-bone contact system=breasts person=2 contacts=2 residual_local=0.000000 valid_mask=3 elapsed_ms=16 incoming_strength=1.000 translation=(-0.00050,0.00043,0.00036;-0.00035,0.00145,-0.00134) correction=(0.00000,0.00000,0.00000;-0.00004,0.00006,-0.00004) observed_world=(-0.64016,1.19464,1.82568;-0.75076,1.26228,1.76045) solved_world=(-0.64016,1.19464,1.82568;-0.75076,1.26228,1.76045)
2026-09-19 21:47:47.413 performance profile window_ms=1000 frames=70 avg_ms total=1.640 housekeeping=0.030 bindings=0.357 diagnostics=0.003 colliders=0.193 axes=0.054 penis=0.299 penis_ownership=0.009 penis_gravity=0.005 penis_collision=0.021 penis_setup=0.013 penis_orientation=0.001 penis_translation=0.003 penis_solver=0.027 testicles=0.050 testicle_active=0.050 breasts=0.291 breasts_active=0.286 butt=0.076 butt_active=0.075 addons=0.278 addon_activation=0.099 addon_drive=0.125 addon_guard=0.001 addon_parent_pivot=0.000 addon_parent_translation=0.003 addon_parent_rotation=0.002 addon_gravity=0.002 addon_rotation_binding=0.011 addon_validation=0.102 addon_solver=0.052 addon_output=0.048 addon_cache=0.009 late=0.006 late_testicles=0.003 late_breasts=0.003 late_butt=0.000 traverse=0.000 addon_collision_body=0.000 addon_collision_self=0.000 addon_collision_addons=0.000 max_ms total=24.860 colliders=0.377 addons=1.341 calls late=70 traverse=0 body_collision=0 self_collision=0 addons_collision=0
2026-09-19 21:47:47.413 performance profile engine operation=symbols avg_ms=0.000000 max_call_ms=0.000000 calls_per_frame=0.00 window_ms=1000 frames=70 nested=1
2026-09-19 21:47:47.413 performance profile engine operation=find_object avg_ms=0.486347 max_call_ms=0.069900 calls_per_frame=1995.27 window_ms=1000 frames=70 nested=1
2026-09-19 21:47:47.413 performance profile engine operation=script_find avg_ms=0.000000 max_call_ms=0.000000 calls_per_frame=0.00 window_ms=1000 frames=70 nested=1
2026-09-19 21:47:47.414 performance profile engine operation=axis_lookup avg_ms=0.615769 max_call_ms=1.976900 calls_per_frame=44.34 window_ms=1000 frames=70 nested=1
2026-09-19 21:47:47.414 performance profile engine operation=pivot_query avg_ms=0.022439 max_call_ms=0.005100 calls_per_frame=93.00 window_ms=1000 frames=70 nested=1
2026-09-19 21:47:47.414 collision profile window_ms=1000 frames=70 avg_ms body_collection=0.022521 body_solve=0.002936 body_position=0.000074 body_refine=0.001753 body_velocity=0.000084 addon_prepare_query=0.000000 addon_coherent_solve=0.000000 addon_visible_solve=0.000000 room_sphere=0.000000 room_sweep=0.000000 room_single=0.000000
2026-09-19 21:47:47.414 collision profile window_ms=1000 frames=70 max_call_ms body_collection=0.026600 body_solve=0.002400 body_position=0.000100 body_refine=0.001200 body_velocity=0.000100 addon_prepare_query=0.000000 addon_coherent_solve=0.000000 addon_visible_solve=0.000000 room_sphere=0.000000 room_sweep=0.000000 room_single=0.000000
2026-09-19 21:47:47.414 collision profile window_ms=1000 frames=70 calls body_collection=174 body_solve=174 body_position=174 body_refine=174 body_velocity=174 addon_prepare_query=0 addon_coherent_solve=0 addon_visible_solve=0 room_sphere=0 room_sweep=0 room_single=0
2026-09-19 21:47:47.414 collision profile window_ms=1000 frames=70 counts body_contacts=0 body_passes=174 body_jacobians=0 body_predictions=522 addon_contacts=0 addon_passes=0 addon_gradients=0 room_nodes=0 room_triangles=0
2026-09-19 21:47:48.028 performance profile body-update person=Person02 system=testicles update_rate_hz=-1 published_hz=70.8 sample_ms=5000
2026-09-19 21:47:48.073 single-bone contact system=breasts person=2 contacts=2 residual_local=0.000000 valid_mask=3 elapsed_ms=10 incoming_strength=1.000 translation=(-0.00050,0.00043,0.00036;-0.00035,0.00145,-0.00134) correction=(0.00000,0.00000,0.00000;-0.00002,0.00002,-0.00001) observed_world=(-0.64016,1.19464,1.82568;-0.75076,1.26228,1.76045) solved_world=(-0.64016,1.19464,1.82568;-0.75076,1.26228,1.76045)
2026-09-19 21:47:48.409 performance profile window_ms=1000 frames=78 avg_ms total=1.575 housekeeping=0.033 bindings=0.324 diagnostics=0.003 colliders=0.216 axes=0.050 penis=0.315 penis_ownership=0.016 penis_gravity=0.006 penis_collision=0.022 penis_setup=0.019 penis_orientation=0.001 penis_translation=0.003 penis_solver=0.027 testicles=0.057 testicle_active=0.056 breasts=0.241 breasts_active=0.236 butt=0.080 butt_active=0.079 addons=0.244 addon_activation=0.095 addon_drive=0.099 addon_guard=0.001 addon_parent_pivot=0.000 addon_parent_translation=0.004 addon_parent_rotation=0.002 addon_gravity=0.002 addon_rotation_binding=0.011 addon_validation=0.077 addon_solver=0.048 addon_output=0.044 addon_cache=0.010 late=0.007 late_testicles=0.003 late_breasts=0.003 late_butt=0.000 traverse=0.000 addon_collision_body=0.000 addon_collision_self=0.000 addon_collision_addons=0.000 max_ms total=25.201 colliders=0.626 addons=1.290 calls late=78 traverse=0 body_collision=0 self_collision=0 addons_collision=0
2026-09-19 21:47:48.409 performance profile engine operation=symbols avg_ms=0.000000 max_call_ms=0.000000 calls_per_frame=0.00 window_ms=1000 frames=78 nested=1
2026-09-19 21:47:48.410 performance profile engine operation=find_object avg_ms=0.451214 max_call_ms=0.181100 calls_per_frame=1795.60 window_ms=1000 frames=78 nested=1
2026-09-19 21:47:48.410 performance profile engine operation=script_find avg_ms=0.000000 max_call_ms=0.000000 calls_per_frame=0.00 window_ms=1000 frames=78 nested=1
2026-09-19 21:47:48.410 performance profile engine operation=axis_lookup avg_ms=0.571346 max_call_ms=2.242900 calls_per_frame=44.15 window_ms=1000 frames=78 nested=1
2026-09-19 21:47:48.410 performance profile engine operation=pivot_query avg_ms=0.025228 max_call_ms=0.010800 calls_per_frame=93.00 window_ms=1000 frames=78 nested=1
2026-09-19 21:47:48.410 collision profile window_ms=1000 frames=78 avg_ms body_collection=0.022921 body_solve=0.003638 body_position=0.000077 body_refine=0.001644 body_velocity=0.000083 addon_prepare_query=0.000000 addon_coherent_solve=0.000000 addon_visible_solve=0.000000 room_sphere=0.000000 room_sweep=0.000000 room_single=0.000000
2026-09-19 21:47:48.410 collision profile window_ms=1000 frames=78 max_call_ms body_collection=0.036600 body_solve=0.065600 body_position=0.000100 body_refine=0.001300 body_velocity=0.000100 addon_prepare_query=0.000000 addon_coherent_solve=0.000000 addon_visible_solve=0.000000 room_sphere=0.000000 room_sweep=0.000000 room_single=0.000000
2026-09-19 21:47:48.410 collision profile window_ms=1000 frames=78 calls body_collection=176 body_solve=176 body_position=176 body_refine=176 body_velocity=176 addon_prepare_query=0 addon_coherent_solve=0 addon_visible_solve=0 room_sphere=0 room_sweep=0 room_single=0
2026-09-19 21:47:48.410 collision profile window_ms=1000 frames=78 counts body_contacts=0 body_passes=176 body_jacobians=0 body_predictions=528 addon_contacts=0 addon_passes=0 addon_gradients=0 room_nodes=0 room_triangles=0
2026-09-19 21:47:49.073 single-bone contact system=breasts person=2 contacts=2 residual_local=0.000000 valid_mask=3 elapsed_ms=15 incoming_strength=1.000 translation=(-0.00050,0.00043,0.00036;-0.00035,0.00145,-0.00134) correction=(0.00000,0.00000,0.00000;-0.00003,0.00005,-0.00003) observed_world=(-0.70223,1.19222,1.81882;-0.80920,1.25975,1.74769) solved_world=(-0.70223,1.19222,1.81882;-0.80920,1.25975,1.74769)
2026-09-19 21:47:49.293 performance profile body-update person=Person02 system=breasts update_rate_hz=-1 published_hz=75.4 sample_ms=5000
2026-09-19 21:47:49.296 performance profile body-update person=Person02 system=butt update_rate_hz=-1 published_hz=75.4 sample_ms=5000
2026-09-19 21:47:49.410 performance profile window_ms=1000 frames=84 avg_ms total=1.626 housekeeping=0.036 bindings=0.306 diagnostics=0.004 colliders=0.246 axes=0.048 penis=0.317 penis_ownership=0.030 penis_gravity=0.007 penis_collision=0.025 penis_setup=0.034 penis_orientation=0.001 penis_translation=0.004 penis_solver=0.029 testicles=0.054 testicle_active=0.054 breasts=0.259 breasts_active=0.252 butt=0.089 butt_active=0.089 addons=0.252 addon_activation=0.098 addon_drive=0.098 addon_guard=0.002 addon_parent_pivot=0.000 addon_parent_translation=0.004 addon_parent_rotation=0.002 addon_gravity=0.002 addon_rotation_binding=0.011 addon_validation=0.075 addon_solver=0.053 addon_output=0.049 addon_cache=0.013 late=0.007 late_testicles=0.003 late_breasts=0.003 late_butt=0.000 traverse=0.000 addon_collision_body=0.000 addon_collision_self=0.000 addon_collision_addons=0.000 max_ms total=25.680 colliders=0.540 addons=1.162 calls late=84 traverse=0 body_collision=0 self_collision=0 addons_collision=0
2026-09-19 21:47:49.410 performance profile engine operation=symbols avg_ms=0.000000 max_call_ms=0.000000 calls_per_frame=0.00 window_ms=1000 frames=84 nested=1
2026-09-19 21:47:49.410 performance profile engine operation=find_object avg_ms=0.444715 max_call_ms=0.058800 calls_per_frame=1751.74 window_ms=1000 frames=84 nested=1
2026-09-19 21:47:49.410 performance profile engine operation=script_find avg_ms=0.000000 max_call_ms=0.000000 calls_per_frame=0.00 window_ms=1000 frames=84 nested=1
2026-09-19 21:47:49.410 performance profile engine operation=axis_lookup avg_ms=0.560788 max_call_ms=2.079000 calls_per_frame=43.95 window_ms=1000 frames=84 nested=1
2026-09-19 21:47:49.410 performance profile engine operation=pivot_query avg_ms=0.026657 max_call_ms=0.004300 calls_per_frame=93.00 window_ms=1000 frames=84 nested=1
2026-09-19 21:47:49.410 collision profile window_ms=1000 frames=84 avg_ms body_collection=0.026505 body_solve=0.002915 body_position=0.000071 body_refine=0.001600 body_velocity=0.000071 addon_prepare_query=0.000000 addon_coherent_solve=0.000000 addon_visible_solve=0.000000 room_sphere=0.000000 room_sweep=0.000000 room_single=0.000000
2026-09-19 21:47:49.411 collision profile window_ms=1000 frames=84 max_call_ms body_collection=0.079600 body_solve=0.003900 body_position=0.000100 body_refine=0.001500 body_velocity=0.000100 addon_prepare_query=0.000000 addon_coherent_solve=0.000000 addon_visible_solve=0.000000 room_sphere=0.000000 room_sweep=0.000000 room_single=0.000000
2026-09-19 21:47:49.411 collision profile window_ms=1000 frames=84 calls body_collection=182 body_solve=182 body_position=182 body_refine=182 body_velocity=182 addon_prepare_query=0 addon_coherent_solve=0 addon_visible_solve=0 room_sphere=0 room_sweep=0 room_single=0
2026-09-19 21:47:49.411 collision profile window_ms=1000 frames=84 counts body_contacts=0 body_passes=182 body_jacobians=0 body_predictions=546 addon_contacts=0 addon_passes=0 addon_gradients=0 room_nodes=0 room_triangles=0
2026-09-19 21:47:50.078 single-bone contact system=breasts person=2 contacts=2 residual_local=0.000000 valid_mask=3 elapsed_ms=12 incoming_strength=1.000 translation=(-0.00050,0.00043,0.00036;-0.00035,0.00145,-0.00134) correction=(0.00000,0.00000,0.00000;-0.00002,0.00003,-0.00002) observed_world=(-0.70052,1.19479,1.81958;-0.80751,1.26222,1.74839) solved_world=(-0.70052,1.19479,1.81958;-0.80751,1.26222,1.74839)
2026-09-19 21:47:50.413 performance profile window_ms=1000 frames=83 avg_ms total=1.637 housekeeping=0.112 bindings=0.299 diagnostics=0.004 colliders=0.238 axes=0.047 penis=0.314 penis_ownership=0.029 penis_gravity=0.006 penis_collision=0.023 penis_setup=0.034 penis_orientation=0.001 penis_translation=0.004 penis_solver=0.027 testicles=0.053 testicle_active=0.052 breasts=0.228 breasts_active=0.221 butt=0.082 butt_active=0.082 addons=0.248 addon_activation=0.095 addon_drive=0.099 addon_guard=0.002 addon_parent_pivot=0.000 addon_parent_translation=0.004 addon_parent_rotation=0.002 addon_gravity=0.002 addon_rotation_binding=0.011 addon_validation=0.076 addon_solver=0.052 addon_output=0.048 addon_cache=0.011 late=0.006 late_testicles=0.003 late_breasts=0.003 late_butt=0.000 traverse=0.000 addon_collision_body=0.000 addon_collision_self=0.000 addon_collision_addons=0.000 max_ms total=25.059 colliders=0.484 addons=1.183 calls late=83 traverse=0 body_collision=0 self_collision=0 addons_collision=0
2026-09-19 21:47:50.413 performance profile engine operation=symbols avg_ms=0.000000 max_call_ms=0.000000 calls_per_frame=0.00 window_ms=1000 frames=83 nested=1
2026-09-19 21:47:50.414 performance profile engine operation=find_object avg_ms=0.426058 max_call_ms=0.069800 calls_per_frame=1690.20 window_ms=1000 frames=83 nested=1
2026-09-19 21:47:50.414 performance profile engine operation=script_find avg_ms=0.000000 max_call_ms=0.000000 calls_per_frame=0.00 window_ms=1000 frames=83 nested=1
2026-09-19 21:47:50.414 performance profile engine operation=axis_lookup avg_ms=0.535522 max_call_ms=2.031400 calls_per_frame=43.90 window_ms=1000 frames=83 nested=1
2026-09-19 21:47:50.414 performance profile engine operation=pivot_query avg_ms=0.024484 max_call_ms=0.013300 calls_per_frame=93.00 window_ms=1000 frames=83 nested=1
2026-09-19 21:47:50.414 collision profile window_ms=1000 frames=83 avg_ms body_collection=0.024955 body_solve=0.002889 body_position=0.000066 body_refine=0.001610 body_velocity=0.000070 addon_prepare_query=0.000000 addon_coherent_solve=0.000000 addon_visible_solve=0.000000 room_sphere=0.000000 room_sweep=0.000000 room_single=0.000000
2026-09-19 21:47:50.415 collision profile window_ms=1000 frames=83 max_call_ms body_collection=0.034600 body_solve=0.005800 body_position=0.000100 body_refine=0.005500 body_velocity=0.000100 addon_prepare_query=0.000000 addon_coherent_solve=0.000000 addon_visible_solve=0.000000 room_sphere=0.000000 room_sweep=0.000000 room_single=0.000000
2026-09-19 21:47:50.415 collision profile window_ms=1000 frames=83 calls body_collection=178 body_solve=178 body_position=178 body_refine=178 body_velocity=178 addon_prepare_query=0 addon_coherent_solve=0 addon_visible_solve=0 room_sphere=0 room_sweep=0 room_single=0
2026-09-19 21:47:50.415 collision profile window_ms=1000 frames=83 counts body_contacts=0 body_passes=178 body_jacobians=0 body_predictions=534 addon_contacts=0 addon_passes=0 addon_gradients=0 room_nodes=0 room_triangles=0
2026-09-19 21:47:50.544 performance profile body-update person=Person02 system=penis update_rate_hz=-1 published_hz=79.0 sample_ms=5000
2026-09-19 21:47:51.079 single-bone contact system=breasts person=2 contacts=2 residual_local=0.000000 valid_mask=3 elapsed_ms=15 incoming_strength=1.000 translation=(-0.00050,0.00043,0.00036;-0.00035,0.00145,-0.00134) correction=(0.00000,0.00000,0.00000;-0.00003,0.00005,-0.00003) observed_world=(-0.70269,1.18920,1.81979;-0.80949,1.25686,1.74851) solved_world=(-0.70269,1.18920,1.81979;-0.80949,1.25686,1.74851)
2026-09-19 21:47:51.469 performance profile window_ms=1047 frames=80 avg_ms total=1.565 housekeeping=0.031 bindings=0.322 diagnostics=0.003 colliders=0.205 axes=0.048 penis=0.304 penis_ownership=0.015 penis_gravity=0.006 penis_collision=0.021 penis_setup=0.019 penis_orientation=0.001 penis_translation=0.003 penis_solver=0.027 testicles=0.050 testicle_active=0.049 breasts=0.282 breasts_active=0.277 butt=0.076 butt_active=0.075 addons=0.232 addon_activation=0.089 addon_drive=0.098 addon_guard=0.001 addon_parent_pivot=0.000 addon_parent_translation=0.002 addon_parent_rotation=0.002 addon_gravity=0.002 addon_rotation_binding=0.010 addon_validation=0.079 addon_solver=0.043 addon_output=0.039 addon_cache=0.011 late=0.006 late_testicles=0.003 late_breasts=0.003 late_butt=0.000 traverse=0.000 addon_collision_body=0.000 addon_collision_self=0.000 addon_collision_addons=0.000 max_ms total=28.527 colliders=0.510 addons=0.935 calls late=80 traverse=0 body_collision=0 self_collision=0 addons_collision=0
2026-09-19 21:47:51.469 performance profile engine operation=symbols avg_ms=0.000000 max_call_ms=0.000000 calls_per_frame=0.00 window_ms=1047 frames=80 nested=1
2026-09-19 21:47:51.470 performance profile engine operation=find_object avg_ms=0.472270 max_call_ms=0.037300 calls_per_frame=1921.92 window_ms=1047 frames=80 nested=1
2026-09-19 21:47:51.470 performance profile engine operation=script_find avg_ms=0.000000 max_call_ms=0.000000 calls_per_frame=0.00 window_ms=1047 frames=80 nested=1
2026-09-19 21:47:51.470 performance profile engine operation=axis_lookup avg_ms=0.595811 max_call_ms=1.990800 calls_per_frame=43.95 window_ms=1047 frames=80 nested=1
2026-09-19 21:47:51.470 performance profile engine operation=pivot_query avg_ms=0.023046 max_call_ms=0.006700 calls_per_frame=93.00 window_ms=1047 frames=80 nested=1
2026-09-19 21:47:51.470 collision profile window_ms=1047 frames=80 avg_ms body_collection=0.022154 body_solve=0.002819 body_position=0.000068 body_refine=0.001635 body_velocity=0.000077 addon_prepare_query=0.000000 addon_coherent_solve=0.000000 addon_visible_solve=0.000000 room_sphere=0.000000 room_sweep=0.000000 room_single=0.000000
2026-09-19 21:47:51.470 collision profile window_ms=1047 frames=80 max_call_ms body_collection=0.043700 body_solve=0.003500 body_position=0.000100 body_refine=0.001400 body_velocity=0.000100 addon_prepare_query=0.000000 addon_coherent_solve=0.000000 addon_visible_solve=0.000000 room_sphere=0.000000 room_sweep=0.000000 room_single=0.000000
2026-09-19 21:47:51.470 collision profile window_ms=1047 frames=80 calls body_collection=180 body_solve=180 body_position=180 body_refine=180 body_velocity=180 addon_prepare_query=0 addon_coherent_solve=0 addon_visible_solve=0 room_sphere=0 room_sweep=0 room_single=0
2026-09-19 21:47:51.471 collision profile window_ms=1047 frames=80 counts body_contacts=0 body_passes=180 body_jacobians=0 body_predictions=540 addon_contacts=0 addon_passes=0 addon_gradients=0 room_nodes=0 room_triangles=0
2026-09-19 21:47:52.071 single-bone contact system=breasts person=2 contacts=2 residual_local=0.000000 valid_mask=3 elapsed_ms=10 incoming_strength=1.000 translation=(-0.00050,0.00043,0.00036;-0.00035,0.00145,-0.00134) correction=(0.00000,0.00000,0.00000;-0.00002,0.00002,-0.00001) observed_world=(-0.70269,1.18920,1.81979;-0.80949,1.25686,1.74851) solved_world=(-0.70269,1.18920,1.81979;-0.80949,1.25686,1.74851)
2026-09-19 21:47:52.464 performance profile window_ms=1000 frames=94 avg_ms total=1.500 housekeeping=0.110 bindings=0.252 diagnostics=0.004 colliders=0.229 axes=0.042 penis=0.271 penis_ownership=0.010 penis_gravity=0.006 penis_collision=0.023 penis_setup=0.014 penis_orientation=0.001 penis_translation=0.004 penis_solver=0.027 testicles=0.054 testicle_active=0.054 breasts=0.228 breasts_active=0.221 butt=0.082 butt_active=0.082 addons=0.213 addon_activation=0.086 addon_drive=0.081 addon_guard=0.001 addon_parent_pivot=0.000 addon_parent_translation=0.002 addon_parent_rotation=0.002 addon_gravity=0.002 addon_rotation_binding=0.010 addon_validation=0.062 addon_solver=0.044 addon_output=0.040 addon_cache=0.013 late=0.007 late_testicles=0.003 late_breasts=0.003 late_butt=0.000 traverse=0.000 addon_collision_body=0.000 addon_collision_self=0.000 addon_collision_addons=0.000 max_ms total=23.472 colliders=0.443 addons=0.972 calls late=94 traverse=0 body_collision=0 self_collision=0 addons_collision=0
2026-09-19 21:47:52.464 performance profile engine operation=symbols avg_ms=0.000000 max_call_ms=0.000000 calls_per_frame=0.00 window_ms=1000 frames=94 nested=1
2026-09-19 21:47:52.464 performance profile engine operation=find_object avg_ms=0.389289 max_call_ms=0.024800 calls_per_frame=1497.82 window_ms=1000 frames=94 nested=1
2026-09-19 21:47:52.465 performance profile engine operation=script_find avg_ms=0.000000 max_call_ms=0.000000 calls_per_frame=0.00 window_ms=1000 frames=94 nested=1
2026-09-19 21:47:52.465 performance profile engine operation=axis_lookup avg_ms=0.487072 max_call_ms=2.047100 calls_per_frame=43.47 window_ms=1000 frames=94 nested=1
2026-09-19 21:47:52.465 performance profile engine operation=pivot_query avg_ms=0.025273 max_call_ms=0.003800 calls_per_frame=93.00 window_ms=1000 frames=94 nested=1
2026-09-19 21:47:52.465 collision profile window_ms=1000 frames=94 avg_ms body_collection=0.024245 body_solve=0.002855 body_position=0.000069 body_refine=0.001565 body_velocity=0.000090 addon_prepare_query=0.000000 addon_coherent_solve=0.000000 addon_visible_solve=0.000000 room_sphere=0.000000 room_sweep=0.000000 room_single=0.000000
2026-09-19 21:47:52.465 collision profile window_ms=1000 frames=94 max_call_ms body_collection=0.038000 body_solve=0.003600 body_position=0.000100 body_refine=0.001400 body_velocity=0.000100 addon_prepare_query=0.000000 addon_coherent_solve=0.000000 addon_visible_solve=0.000000 room_sphere=0.000000 room_sweep=0.000000 room_single=0.000000
2026-09-19 21:47:52.465 collision profile window_ms=1000 frames=94 calls body_collection=198 body_solve=198 body_position=198 body_refine=198 body_velocity=198 addon_prepare_query=0 addon_coherent_solve=0 addon_visible_solve=0 room_sphere=0 room_sweep=0 room_single=0
2026-09-19 21:47:52.466 collision profile window_ms=1000 frames=94 counts body_contacts=0 body_passes=198 body_jacobians=0 body_predictions=594 addon_contacts=0 addon_passes=0 addon_gradients=0 room_nodes=0 room_triangles=0
2026-09-19 21:47:52.813 physics room lifecycle command=Exit note="wind and room bone bindings retired before native disposal; shutdown=1"
